day,-81.4509,-75.1649,-70.8119,-67.2531,-64.1581,-61.3754,-58.8212,-56.4427,-54.2046,-52.0818,-50.0555,-48.1114,-46.2383,-44.427,-42.6702,-40.9618,-39.2965,-37.6699,-36.0782,-34.5181,-32.9867,-31.4814,-30.0,-28.5404,-27.1007,-25.6793,-24.2747,-22.8854,-21.5102,-20.1479,-18.7974,-17.4576,-16.1276,-14.8065,-13.4934,-12.1875,-10.8879,-9.5941,-8.3051,-7.0204,-5.7392,-4.4608,-3.1847,-1.9102,-0.6366,0.6366,1.9102,3.1847,4.4608,5.7392,7.0204,8.3051,9.5941,10.8879,12.1875,13.4934,14.8065,16.1276,17.4576,18.7974,20.1479,21.5102,22.8854,24.2747,25.6793,27.1007,28.5404,30.0,31.4814,32.9867,34.5181,36.0782,37.6699,39.2965,40.9618,42.6702,44.427,46.2383,48.1114,50.0555,52.0818,54.2046,56.4427,58.8212,61.3754,64.1581,67.2531,70.8119,75.1649,81.4509
1.0,277.2808,278.8141,280.4219,282.063,283.7036,285.3196,286.8956,288.4216,289.8925,291.3056,292.6603,293.9571,295.1973,296.3823,297.514,298.594,299.624,300.6057,301.5403,302.4293,303.2739,304.0751,304.834,305.5513,306.228,306.8648,307.4623,308.0212,308.542,309.0252,309.4714,309.8808,310.254,310.5912,310.8928,311.1591,311.3903,311.5867,311.7484,311.8757,311.9687,312.0274,312.0521,312.0428,311.9995,311.9223,311.8111,311.666,311.4868,311.2736,311.0261,310.7444,310.4281,310.0773,309.6915,309.2707,308.8146,308.3228,307.795,307.2309,306.63,305.992,305.3164,304.6026,303.8501,303.0584,302.2267,301.3544,300.4408,299.485,298.4862,297.4436,296.3561,295.2229,294.0429,292.815,291.5382,290.2114,288.8335,287.4033,285.9193,284.379,282.7768,281.0991,279.3078,277.2968,274.7824,271.1713,267.4883,263.6867
2.0,277.2501,278.7948,280.4085,282.053,283.6954,285.3126,286.8892,288.4158,289.8871,291.3006,292.6557,293.953,295.1935,296.379,297.5111,298.5915,299.622,300.604,301.539,302.4283,303.2732,304.0748,304.8339,305.5515,306.2285,306.8655,307.4633,308.0224,308.5434,309.0268,309.4732,309.8828,310.2561,310.5935,310.8953,311.1618,311.3931,311.5897,311.7515,311.879,311.9721,312.031,312.0558,312.0466,312.0034,311.9263,311.8152,311.6701,311.4911,311.2779,311.0305,310.7488,310.4326,310.0818,309.6961,309.2754,308.8192,308.3274,307.7997,307.2356,306.6347,305.9967,305.3211,304.6073,303.8548,303.063,302.2313,301.3589,300.4452,299.4893,298.4905,297.4477,296.3602,295.2268,294.0466,292.8186,291.5416,290.2146,288.8364,287.4059,285.9213,284.3801,282.7764,281.0956,279.2983,277.2763,274.7504,271.1652,267.5054,263.7241
3.0,277.2186,278.7745,280.3941,282.042,283.6863,285.3047,286.882,288.4092,289.8809,291.2948,292.6504,293.9481,295.1891,296.375,297.5075,298.5884,299.6192,300.6016,301.537,302.4268,303.272,304.0739,304.8333,305.5512,306.2285,306.8658,307.4638,308.0232,308.5444,309.0281,309.4746,309.8845,310.258,310.5956,310.8976,311.1642,311.3958,311.5925,311.7545,311.8821,311.9754,312.0344,312.0594,312.0503,312.0072,311.9302,311.8193,311.6743,311.4954,311.2823,311.035,310.7534,310.4373,310.0866,309.7009,309.2802,308.8241,308.3324,307.8047,307.2406,306.6398,306.0018,305.3262,304.6124,303.8599,303.0681,302.2363,301.3639,300.4502,299.4942,298.4953,297.4525,296.3648,295.2314,294.0511,292.8229,291.5457,290.2185,288.8401,287.4092,285.9242,284.3821,282.7768,281.0929,279.2894,277.2568,274.721,271.163,267.528,263.7692
4.0,277.1864,278.7533,280.3788,282.03,283.6763,285.2958,286.8739,288.4016,289.8739,291.2882,292.6442,293.9424,295.1839,296.3703,297.5033,298.5846,299.6159,300.5987,301.5345,302.4246,303.2702,304.0724,304.8322,305.5505,306.228,306.8656,307.4639,308.0235,308.5451,309.029,309.4758,309.8858,310.2596,310.5974,310.8996,311.1664,311.3982,311.5951,311.7573,311.8851,311.9785,312.0378,312.0629,312.054,312.0111,311.9342,311.8234,311.6786,311.4997,311.2868,311.0396,310.7581,310.4421,310.0915,309.7059,309.2853,308.8293,308.3376,307.81,307.246,306.6452,306.0072,305.3316,304.6179,303.8654,303.0736,302.2418,301.3694,300.4556,299.4997,298.5007,297.4578,296.3701,295.2366,294.0562,292.8279,291.5506,290.2232,288.8446,287.4133,285.9277,284.3848,282.7779,281.0909,279.2813,277.2386,274.694,271.1644,267.5558,263.8216
5.0,277.1535,278.7312,280.3626,282.0171,283.6654,285.2861,286.865,288.3933,289.866,291.2809,292.6373,293.9359,295.1779,296.3648,297.4983,298.5801,299.6118,300.5951,301.5313,302.4218,303.2678,304.0704,304.8305,305.5492,306.227,306.865,307.4636,308.0235,308.5453,309.0295,309.4765,309.8869,310.2609,310.599,310.9014,311.1684,311.4004,311.5975,311.76,311.8879,311.9816,312.041,312.0663,312.0576,312.0148,311.9381,311.8275,311.6828,311.5041,311.2913,311.0443,310.7629,310.4471,310.0965,309.7111,309.2906,308.8347,308.3431,307.8156,307.2516,306.6509,306.013,305.3375,304.6238,303.8713,303.0795,302.2478,301.3754,300.4616,299.5057,298.5067,297.4638,296.376,295.2424,294.0619,292.8336,291.5562,290.2286,288.8498,287.4182,285.9321,284.3883,282.7798,281.0896,279.274,277.2215,274.6695,271.1695,267.5887,263.881
6.0,277.1198,278.7082,280.3454,282.0033,283.6535,285.2754,286.8552,288.3841,289.8573,291.2727,292.6296,293.9288,295.1712,296.3586,297.4926,298.5749,299.6071,300.5909,301.5275,302.4185,303.2649,304.0679,304.8284,305.5474,306.2256,306.8638,307.4628,308.023,308.5451,309.0296,309.477,309.8876,310.2619,310.6002,310.9029,311.1702,311.4024,311.5998,311.7624,311.8906,311.9845,312.0441,312.0696,312.0611,312.0186,311.9421,311.8316,311.6871,311.5086,311.296,311.0491,310.7679,310.4522,310.1018,309.7165,309.2961,308.8404,308.3489,307.8214,307.2576,306.657,306.0192,305.3437,304.6301,303.8777,303.086,302.2543,301.3819,300.4682,299.5122,298.5132,297.4703,296.3825,295.2489,294.0684,292.8399,291.5624,290.2348,288.8557,287.4239,285.9373,284.3926,282.7824,281.089,279.2675,277.2057,274.6474,271.1781,267.6264,263.9473
7.0,277.0856,278.6843,280.3273,281.9885,283.6408,285.2639,286.8445,288.374,289.8478,291.2637,292.6212,293.9208,295.1638,296.3518,297.4863,298.5691,299.6018,300.586,301.5231,302.4145,303.2614,304.0648,304.8257,305.545,306.2237,306.8623,307.4615,308.0221,308.5446,309.0294,309.477,309.8879,310.2625,310.6012,310.9041,311.1717,311.4042,311.6018,311.7647,311.8932,311.9873,312.0471,312.0729,312.0646,312.0223,311.946,311.8357,311.6915,311.5131,311.3007,311.054,310.773,310.4574,310.1072,309.7221,309.3019,308.8462,308.3549,307.8276,307.2639,306.6634,306.0257,305.3503,304.6368,303.8845,303.0928,302.2612,301.3889,300.4752,299.5193,298.5203,297.4774,296.3896,295.256,294.0755,292.847,291.5694,290.2416,288.8624,287.4303,285.9432,284.3977,282.7858,281.0892,279.2618,277.1911,274.6278,271.1901,267.6689,264.0201
8.0,277.0507,278.6595,280.3083,281.9729,283.6271,285.2516,286.833,288.3631,289.8375,291.2539,292.612,293.9121,295.1557,296.3442,297.4792,298.5625,299.5958,300.5805,301.5181,302.41,303.2573,304.0611,304.8225,305.5422,306.2212,306.8602,307.4599,308.0208,308.5436,309.0287,309.4767,309.888,310.2629,310.6018,310.9051,311.173,311.4057,311.6036,311.7668,311.8956,311.9899,312.0501,312.0761,312.068,312.0259,311.9499,311.8399,311.6958,311.5177,311.3055,311.059,310.7782,310.4628,310.1128,309.7279,309.3078,308.8523,308.3612,307.834,307.2704,306.6701,306.0325,305.3573,304.6439,303.8917,303.1001,302.2686,301.3964,300.4827,299.5269,298.528,297.4851,296.3974,295.2638,294.0832,292.8547,291.5771,290.2492,288.8699,287.4375,285.95,284.4035,282.79,281.0901,279.2569,277.1778,274.6106,271.2055,267.7161,264.0995
9.0,277.0154,278.634,280.2884,281.9563,283.6126,285.2383,286.8206,288.3515,289.8264,291.2434,292.602,293.9027,295.1468,296.3359,297.4715,298.5553,299.5891,300.5744,301.5125,302.4049,303.2526,304.0569,304.8187,305.5389,306.2183,306.8577,307.4578,308.0191,308.5422,309.0277,309.4761,309.8877,310.2629,310.6022,310.9058,311.174,311.4071,311.6053,311.7688,311.8978,311.9924,312.0528,312.0791,312.0713,312.0295,311.9537,311.844,311.7002,311.5223,311.3103,311.0641,310.7835,310.4683,310.1185,309.7338,309.3139,308.8587,308.3677,307.8407,307.2773,306.6771,306.0397,305.3646,304.6513,303.8993,303.1079,302.2765,301.4044,300.4908,299.535,298.5362,297.4934,296.4057,295.2722,294.0916,292.8631,291.5855,290.2576,288.8781,287.4455,285.9575,284.4101,282.7949,281.0918,279.2529,277.1658,274.5958,271.2243,267.7678,264.1853
10.0,276.9795,278.6076,280.2676,281.9389,283.5972,285.2242,286.8074,288.3389,289.8145,291.2321,292.5912,293.8925,295.1372,296.3269,297.463,298.5475,299.5818,300.5676,301.5063,302.3992,303.2474,304.0522,304.8144,305.5351,306.2149,306.8547,307.4552,308.0169,308.5405,309.0264,309.4751,309.887,310.2626,310.6022,310.9062,311.1747,311.4081,311.6067,311.7705,311.8998,311.9948,312.0555,312.0821,312.0746,312.0331,311.9576,311.8481,311.7046,311.527,311.3152,311.0692,310.7889,310.474,310.1244,309.7399,309.3203,308.8652,308.3745,307.8477,307.2845,306.6845,306.0473,305.3723,304.6592,303.9073,303.116,302.2848,301.4128,300.4994,299.5437,298.545,297.5023,296.4147,295.2812,294.1007,292.8722,291.5946,290.2666,288.887,287.4542,285.9658,284.4175,282.8006,281.0943,279.2498,277.1552,274.5834,271.2463,267.824,264.2774
11.0,276.9432,278.5804,280.246,281.9206,283.581,285.2092,286.7933,288.3256,289.8018,291.22,292.5797,293.8816,295.1269,296.3171,297.4539,298.539,299.5739,300.5602,301.4994,302.3928,303.2416,304.0469,304.8096,305.5307,306.211,306.8513,307.4522,308.0143,308.5383,309.0246,309.4737,309.886,310.262,310.602,310.9063,311.1752,311.409,311.6079,311.7721,311.9017,311.997,312.0581,312.085,312.0778,312.0366,311.9614,311.8522,311.7089,311.5316,311.3202,311.0745,310.7944,310.4798,310.1304,309.7462,309.3268,308.872,308.3814,307.8549,307.2919,306.6921,306.0551,305.3804,304.6674,303.9157,303.1246,302.2935,301.4217,300.5084,299.5529,298.5543,297.5117,296.4242,295.2908,294.1104,292.882,291.6044,290.2764,288.8967,287.4637,285.9748,284.4257,282.8071,281.0976,279.2476,277.146,274.5734,271.2716,267.8845,264.3755
12.0,276.9064,278.5525,280.2236,281.9014,283.5638,285.1935,286.7785,288.3115,289.7883,291.2071,292.5675,293.87,295.1159,296.3067,297.4441,298.5298,299.5653,300.5522,301.492,302.3859,303.2352,304.041,304.8042,305.5258,306.2066,306.8474,307.4487,308.0113,308.5357,309.0224,309.4719,309.8847,310.2611,310.6015,310.9062,311.1755,311.4096,311.6089,311.7734,311.9034,311.9991,312.0605,312.0877,312.0809,312.04,311.9651,311.8562,311.7133,311.5363,311.3252,311.0798,310.8,310.4856,310.1366,309.7526,309.3335,308.8789,308.3887,307.8624,307.2996,306.7001,306.0633,305.3888,304.6761,303.9246,303.1337,302.3027,301.4311,300.518,299.5626,298.5642,297.5218,296.4344,295.3011,294.1208,292.8924,291.6149,290.2869,288.9072,287.4739,285.9847,284.4347,282.8143,281.1016,279.2464,277.1381,274.5657,271.3001,267.9493,264.4792
13.0,276.8692,278.5238,280.2003,281.8814,283.5459,285.1768,286.7628,288.2966,289.7741,291.1935,292.5545,293.8576,295.1042,296.2956,297.4336,298.5199,299.556,300.5436,301.4839,302.3784,303.2283,304.0346,304.7984,305.5205,306.2018,306.843,307.4448,308.0078,308.5327,309.0199,309.4698,309.883,310.2598,310.6006,310.9057,311.1754,311.41,311.6096,311.7746,311.905,312.001,312.0627,312.0904,312.0839,312.0434,311.9688,311.8603,311.7177,311.541,311.3302,311.0851,310.8056,310.4916,310.1429,309.7592,309.3404,308.8861,308.3961,307.8701,307.3076,306.7083,306.0718,305.3975,304.6851,303.9338,303.1431,302.3124,301.441,300.5281,299.5729,298.5746,297.5323,296.4451,295.312,294.1318,292.9036,291.6261,290.2982,288.9184,287.485,285.9953,284.4444,282.8223,281.1065,279.2461,277.1317,274.5604,271.3317,268.0183,264.5885
14.0,276.8317,278.4944,280.1762,281.8606,283.5271,285.1594,286.7463,288.2809,289.7591,291.1791,292.5407,293.8445,295.0917,296.2838,297.4225,298.5094,299.5461,300.5343,301.4752,302.3703,303.2208,304.0276,304.7919,305.5146,306.1964,306.8381,307.4404,308.004,308.5293,309.0169,309.4673,309.881,310.2583,310.5995,310.905,311.1751,311.4101,311.6102,311.7755,311.9063,312.0027,312.0649,312.0929,312.0868,312.0466,311.9725,311.8643,311.7221,311.5458,311.3353,311.0906,310.8114,310.4977,310.1493,309.766,309.3474,308.8935,308.4038,307.8781,307.3159,306.7169,306.0806,305.4066,304.6944,303.9434,303.1529,302.3225,301.4513,300.5386,299.5836,298.5856,297.5435,296.4564,295.3234,294.1434,292.9153,291.638,290.3101,288.9303,287.4967,286.0066,284.4549,282.8311,281.1122,279.2467,277.1267,274.5574,271.3664,268.0913,264.7032
15.0,276.7939,278.4643,280.1513,281.8389,283.5075,285.1411,286.729,288.2644,289.7433,291.164,292.5262,293.8307,295.0785,296.2713,297.4107,298.4982,299.5356,300.5244,301.466,302.3617,303.2127,304.0201,304.785,305.5082,306.1905,306.8328,307.4356,307.9996,308.5255,309.0136,309.4645,309.8786,310.2563,310.598,310.904,311.1746,311.41,311.6105,311.7763,311.9075,312.0043,312.0669,312.0953,312.0896,312.0499,311.9761,311.8683,311.7265,311.5505,311.3404,311.096,310.8173,310.5039,310.1559,309.7729,309.3547,308.9011,308.4117,307.8863,307.3244,306.7257,306.0898,305.4161,304.7041,303.9534,303.1632,302.333,301.4621,300.5496,299.5949,298.5971,297.5552,296.4684,295.3355,294.1557,292.9278,291.6505,290.3228,288.943,287.5093,286.0188,284.4662,282.8407,281.1186,279.2484,277.1232,274.5568,271.4042,268.1683,264.8234
16.0,276.7557,278.4335,280.1256,281.8165,283.487,285.1221,286.711,288.2471,289.7267,291.1481,292.511,293.8161,295.0647,296.2581,297.3981,298.4864,299.5244,300.5139,301.4561,302.3524,303.204,304.0121,304.7775,305.5013,306.1842,306.8269,307.4303,307.9949,308.5212,309.0098,309.4613,309.8759,310.2541,310.5963,310.9027,311.1737,311.4096,311.6106,311.7768,311.9085,312.0057,312.0687,312.0976,312.0923,312.053,311.9796,311.8723,311.7308,311.5553,311.3456,311.1016,310.8232,310.5102,310.1625,309.7799,309.3621,308.9088,308.4198,307.8947,307.3332,306.7348,306.0992,305.4258,304.7142,303.9637,303.1739,302.344,301.4733,300.5611,299.6067,298.6091,297.5674,296.4808,295.3483,294.1686,292.9409,291.6638,290.3361,288.9563,287.5225,286.0317,284.4782,282.8511,281.1259,279.251,277.1211,274.5585,271.4449,268.2492,264.9488
17.0,276.7173,278.402,280.0992,281.7932,283.4658,285.1022,286.6921,288.2291,289.7094,291.1315,292.4951,293.8009,295.0501,296.2443,297.385,298.4739,299.5126,300.5027,301.4456,302.3426,303.1948,304.0035,304.7695,305.4938,306.1773,306.8207,307.4246,307.9897,308.5166,309.0057,309.4576,309.8728,310.2515,310.5942,310.9011,311.1726,311.409,311.6104,311.7771,311.9093,312.007,312.0705,312.0997,312.0949,312.056,311.9831,311.8762,311.7352,311.5601,311.3508,311.1072,310.8292,310.5166,310.1693,309.7871,309.3697,308.9168,308.4281,307.9034,307.3422,306.7442,306.1089,305.4359,304.7246,303.9745,303.1849,302.3553,301.485,300.5731,299.6189,298.6216,297.5802,296.4939,295.3616,294.1822,292.9546,291.6777,290.3502,288.9705,287.5365,286.0453,284.4911,282.8622,281.1341,279.2547,277.1205,274.5625,271.4887,268.3339,265.0792
18.0,276.6787,278.3699,280.072,281.7692,283.4438,285.0816,286.6725,288.2103,289.6913,291.1141,292.4784,293.7849,295.0349,296.2297,297.3711,298.4607,299.5002,300.491,301.4345,302.3321,303.185,303.9943,304.761,305.4859,306.17,306.8139,307.4184,307.9841,308.5115,309.0012,309.4537,309.8693,310.2486,310.5918,310.8992,311.1713,311.4081,311.61,311.7772,311.9099,312.0081,312.072,312.1018,312.0974,312.059,311.9865,311.88,311.7395,311.5648,311.356,311.1128,310.8353,310.5231,310.1762,309.7944,309.3774,308.9249,308.4366,307.9123,307.3515,306.7539,306.119,305.4463,304.7354,303.9856,303.1964,302.3671,301.4971,300.5855,299.6317,298.6347,297.5936,296.5075,295.3755,294.1963,292.969,291.6923,290.3649,288.9853,287.5513,286.0597,284.5046,282.8741,281.1431,279.2594,277.1214,274.5687,271.5353,268.4223,265.2145
19.0,276.6398,278.3372,280.0441,281.7444,283.421,285.0601,286.6521,288.1907,289.6725,291.096,292.461,293.7683,295.0189,296.2145,297.3566,298.447,299.4871,300.4786,301.4228,302.3211,303.1747,303.9846,304.7519,305.4775,306.1621,306.8067,307.4117,307.978,308.506,308.9963,309.4493,309.8655,310.2453,310.589,310.897,311.1696,311.407,311.6094,311.7771,311.9103,312.009,312.0734,312.1037,312.0998,312.0619,311.9899,311.8839,311.7438,311.5696,311.3612,311.1185,310.8414,310.5297,310.1832,309.8018,309.3852,308.9332,308.4454,307.9214,307.3611,306.7638,306.1293,305.457,304.7465,303.9971,303.2082,302.3793,301.5096,300.5984,299.6449,298.6482,297.6075,296.5217,295.39,294.2111,292.9841,291.7076,290.3804,289.0008,287.5668,286.0749,284.519,282.8868,281.1529,279.2651,277.1238,274.5773,271.5848,268.5144,265.3546
20.0,276.6008,278.3039,280.0155,281.7188,283.3974,285.038,286.631,288.1704,289.653,291.0772,292.4429,293.7509,295.0023,296.1986,297.3415,298.4325,299.4734,300.4656,301.4105,302.3095,303.1637,303.9743,304.7423,305.4685,306.1538,306.7989,307.4046,307.9715,308.5001,308.9909,309.4446,309.8613,310.2417,310.586,310.8945,311.1677,311.4056,311.6086,311.7768,311.9105,312.0097,312.0747,312.1054,312.1021,312.0646,311.9932,311.8876,311.748,311.5743,311.3664,311.1242,310.8476,310.5363,310.1904,309.8094,309.3933,308.9417,308.4543,307.9308,307.3708,306.774,306.1399,305.468,304.7579,304.0089,303.2204,302.3919,301.5226,300.6118,299.6586,298.6623,297.6219,296.5365,295.405,294.2265,292.9997,291.7235,290.3965,289.0171,287.583,286.0908,284.5341,282.9003,281.1636,279.2719,277.1277,274.5881,271.6371,268.6101,265.4993
21.0,276.5616,278.2701,279.9861,281.6925,283.3731,285.015,286.6091,288.1494,289.6327,291.0577,292.4241,293.7328,294.985,296.182,297.3256,298.4175,299.4591,300.452,301.3976,302.2973,303.1523,303.9635,304.7321,305.459,306.145,306.7908,307.3971,307.9645,308.4938,308.9852,309.4394,309.8568,310.2377,310.5826,310.8917,311.1654,311.4039,311.6075,311.7762,311.9105,312.0103,312.0757,312.107,312.1042,312.0673,311.9964,311.8914,311.7523,311.5791,311.3717,311.1299,310.8538,310.5431,310.1976,309.8171,309.4014,308.9503,308.4634,307.9403,307.3808,306.7845,306.1508,305.4794,304.7696,304.0211,303.233,302.4049,301.536,300.6256,299.6728,298.6769,297.6369,296.5518,295.4207,294.2425,293.0161,291.7401,290.4134,289.0341,287.6,286.1075,284.55,282.9146,281.1752,279.2797,277.1331,274.6011,271.6922,268.7094,265.6484
22.0,276.5223,278.2357,279.9562,281.6655,283.3481,284.9914,286.5864,288.1276,289.6117,291.0374,292.4047,293.7141,294.967,296.1648,297.3092,298.4018,299.4441,300.4378,301.3842,302.2846,303.1402,303.9522,304.7215,305.449,306.1356,306.7821,307.3891,307.9572,308.487,308.9791,309.4339,309.8519,310.2335,310.5789,310.8886,311.1629,311.402,311.6061,311.7755,311.9103,312.0106,312.0767,312.1085,312.1063,312.0699,311.9995,311.895,311.7565,311.5838,311.3769,311.1357,310.8601,310.5499,310.2049,309.8249,309.4097,308.9591,308.4726,307.9501,307.3911,306.7952,306.162,305.491,304.7817,304.0336,303.246,302.4183,301.5499,300.6398,299.6875,298.692,297.6523,296.5677,295.437,294.2591,293.033,291.7574,290.4309,289.0517,287.6177,286.1249,284.5666,282.9296,281.1876,279.2887,277.1401,274.6164,271.7501,268.812,265.802
23.0,276.4829,278.2008,279.9255,281.6377,283.3223,284.967,286.5631,288.1051,289.59,291.0165,292.3845,293.6947,294.9483,296.1469,297.2921,298.3854,299.4286,300.423,301.3701,302.2713,303.1276,303.9403,304.7103,305.4385,306.1258,306.773,307.3806,307.9494,308.4798,308.9726,309.428,309.8466,310.2288,310.5749,310.8852,311.1601,311.3998,311.6045,311.7745,311.9098,312.0108,312.0774,312.1099,312.1082,312.0724,312.0025,311.8986,311.7606,311.5885,311.3822,311.1415,310.8664,310.5567,310.2123,309.8328,309.4182,308.968,308.4821,307.9601,307.4015,306.8061,306.1734,305.5029,304.7941,304.0465,303.2594,302.4321,301.5641,300.6545,299.7026,298.7075,297.6683,296.5841,295.4538,294.2763,293.0506,291.7753,290.4491,289.0701,287.6361,286.143,284.584,282.9455,281.2009,279.2987,277.1486,274.6339,271.8106,268.918,265.9597
24.0,276.4434,278.1654,279.8942,281.6093,283.2958,284.9418,286.539,288.0819,289.5676,290.9949,292.3636,293.6746,294.929,296.1284,297.2743,298.3685,299.4124,300.4076,301.3555,302.2574,303.1145,303.9279,304.6986,305.4276,306.1156,306.7634,307.3717,307.9411,308.4723,308.9657,309.4218,309.841,310.2238,310.5706,310.8815,311.157,311.3973,311.6027,311.7732,311.9092,312.0108,312.078,312.111,312.1099,312.0747,312.0055,311.9021,311.7647,311.5932,311.3874,311.1473,310.8728,310.5636,310.2197,309.8408,309.4267,308.9771,308.4917,307.9702,307.4122,306.8173,306.1851,305.5151,304.8069,304.0597,303.2731,302.4463,301.5788,300.6697,299.7182,298.7236,297.6848,296.601,295.4711,294.2941,293.0688,291.7938,290.4679,289.0892,287.6552,286.1619,284.6021,282.9621,281.2151,279.3098,277.1586,274.6535,271.8738,269.0272,266.1215
25.0,276.4038,278.1295,279.8623,281.5802,283.2686,284.916,286.5142,288.058,289.5445,290.9726,292.3421,293.6538,294.909,296.1092,297.256,298.3509,299.3956,300.3916,301.3402,302.2429,303.1008,303.9149,304.6864,305.4161,306.1048,306.7533,307.3623,307.9324,308.4643,308.9583,309.4151,309.835,310.2185,310.5659,310.8775,311.1537,311.3946,311.6006,311.7718,311.9084,312.0106,312.0784,312.1121,312.1116,312.077,312.0083,311.9056,311.7688,311.5978,311.3926,311.1531,310.8792,310.5706,310.2273,309.849,309.4354,308.9864,308.5015,307.9806,307.4231,306.8288,306.1971,305.5276,304.8199,304.0732,303.2871,302.4609,301.5938,300.6852,299.7343,298.7401,297.7018,296.6185,295.4891,294.3125,293.0876,291.813,290.4874,289.1089,287.675,286.1815,284.621,282.9796,281.2302,279.322,277.1701,274.6754,271.9396,269.1397,266.2871
26.0,276.3642,278.0932,279.8298,281.5504,283.2407,284.8895,286.4888,288.0335,289.5208,290.9496,292.3199,293.6324,294.8884,296.0894,297.2369,298.3327,299.3782,300.375,301.3244,302.2279,303.0865,303.9014,304.6736,305.4041,306.0935,306.7427,307.3525,307.9233,308.4559,308.9506,309.4081,309.8287,310.2129,310.5609,310.8732,311.15,311.3916,311.5982,311.7701,311.9074,312.0102,312.0787,312.113,312.1131,312.0791,312.0111,311.909,311.7728,311.6024,311.3979,311.159,310.8856,310.5777,310.2349,309.8572,309.4442,308.9958,308.5115,307.9911,307.4342,306.8404,306.2093,305.5404,304.8332,304.0871,303.3015,302.4758,301.6093,300.7012,299.7508,298.7571,297.7193,296.6365,295.5076,294.3314,293.107,291.8328,290.5076,289.1294,287.6955,286.2018,284.6406,282.9978,281.2461,279.3353,277.1832,274.6994,272.008,269.2552,266.4565
27.0,276.3246,278.0564,279.7967,281.52,283.2122,284.8623,286.4626,288.0082,289.4963,290.9259,292.297,293.6103,294.8671,296.0689,297.2173,298.3139,299.3602,300.3578,301.308,302.2123,303.0717,303.8874,304.6604,305.3916,306.0818,306.7317,307.3422,307.9138,308.447,308.9425,309.4007,309.822,310.2068,310.5556,310.8686,311.1461,311.3883,311.5956,311.7682,311.9061,312.0096,312.0787,312.1137,312.1145,312.0812,312.0138,311.9123,311.7767,311.607,311.4031,311.1648,310.8921,310.5848,310.2426,309.8655,309.4531,309.0053,308.5216,308.0018,307.4455,306.8523,306.2218,305.5535,304.8468,304.1013,303.3163,302.4911,301.6252,300.7176,299.7677,298.7746,297.7373,296.655,295.5266,294.351,293.127,291.8533,290.5284,289.1505,287.7167,286.2228,284.661,283.0168,281.263,279.3498,277.1979,274.7256,272.0789,269.3738,266.6295
28.0,276.285,278.0193,279.763,281.4889,283.1829,284.8344,286.4358,287.9822,289.4712,290.9016,292.2735,293.5876,294.8452,296.0479,297.1971,298.2944,299.3416,300.34,301.2911,302.1962,303.0564,303.8729,304.6466,305.3786,306.0695,306.7203,307.3315,307.9038,308.4378,308.934,309.3929,309.8149,310.2005,310.5499,310.8636,311.1418,311.3848,311.5928,311.766,311.9046,312.0088,312.0786,312.1142,312.1157,312.0831,312.0163,311.9155,311.7806,311.6116,311.4083,311.1707,310.8986,310.5919,310.2504,309.8739,309.4622,309.0149,308.5319,308.0127,307.457,306.8644,306.2345,305.5668,304.8607,304.1158,303.3314,302.5068,301.6414,300.7344,299.7851,298.7925,297.7558,296.6741,295.5462,294.3711,293.1476,291.8744,290.5499,289.1723,287.7387,286.2446,284.6821,283.0366,281.2807,279.3654,277.214,274.7539,272.1523,269.4953,266.8059
29.0,276.2453,277.9818,279.7288,281.4572,283.1531,284.8058,286.4083,287.9556,289.4454,290.8766,292.2493,293.5642,294.8227,296.0262,297.1762,298.2744,299.3224,300.3217,301.2736,302.1795,303.0405,303.8578,304.6323,305.3651,306.0568,306.7083,307.3203,307.8934,308.4281,308.9251,309.3847,309.8075,310.1938,310.544,310.8584,311.1373,311.381,311.5897,311.7636,311.9029,312.0078,312.0783,312.1146,312.1168,312.0848,312.0188,311.9187,311.7845,311.6161,311.4135,311.1765,310.9051,310.5991,310.2582,309.8824,309.4713,309.0247,308.5423,308.0238,307.4687,306.8768,306.2475,305.5804,304.8749,304.1306,303.3468,302.5228,301.658,300.7516,299.8029,298.8109,297.7748,296.6936,295.5663,294.3917,293.1688,291.896,290.572,289.1947,287.7613,286.267,284.704,283.0572,281.2993,279.3821,277.2318,274.7843,272.2281,269.6196,266.9854
30.0,276.2057,277.944,279.6941,281.425,283.1225,284.7766,286.3801,287.9284,289.419,290.851,292.2245,293.5403,294.7995,296.0038,297.1547,298.2538,299.3027,300.3028,301.2555,302.1622,303.0241,303.8422,304.6176,305.3511,306.0436,306.6959,307.3087,307.8825,308.418,308.9158,309.3762,309.7997,310.1867,310.5377,310.8528,311.1325,311.3769,311.5863,311.761,311.901,312.0066,312.0779,312.1149,312.1177,312.0865,312.0212,311.9218,311.7882,311.6205,311.4186,311.1823,310.9116,310.6063,310.2661,309.891,309.4805,309.0346,308.5529,308.035,307.4806,306.8893,306.2607,305.5942,304.8894,304.1457,303.3625,302.5392,301.675,300.7693,299.8211,298.8298,297.7943,296.7137,295.5869,294.4129,293.1905,291.9183,290.5948,289.2178,287.7846,286.2902,284.7266,283.0786,281.3189,279.3999,277.251,274.8168,272.3062,269.7467,267.1681
31.0,276.1661,277.9058,279.6588,281.3921,283.0914,284.7468,286.3513,287.9005,289.3919,290.8247,292.199,293.5156,294.7758,295.9809,297.1327,298.2326,299.2823,300.2833,301.2369,302.1444,303.0071,303.8261,304.6023,305.3366,306.03,306.6831,307.2966,307.8712,308.4075,308.906,309.3672,309.7915,310.1793,310.531,310.8469,311.1273,311.3725,311.5827,311.7581,311.8989,312.0052,312.0772,312.115,312.1186,312.088,312.0234,311.9247,311.7919,311.625,311.4237,311.1882,310.9182,310.6135,310.2741,309.8996,309.4899,309.0446,308.5636,308.0464,307.4927,306.9021,306.2741,305.6083,304.9041,304.1611,303.3786,302.5559,301.6924,300.7873,299.8398,298.8491,297.8142,296.7342,295.6081,294.4347,293.2129,291.9412,290.6182,289.2416,287.8085,286.3141,284.7499,283.1008,281.3393,279.4189,277.2718,274.8513,272.3867,269.8765,267.3536
32.0,276.1266,277.8673,279.6231,281.3586,283.0597,284.7163,286.3219,287.8719,289.3642,290.7978,292.173,293.4904,294.7514,295.9574,297.11,298.2108,299.2614,300.2632,301.2177,302.1261,302.9897,303.8095,304.5865,305.3217,306.0158,306.6698,307.2841,307.8596,308.3967,308.8959,309.3579,309.783,310.1716,310.5241,310.8407,311.1219,311.3679,311.5788,311.755,311.8965,312.0036,312.0764,312.1149,312.1192,312.0894,312.0256,311.9276,311.7956,311.6293,311.4288,311.194,310.9247,310.6208,310.282,309.9083,309.4993,309.0548,308.5744,308.0579,307.5049,306.915,306.2877,305.6226,304.9192,304.1768,303.395,302.573,301.7101,300.8057,299.8589,298.8688,297.8346,296.7552,295.6298,294.457,293.2358,291.9647,290.6422,289.266,287.8331,286.3386,284.774,283.1237,281.3607,279.439,277.2941,274.8879,272.4695,270.0089,267.5418
33.0,276.0871,277.8286,279.5869,281.3246,283.0273,284.6853,286.2918,287.8428,289.3359,290.7703,292.1463,293.4646,294.7264,295.9333,297.0868,298.1884,299.2399,300.2426,301.198,302.1073,302.9717,303.7923,304.5702,305.3062,306.0012,306.656,307.2712,307.8474,308.3853,308.8855,309.3482,309.7741,310.1635,310.5168,310.8342,311.1162,311.363,311.5747,311.7516,311.894,312.0018,312.0753,312.1146,312.1197,312.0907,312.0276,311.9304,311.7991,311.6336,311.4339,311.1998,310.9313,310.6281,310.2901,309.9171,309.5088,309.065,308.5854,308.0696,307.5173,306.9281,306.3016,305.6372,304.9344,304.1928,303.4117,302.5904,301.7282,300.8245,299.8783,298.8889,297.8554,296.7768,295.6519,294.4799,293.2593,291.9888,290.6668,289.291,287.8584,286.3639,284.7987,283.1475,281.3829,279.4602,277.318,274.9266,272.5544,270.1438,267.7325
34.0,276.0476,277.7897,279.5502,281.2901,282.9944,284.6536,286.2611,287.813,289.307,290.7422,292.119,293.4381,294.7008,295.9086,297.0629,298.1655,299.2179,300.2215,301.1777,302.0879,302.9532,303.7747,304.5534,305.2903,305.9862,306.6418,307.2578,307.8349,308.3736,308.8746,309.3382,309.7649,310.1551,310.5092,310.8274,311.1102,311.3578,311.5703,311.748,311.8912,311.9998,312.0741,312.1142,312.1201,312.0919,312.0295,311.9331,311.8026,311.6379,311.4389,311.2056,310.9378,310.6354,310.2982,309.9259,309.5184,309.0754,308.5965,308.0815,307.5299,306.9415,306.3156,305.652,304.95,304.2091,303.4286,302.6081,301.7466,300.8436,299.8982,298.9095,297.8767,296.7988,295.6746,294.5032,293.2833,292.0135,290.692,289.3167,287.8844,286.3898,284.8242,283.172,281.4061,279.4826,277.3434,274.9672,272.6416,270.2811,267.9253
35.0,276.0081,277.7505,279.5131,281.255,282.9609,284.6213,286.2299,287.7826,289.2774,290.7135,292.0911,293.4111,294.6746,295.8833,297.0385,298.142,299.1953,300.1998,301.1569,302.068,302.9342,303.7566,304.5362,305.2739,305.9707,306.6271,307.244,307.8219,308.3615,308.8633,309.3277,309.7553,310.1463,310.5012,310.8203,311.1039,311.3523,311.5656,311.7442,311.8881,311.9976,312.0727,312.1136,312.1203,312.0929,312.0313,311.9357,311.806,311.6421,311.4439,311.2114,310.9444,310.6427,310.3063,309.9348,309.5281,309.0858,308.6077,308.0935,307.5427,306.955,306.3299,305.667,304.9658,304.2256,303.4459,302.6261,301.7654,300.8631,299.9185,298.9305,297.8984,296.8212,295.6978,294.5271,293.3079,292.0387,290.7178,289.343,287.911,286.4164,284.8504,283.1973,281.4302,279.5061,277.3703,275.0099,272.7309,270.4207,268.1202
36.0,275.9687,277.7112,279.4756,281.2195,282.9269,284.5885,286.198,287.7517,289.2473,290.6842,292.0627,293.3835,294.6479,295.8574,297.0136,298.1179,299.1721,300.1775,301.1356,302.0475,302.9146,303.7379,304.5184,305.2571,305.9547,306.612,307.2298,307.8086,308.349,308.8516,309.3169,309.7453,310.1372,310.493,310.8129,311.0973,311.3465,311.5607,311.7401,311.8849,311.9952,312.0711,312.1128,312.1203,312.0937,312.033,311.9382,311.8093,311.6462,311.4488,311.2171,310.9509,310.6501,310.3144,309.9438,309.5378,309.0964,308.6191,308.1056,307.5556,306.9687,306.3444,305.6823,304.9818,304.2424,303.4635,302.6445,301.7845,300.883,299.9391,298.9519,297.9206,296.8441,295.7215,294.5515,293.333,292.0645,290.7442,289.3699,287.9382,286.4437,284.8774,283.2234,281.4552,279.5308,277.3987,275.0535,272.7955,270.5527,268.3142
37.0,275.9292,277.6717,279.4377,281.1834,282.8923,284.5551,286.1656,287.7201,289.2166,290.6543,292.0336,293.3553,294.6206,295.831,296.988,298.0933,299.1484,300.1547,301.1137,302.0266,302.8946,303.7188,304.5002,305.2398,305.9382,306.5965,307.2151,307.7948,308.3361,308.8396,309.3058,309.735,310.1278,310.4844,310.8052,311.0905,311.3405,311.5556,311.7358,311.8814,311.9925,312.0693,312.1119,312.1202,312.0945,312.0346,311.9406,311.8125,311.6503,311.4537,311.2228,310.9575,310.6575,310.3226,309.9528,309.5476,309.107,308.6305,308.1178,307.5687,306.9825,306.3591,305.6977,304.9981,304.2595,303.4814,302.6631,301.804,300.9033,299.9601,298.9738,297.9432,296.8675,295.7456,294.5764,293.3586,292.0908,290.7712,289.3974,287.9661,286.4717,284.905,283.2503,281.481,279.5565,277.4285,275.0982,272.8586,270.6803,268.5062
38.0,275.8898,277.6322,279.3995,281.1469,282.8572,284.5211,286.1326,287.688,289.1853,290.6239,292.004,293.3265,294.5927,295.804,296.962,298.0682,299.1242,300.1314,301.0913,302.0052,302.8741,303.6992,304.4815,305.222,305.9214,306.5805,307.2,307.7806,308.3228,308.8272,309.2942,309.7244,310.118,310.4755,310.7971,311.0833,311.3342,311.5501,311.7312,311.8777,311.9897,312.0674,312.1107,312.12,312.0951,312.036,311.9429,311.8157,311.6543,311.4586,311.2285,310.964,310.6648,310.3308,309.9618,309.5575,309.1177,308.6421,308.1302,307.5819,306.9966,306.3739,305.7134,305.0146,304.2768,303.4995,302.6821,301.8238,300.9239,299.9815,298.996,297.9662,296.8913,295.7703,294.6018,293.3848,292.1177,290.7988,289.4256,287.9946,286.5003,284.9333,283.2779,281.5078,279.5835,277.4597,275.1438,272.9214,270.8055,268.6957
39.0,275.8505,277.5925,279.3609,281.1099,282.8216,284.4866,286.0991,287.6553,289.1535,290.5929,291.9738,293.2972,294.5643,295.7765,296.9354,298.0425,299.0994,300.1076,301.0685,301.9832,302.8531,303.6791,304.4624,305.2037,305.904,306.5641,307.1845,307.766,308.3091,308.8144,309.2823,309.7133,310.1079,310.4662,310.7888,311.0759,311.3277,311.5445,311.7264,311.8738,311.9867,312.0652,312.1095,312.1195,312.0955,312.0374,311.9451,311.8187,311.6582,311.4634,311.2342,310.9705,310.6722,310.3391,309.9709,309.5675,309.1285,308.6537,308.1427,307.5952,307.0108,306.389,305.7293,305.0313,304.2944,303.5179,302.7013,301.8439,300.9448,300.0033,299.0186,297.9897,296.9156,295.7954,294.6278,293.4115,292.1452,290.8269,289.4543,288.0237,286.5295,284.9623,283.3063,281.5355,279.6115,277.4922,275.1903,272.9843,270.9291,268.883
40.0,275.8111,277.5527,279.3219,281.0724,282.7855,284.4516,286.065,287.6221,289.1211,290.5613,291.9431,293.2673,294.5353,295.7484,296.9082,298.0163,299.0742,300.0833,301.0451,301.9608,302.8316,303.6586,304.4427,305.185,305.8863,306.5472,307.1686,307.751,308.295,308.8012,309.2701,309.702,310.0974,310.4567,310.7802,311.0681,311.3208,311.5385,311.7214,311.8696,311.9834,312.0628,312.108,312.119,312.0958,312.0386,311.9472,311.8217,311.662,311.4681,311.2398,310.977,310.6796,310.3473,309.98,309.5775,309.1394,308.6655,308.1554,307.6087,307.0252,306.4042,305.7454,305.0483,304.3122,303.5366,302.7209,301.8643,300.9661,300.0254,299.0416,298.0135,296.9403,295.8209,294.6541,293.4387,292.1732,290.8556,289.4836,288.0534,286.5594,284.992,283.3355,281.5641,279.6406,277.526,275.2377,273.0474,271.0517,269.068
41.0,275.7718,277.5129,279.2827,281.0346,282.7489,284.4161,286.0304,287.5884,289.0881,290.5292,291.9118,293.2369,294.5058,295.7198,296.8805,297.9895,299.0484,300.0585,301.0212,301.9378,302.8096,303.6375,304.4227,305.1659,305.8681,306.53,307.1523,307.7356,308.2806,308.7877,309.2574,309.6903,310.0866,310.4468,310.7712,311.0601,311.3137,311.5323,311.7161,311.8653,311.9799,312.0603,312.1063,312.1182,312.096,312.0396,311.9492,311.8246,311.6658,311.4728,311.2454,310.9835,310.687,310.3556,309.9892,309.5876,309.1504,308.6773,308.1681,307.6224,307.0397,306.4196,305.7617,305.0655,304.3303,303.5556,302.7407,301.885,300.9877,300.0479,299.0649,298.0378,296.9654,295.8469,294.681,293.4664,292.2017,290.8849,289.5135,288.0838,286.5899,285.0224,283.3654,281.5936,279.6709,277.5611,275.286,273.1108,271.1736,269.251
42.0,275.7324,277.473,279.2431,280.9963,282.7118,284.3801,285.9953,287.5541,289.0547,290.4966,291.88,293.206,294.4757,295.6907,296.8523,297.9623,299.0221,300.0331,300.9968,301.9144,302.7871,303.616,304.4021,305.1463,305.8494,306.5123,307.1355,307.7198,308.2657,308.7738,309.2445,309.6783,310.0755,310.4367,310.762,311.0518,311.3063,311.5259,311.7106,311.8607,311.9763,312.0575,312.1045,312.1173,312.096,312.0406,311.9511,311.8274,311.6695,311.4774,311.2509,310.99,310.6943,310.3639,309.9984,309.5977,309.1614,308.6893,308.181,307.6361,307.0543,306.4352,305.7782,305.0828,304.3486,303.5748,302.7608,301.906,301.0096,300.0708,299.0887,298.0624,296.991,295.8734,294.7083,293.4946,292.2307,290.9146,289.5439,288.1147,286.6211,285.0535,283.3961,281.6239,279.7022,277.5974,275.3352,273.1745,271.295,269.4322
43.0,275.6931,277.4331,279.2033,280.9576,282.6743,284.3436,285.9597,287.5193,289.0207,290.4634,291.8477,293.1746,294.4452,295.661,296.8236,297.9345,298.9953,300.0073,300.9719,301.8905,302.7642,303.5941,304.3811,305.1263,305.8304,306.4942,307.1184,307.7036,308.2505,308.7595,309.2311,309.6659,310.0641,310.4262,310.7525,311.0432,311.2987,311.5192,311.7048,311.8559,311.9724,312.0546,312.1025,312.1163,312.0959,312.0414,311.9528,311.8301,311.6732,311.482,311.2564,310.9964,310.7017,310.3722,310.0077,309.6078,309.1725,308.7013,308.1939,307.65,307.0692,306.4509,305.7949,305.1004,304.3671,303.5942,302.7812,301.9273,301.0318,300.0939,299.1128,298.0874,297.0169,295.9002,294.7361,293.5233,292.2602,290.945,289.5749,288.1462,286.6529,285.0852,283.4275,281.6552,279.7345,277.635,275.3853,273.2386,271.416,269.6117
44.0,275.6538,277.3931,279.1633,280.9186,282.6363,284.3066,285.9236,287.484,288.9862,290.4297,291.8149,293.1426,294.4141,295.6309,296.7944,297.9063,298.968,299.981,300.9466,301.8662,302.7408,303.5717,304.3597,305.1059,305.8109,306.4757,307.1009,307.6871,308.2349,308.7449,309.2175,309.6532,310.0524,310.4154,310.7426,311.0343,311.2908,311.5122,311.6988,311.8508,311.9683,312.0515,312.1004,312.1151,312.0956,312.0421,311.9545,311.8327,311.6767,311.4865,311.2619,311.0028,310.7091,310.3805,310.0169,309.6181,309.1836,308.7134,308.207,307.664,307.0841,306.4668,305.8117,305.1182,304.3858,303.6139,302.8019,301.9489,301.0544,300.1174,299.1372,298.1128,297.0433,295.9275,294.7644,293.5525,292.2903,290.9758,289.6065,288.1783,286.6852,285.1176,283.4596,281.6873,279.7679,277.6737,275.4362,273.3031,271.5365,269.7897
45.0,275.6145,277.3532,279.123,280.8792,282.598,284.2691,285.887,287.4482,288.9512,290.3956,291.7816,293.1102,294.3826,295.6003,296.7647,297.8776,298.9402,299.9542,300.9208,301.8414,302.717,303.5488,304.3379,305.085,305.791,306.4568,307.0829,307.6701,308.2189,308.7299,309.2035,309.6401,310.0403,310.4043,310.7325,311.0252,311.2826,311.505,311.6926,311.8456,311.964,312.0482,312.098,312.1137,312.0952,312.0427,311.956,311.8352,311.6802,311.4909,311.2673,311.0092,310.7164,310.3888,310.0262,309.6283,309.1949,308.7256,308.2201,307.6781,307.0992,306.4829,305.8287,305.1362,304.4048,303.6339,302.8228,301.9708,301.0772,300.1413,299.162,298.1386,297.0701,295.9553,294.7931,293.5821,292.3208,291.0072,289.6386,288.2109,286.7182,285.1506,283.4925,281.7202,279.8024,277.7135,275.4881,273.368,271.6567,269.9661
46.0,275.5752,277.3132,279.0825,280.8394,282.5592,284.2313,285.8499,287.412,288.9158,290.3609,291.7478,293.0772,294.3505,295.5691,296.7346,297.8483,298.912,299.9269,300.8945,301.8161,302.6927,303.5256,304.3156,305.0637,305.7707,306.4375,307.0646,307.6528,308.2026,308.7145,309.1891,309.6268,310.0279,310.3929,310.7221,311.0158,311.2742,311.4976,311.6861,311.8401,311.9595,312.0446,312.0955,312.1122,312.0947,312.0431,311.9574,311.8376,311.6836,311.4953,311.2727,311.0155,310.7238,310.3972,310.0355,309.6386,309.2061,308.7378,308.2334,307.6924,307.1144,306.4991,305.8459,305.1544,304.424,303.654,302.8439,301.9929,301.1004,300.1654,299.1872,298.1648,297.0972,295.9834,294.8222,293.6122,292.3518,291.0391,289.6712,288.2442,286.7518,285.1843,283.5262,281.7541,279.8379,277.7544,275.5407,273.4333,271.7765,270.1411
47.0,275.536,277.2733,279.0418,280.7993,282.52,284.193,285.8124,287.3753,288.8798,290.3258,291.7135,293.0438,294.318,295.5375,296.7039,297.8187,298.8833,299.8992,300.8678,301.7904,302.668,303.5019,304.2929,305.042,305.75,306.4178,307.0459,307.6351,308.1859,308.6988,309.1744,309.6131,310.0152,310.3812,310.7114,311.0061,311.2655,311.4899,311.6794,311.8344,311.9548,312.0409,312.0928,312.1105,312.094,312.0434,311.9587,311.8399,311.6869,311.4996,311.278,311.0219,310.7311,310.4055,310.0448,309.6489,309.2175,308.7502,308.2467,307.7067,307.1298,306.5155,305.8633,305.1728,304.4434,303.6744,302.8653,302.0154,301.1238,300.1898,299.2126,298.1913,297.1247,296.0119,294.8517,293.6427,292.3833,291.0714,289.7043,288.2779,286.786,285.2187,283.5605,281.7887,279.8744,277.7965,275.5942,273.499,271.896,270.3148
48.0,275.4967,277.2333,279.0009,280.7589,282.4804,284.1542,285.7745,287.3381,288.8434,290.2902,291.6787,293.0099,294.285,295.5055,296.6728,297.7885,298.8541,299.8711,300.8407,301.7642,302.6429,303.4777,304.2698,305.0199,305.729,306.3977,307.0269,307.617,308.1688,308.6828,309.1594,309.5991,310.0022,310.3692,310.7004,310.9961,311.2565,311.4819,311.6725,311.8285,311.9499,312.0371,312.0899,312.1086,312.0932,312.0436,311.9599,311.8421,311.6901,311.5039,311.2832,311.0281,310.7384,310.4138,310.0542,309.6593,309.2289,308.7626,308.2601,307.7212,307.1452,306.532,305.8808,305.1913,304.4629,303.695,302.887,302.038,301.1475,300.2146,299.2384,298.2181,297.1526,296.0409,294.8817,293.6737,292.4153,291.1043,289.738,288.3123,286.8208,285.2536,283.5956,281.8242,279.9118,277.8395,275.6485,273.5651,272.015,270.487
49.0,275.4575,277.1934,278.9599,280.7183,282.4405,284.1151,285.7361,287.3005,288.8066,290.2541,291.6435,292.9755,294.2515,295.4729,296.6412,297.7579,298.8245,299.8424,300.8131,301.7376,302.6173,303.4532,304.2462,304.9974,305.7075,306.3773,307.0074,307.5986,308.1515,308.6664,309.144,309.5847,309.9889,310.357,310.6892,310.9859,311.2473,311.4737,311.6654,311.8223,311.9448,312.033,312.0869,312.1066,312.0922,312.0436,311.961,311.8442,311.6933,311.508,311.2885,311.0344,310.7457,310.4221,310.0635,309.6697,309.2403,308.775,308.2736,307.7357,307.1608,306.5486,305.8985,305.2101,304.4827,303.7159,302.9088,302.061,301.1715,300.2397,299.2646,298.2453,297.1809,296.0702,294.9121,293.7051,292.4477,291.1377,289.7722,288.3471,286.8561,285.2892,283.6314,281.8606,279.9502,277.8836,275.7036,273.6316,272.1336,270.6578
50.0,275.4183,277.1534,278.9187,280.6773,282.4002,284.0755,285.6973,287.2624,288.7693,290.2176,291.6078,292.9407,294.2176,295.44,296.6092,297.7269,298.7945,299.8134,300.785,301.7106,302.5913,303.4282,304.2223,304.9745,305.6856,306.3564,306.9876,307.5799,308.1337,308.6497,309.1284,309.5701,309.9753,310.3444,310.6776,310.9754,311.2379,311.4653,311.658,311.816,311.9396,312.0287,312.0837,312.1044,312.091,312.0436,311.962,311.8462,311.6963,311.5122,311.2936,311.0406,310.7529,310.4304,310.0729,309.6801,309.2518,308.7876,308.2872,307.7503,307.1765,306.5654,305.9163,305.229,304.5027,303.7369,302.9309,302.0841,301.1958,300.265,299.291,298.2728,297.2095,296.0999,294.9428,293.7369,292.4805,291.1715,289.8069,288.3825,286.892,285.3255,283.6678,281.8977,279.9896,277.9288,275.7595,273.6986,272.2517,270.8272
51.0,275.3791,277.1135,278.8775,280.6361,282.3596,284.0356,285.6582,287.224,288.7316,290.1807,291.5717,292.9055,294.1833,295.4065,296.5767,297.6954,298.764,299.7839,300.7566,301.6832,302.5649,303.4029,304.198,304.9512,305.6634,306.3352,306.9675,307.5607,308.1156,308.6327,309.1124,309.5552,309.9614,310.3315,310.6658,310.9646,311.2282,311.4567,311.6504,311.8095,311.9341,312.0243,312.0803,312.1021,312.0898,312.0434,311.9628,311.8482,311.6993,311.5162,311.2987,311.0468,310.7602,310.4387,310.0823,309.6905,309.2633,308.8002,308.3009,307.7651,307.1923,306.5822,305.9343,305.248,304.5228,303.7581,302.9533,302.1076,301.2203,300.2906,299.3177,298.3007,297.2384,296.13,294.974,293.7692,292.5138,291.2057,289.842,288.4184,286.9284,285.3623,283.705,281.9357,280.0299,277.9749,275.8162,273.7669,272.3697,270.9953
52.0,275.3399,277.0735,278.8361,280.5946,282.3187,283.9954,285.6186,287.1851,288.6935,290.1434,291.5352,292.8698,294.1485,295.3727,296.5439,297.6635,298.7331,299.7541,300.7277,301.6554,302.5382,303.3771,304.1733,304.9276,305.6408,306.3137,306.947,307.5413,308.0972,308.6153,309.0961,309.5399,309.9472,310.3184,310.6538,310.9536,311.2182,311.4478,311.6426,311.8027,311.9284,312.0197,312.0767,312.0996,312.0884,312.043,311.9636,311.85,311.7022,311.5202,311.3038,311.0529,310.7674,310.447,310.0916,309.701,309.2748,308.8128,308.3146,307.7799,307.2083,306.5993,305.9524,305.2672,304.5431,303.7795,302.9758,302.1312,301.2451,300.3165,299.3448,298.3288,297.2677,296.1604,295.0056,293.8018,292.5475,291.2405,289.8777,288.4548,286.9654,285.3997,283.7428,281.9744,280.0711,278.0219,275.8737,273.8371,272.4878,271.1621
53.0,275.3007,277.0335,278.7947,280.5529,282.2774,283.9547,285.5786,287.1458,288.655,290.1056,291.4982,292.8337,294.1133,295.3385,296.5106,297.6312,298.7018,299.7238,300.6985,301.6272,302.511,303.351,304.1482,304.9035,305.6178,306.2918,306.9261,307.5215,308.0785,308.5977,309.0795,309.5244,309.9328,310.305,310.6414,310.9424,311.208,311.4387,311.6345,311.7957,311.9225,312.0149,312.073,312.097,312.0868,312.0426,311.9642,311.8517,311.705,311.5241,311.3088,311.059,310.7745,310.4553,310.101,309.7115,309.2864,308.8255,308.3284,307.7948,307.2243,306.6164,305.9707,305.2866,304.5636,303.8012,302.9986,302.1551,301.2701,300.3427,299.3721,298.3573,297.2973,296.1912,295.0375,293.8349,292.5817,291.2756,289.9137,288.4917,287.0029,285.4377,283.7813,282.0139,280.1133,278.0699,275.9321,273.909,272.6063,271.3279
54.0,275.2615,276.9936,278.7532,280.511,282.2358,283.9138,285.5383,287.1062,288.616,290.0675,291.4609,292.7972,294.0777,295.3038,296.4769,297.5985,298.6701,299.6931,300.6688,301.5985,302.4834,303.3245,304.1228,304.8791,305.5945,306.2695,306.9049,307.5014,308.0595,308.5797,309.0626,309.5086,309.918,310.2913,310.6289,310.9309,311.1976,311.4293,311.6263,311.7886,311.9164,312.0099,312.0691,312.0942,312.0851,312.042,311.9647,311.8533,311.7077,311.5279,311.3137,311.065,310.7817,310.4636,310.1104,309.722,309.298,308.8382,308.3423,307.8098,307.2404,306.6336,305.989,305.3061,304.5843,303.823,303.0215,302.1792,301.2954,300.3691,299.3997,298.3861,297.3273,296.2223,295.0698,293.8683,292.6162,291.3112,289.9503,288.5291,287.041,285.4763,283.8205,282.0542,280.1563,278.1188,275.9914,273.9826,272.725,271.4927
55.0,275.2223,276.9536,278.7117,280.4689,282.194,283.8725,285.4976,287.0662,288.5767,290.0289,291.4231,292.7604,294.0417,295.2687,296.4428,297.5654,298.638,299.662,300.6388,301.5696,302.4555,303.2976,304.097,304.8544,305.5708,306.2469,306.8834,307.4809,308.0401,308.5614,309.0454,309.4924,309.903,310.2774,310.616,310.9191,311.1869,311.4198,311.6178,311.7812,311.9102,312.0048,312.0651,312.0913,312.0833,312.0413,311.9651,311.8548,311.7103,311.5316,311.3186,311.071,310.7888,310.4718,310.1198,309.7325,309.3097,308.851,308.3562,307.8249,307.2566,306.651,306.0075,305.3258,304.6051,303.8449,303.0446,302.2035,301.3209,300.3958,299.4275,298.4151,297.3576,296.2537,295.1024,293.9021,292.6512,291.3472,289.9873,288.5669,287.0795,285.5154,283.8603,282.0952,280.2001,278.1687,276.0516,274.0568,272.8067,271.6462
56.0,275.1832,276.9136,278.6701,280.4266,282.1519,283.8309,285.4566,287.0258,288.5371,289.99,291.385,292.7231,294.0054,295.2333,296.4083,297.5319,298.6055,299.6306,300.6084,301.5402,302.4272,303.2704,304.0708,304.8293,305.5468,306.224,306.8616,307.4602,308.0204,308.5428,309.0279,309.4761,309.8877,310.2632,310.6029,310.9071,311.1761,311.41,311.6091,311.7737,311.9037,311.9994,312.0609,312.0882,312.0813,312.0404,311.9654,311.8562,311.7129,311.5353,311.3234,311.077,310.7959,310.4801,310.1292,309.743,309.3213,308.8638,308.3702,307.84,307.2729,306.6684,306.0262,305.3456,304.6261,303.8671,303.068,302.2281,301.3466,300.4227,299.4557,298.4445,297.3881,296.2855,295.1354,293.9363,292.6865,291.3837,290.0247,288.6052,287.1186,285.5551,283.9007,282.137,280.2448,278.2194,276.1126,274.1316,272.8817,271.7896
57.0,275.1441,276.8737,278.6285,280.3841,282.1096,283.7889,285.4153,286.9851,288.497,289.9507,291.3465,292.6854,293.9686,295.1975,296.3734,297.498,298.5726,299.5987,300.5776,301.5105,302.3985,303.2428,304.0443,304.8039,305.5224,306.2007,306.8394,307.4391,308.0005,308.524,309.0101,309.4594,309.8721,310.2488,310.5896,310.8949,311.165,311.4,311.6003,311.7659,311.8971,311.9939,312.0565,312.0849,312.0792,312.0395,311.9656,311.8575,311.7154,311.5389,311.3281,311.0829,310.803,310.4883,310.1385,309.7535,309.333,308.8767,308.3842,307.8552,307.2893,306.686,306.0449,305.3655,304.6472,303.8894,303.0915,302.2528,301.3725,300.4499,299.4841,298.4741,297.419,296.3176,295.1687,293.9708,292.7222,291.4205,290.0626,288.644,287.1581,285.5953,283.9418,282.1795,280.2903,278.271,276.1744,274.2068,272.9548,271.925
58.0,275.1049,276.8337,278.5869,280.3415,282.067,283.7468,285.3736,286.9441,288.4567,289.9111,291.3077,292.6474,293.9315,295.1613,296.3382,297.4638,298.5394,299.5666,300.5465,301.4804,302.3695,303.2149,304.0174,304.7781,305.4978,306.1771,306.8169,307.4177,307.9802,308.5048,308.9921,309.4425,309.8563,310.2341,310.576,310.8824,311.1536,311.3898,311.5912,311.758,311.8903,311.9883,312.052,312.0816,312.077,312.0384,311.9656,311.8588,311.7177,311.5425,311.3328,311.0887,310.81,310.4965,310.1479,309.7641,309.3448,308.8896,308.3983,307.8705,307.3057,306.7037,306.0638,305.3856,304.6685,303.9119,303.1152,302.2777,301.3987,300.4773,299.5127,298.504,297.4501,296.35,295.2024,294.0057,292.7583,291.4577,290.1009,288.6832,287.1982,285.6361,283.9834,282.2226,280.3366,278.3234,276.237,274.2824,273.0271,272.054
59.0,275.0658,276.7937,278.5452,280.2987,282.0241,283.7043,285.3316,286.9027,288.416,289.8711,291.2685,292.6091,293.894,295.1247,296.3026,297.4292,298.5059,299.534,300.515,301.45,302.3402,303.1866,303.9903,304.7521,305.4728,306.1533,306.7941,307.3961,307.9596,308.4854,308.9738,309.4253,309.8403,310.2191,310.5622,310.8697,311.1421,311.3794,311.5819,311.7499,311.8833,311.9824,312.0473,312.0781,312.0747,312.0372,311.9656,311.8599,311.72,311.5459,311.3375,311.0946,310.817,310.5046,310.1573,309.7746,309.3565,308.9025,308.4124,307.8858,307.3223,306.7214,306.0827,305.4057,304.6899,303.9345,303.1391,302.3028,301.425,300.5049,299.5416,298.5341,297.4815,296.3827,295.2363,294.0409,292.7947,291.4953,290.1395,288.7228,287.2387,285.6774,284.0257,282.2665,280.3837,278.3767,276.3004,274.3584,273.0989,272.1782
60.0,275.0267,276.7537,278.5036,280.2558,281.9811,283.6615,285.2894,286.861,288.3749,289.8308,291.229,292.5704,293.8562,295.0879,296.2667,297.3943,298.472,299.5012,300.4832,301.4193,302.3105,303.158,303.9628,304.7257,305.4475,306.1291,306.7711,307.3741,307.9388,308.4657,308.9552,309.4078,309.8239,310.2039,310.5481,310.8568,311.1303,311.3688,311.5725,311.7416,311.8762,311.9765,312.0425,312.0744,312.0722,312.0359,311.9655,311.8609,311.7222,311.5493,311.3421,311.1003,310.824,310.5128,310.1666,309.7852,309.3683,308.9155,308.4266,307.9012,307.3389,306.7392,306.1018,305.426,304.7114,303.9573,303.1631,302.3281,301.4516,300.5327,299.5707,298.5645,297.5132,296.4157,295.2706,294.0765,292.8315,291.5333,290.1786,288.7629,287.2796,285.7192,284.0685,282.3111,280.4316,278.4307,276.3645,274.4349,273.1705,272.2983
61.0,274.9876,276.7137,278.4619,280.2128,281.9379,283.6186,285.2468,286.8191,288.3336,289.7902,291.1891,292.5314,293.8181,295.0507,296.2305,297.359,298.4377,299.468,300.451,301.3882,302.2805,303.1291,303.935,304.699,305.4219,306.1046,306.7477,307.3519,307.9177,308.4457,308.9364,309.3901,309.8074,310.1885,310.5339,310.8437,311.1184,311.358,311.5628,311.7331,311.8689,311.9703,312.0375,312.0706,312.0696,312.0344,311.9652,311.8619,311.7244,311.5526,311.3466,311.106,310.8309,310.5209,310.176,309.7957,309.38,308.9285,308.4408,307.9166,307.3556,306.7572,306.121,305.4464,304.7331,303.9802,303.1873,302.3536,301.4784,300.5608,299.6,298.5952,297.5452,296.4489,295.3052,294.1123,292.8686,291.5716,290.218,288.8034,287.321,285.7615,284.1119,282.3563,280.4802,278.4855,276.4293,274.5116,273.242,272.4154
62.0,274.9486,276.6736,278.4202,280.1697,281.8944,283.5753,285.204,286.7768,288.292,289.7492,291.149,292.492,293.7796,295.0131,296.1939,297.3234,298.4032,299.4345,300.4186,301.3568,302.2502,303.0999,303.9069,304.672,305.3961,306.0799,306.7241,307.3294,307.8964,308.4255,308.9173,309.3722,309.7906,310.1729,310.5194,310.8304,311.1062,311.347,311.553,311.7244,311.8614,311.964,312.0324,312.0667,312.0668,312.0329,311.9649,311.8627,311.7264,311.5559,311.351,311.1117,310.8378,310.529,310.1853,309.8063,309.3918,308.9415,308.4551,307.9321,307.3723,306.7752,306.1402,305.467,304.7549,304.0033,303.2117,302.3792,301.5053,300.589,299.6296,298.6261,297.5774,296.4825,295.34,294.1485,292.906,291.6102,290.2578,288.8442,287.3629,285.8043,284.1559,282.4021,280.5295,278.5411,276.4948,274.5887,273.3135,272.5298
63.0,274.9095,276.6336,278.3786,280.1265,281.8508,283.5319,285.161,286.7343,288.2501,289.708,291.1085,292.4524,293.7409,294.9753,296.157,297.2876,298.3683,299.4006,300.3858,301.3251,302.2196,303.0704,303.8785,304.6447,305.3699,306.0549,306.7002,307.3066,307.8747,308.405,308.8979,309.354,309.7736,310.157,310.5047,310.8169,311.0938,311.3358,311.543,311.7156,311.8538,311.9576,312.0272,312.0626,312.064,312.0312,311.9644,311.8635,311.7284,311.5591,311.3554,311.1173,310.8446,310.5371,310.1946,309.8169,309.4036,308.9546,308.4694,307.9477,307.3891,306.7932,306.1596,305.4876,304.7768,304.0265,303.2362,302.405,301.5324,300.6175,299.6594,298.6572,297.6099,296.5163,295.3752,294.1849,292.9438,291.6492,290.298,288.8855,287.4051,285.8476,284.2004,282.4486,280.5795,278.5975,276.561,274.6662,273.3849,272.642
64.0,274.8704,276.5936,278.3369,280.0832,281.8071,283.4882,285.1177,286.6915,288.2079,289.6665,291.0678,292.4125,293.7018,294.9371,296.1198,297.2514,298.3332,299.3665,300.3528,301.2932,302.1888,303.0407,303.8498,304.6172,305.3435,306.0296,306.6761,307.2836,307.8529,308.3843,308.8784,309.3356,309.7563,310.141,310.4898,310.8032,311.0813,311.3245,311.5328,311.7066,311.846,311.951,312.0218,312.0584,312.061,312.0295,311.9638,311.8641,311.7303,311.5622,311.3598,311.1229,310.8514,310.5452,310.2039,309.8274,309.4154,308.9676,308.4837,307.9633,307.406,306.8114,306.179,305.5083,304.7988,304.0498,303.2608,302.431,301.5597,300.6461,299.6893,298.6885,297.6425,296.5503,295.4106,294.2217,292.9818,291.6885,290.3385,288.9271,287.4478,285.8913,284.2454,282.4957,280.6303,278.6545,276.6278,274.7439,273.4564,272.7523
65.0,274.8314,276.5535,278.2952,280.0398,281.7632,283.4444,285.0742,286.6484,288.1654,289.6247,291.0267,292.3723,293.6625,294.8987,296.0824,297.2149,298.2977,299.3321,300.3194,301.2609,302.1576,303.0106,303.8209,304.5894,305.3168,306.004,306.6517,307.2604,307.8308,308.3633,308.8586,309.317,309.7389,310.1247,310.4747,310.7892,311.0686,311.3129,311.5225,311.6975,311.838,311.9442,312.0163,312.0541,312.0579,312.0276,311.9632,311.8647,311.7321,311.5653,311.3641,311.1285,310.8582,310.5532,310.2132,309.838,309.4272,308.9807,308.4981,307.9789,307.4229,306.8296,306.1985,305.5291,304.8209,304.0733,303.2856,302.4571,301.5871,300.6749,299.7195,298.72,297.6754,296.5846,295.4462,294.2587,293.0202,291.7282,290.3793,288.9691,287.4908,285.9355,284.291,282.5434,280.6816,278.7123,276.6952,274.8219,273.5274,272.8231
66.0,274.7923,276.5135,278.2536,279.9964,281.7191,283.4003,285.0304,286.6052,288.1227,289.5827,290.9854,292.3318,293.6229,294.86,296.0446,297.1782,298.262,299.2974,300.2858,301.2284,302.1262,302.9803,303.7917,304.5613,305.2899,305.9782,306.627,307.2369,307.8084,308.3422,308.8386,309.2981,309.7212,310.1082,310.4594,310.7751,311.0557,311.3012,311.512,311.6882,311.8299,311.9374,312.0106,312.0497,312.0547,312.0256,311.9625,311.8652,311.7338,311.5682,311.3683,311.134,310.865,310.5612,310.2225,309.8485,309.4391,308.9938,308.5125,307.9946,307.4399,306.8479,306.2181,305.55,304.8431,304.0968,303.3105,302.4834,301.6148,300.7039,299.7499,298.7518,297.7086,296.6191,295.4821,294.296,293.0588,291.7681,290.4205,289.0114,287.5343,285.9801,284.337,282.5916,280.7337,278.7707,276.7632,274.9001,273.5979,272.8907
67.0,274.7533,276.4734,278.2119,279.9529,281.6749,283.3561,284.9865,286.5616,288.0798,289.5404,290.9439,292.291,293.583,294.8211,296.0066,297.1412,298.226,299.2625,300.252,301.1956,302.0945,302.9497,303.7623,304.533,305.2627,305.9522,306.6021,307.2132,307.7859,308.3208,308.8184,309.2791,309.7034,310.0915,310.4439,310.7609,311.0426,311.2893,311.5013,311.6787,311.8217,311.9304,312.0048,312.0451,312.0514,312.0235,311.9616,311.8656,311.7355,311.5712,311.3725,311.1394,310.8717,310.5692,310.2317,309.8591,309.4509,309.0069,308.5269,308.0103,307.4569,306.8662,306.2378,305.571,304.8655,304.1205,303.3355,302.5097,301.6425,300.733,299.7804,298.7837,297.7419,296.6539,295.5183,294.3335,293.0977,291.8083,290.462,289.0541,287.5781,286.0251,284.3836,282.6404,280.7863,278.8297,276.8318,274.9785,273.6681,272.9569
68.0,274.7143,276.4334,278.1702,279.9094,281.6306,283.3117,284.9423,286.5179,288.0366,289.4979,290.9021,292.2501,293.5429,294.7818,295.9684,297.1039,298.1898,299.2273,300.2178,301.1626,302.0626,302.9189,303.7326,304.5044,305.2353,305.9259,306.577,307.1892,307.7631,308.2992,308.7979,309.2599,309.6853,310.0747,310.4283,310.7464,311.0293,311.2773,311.4905,311.6691,311.8133,311.9232,311.9989,312.0405,312.0479,312.0214,311.9607,311.866,311.7371,311.574,311.3766,311.1448,310.8784,310.5772,310.241,309.8696,309.4627,309.0201,308.5413,308.0261,307.474,306.8846,306.2575,305.5921,304.8879,304.1443,303.3606,302.5363,301.6704,300.7623,299.8111,298.8158,297.7754,296.6888,295.5546,294.3713,293.1368,291.8488,290.5037,289.097,287.6222,286.0705,284.4305,282.6898,280.8396,278.8894,276.9009,275.0571,273.7384,273.0225
69.0,274.6753,276.3933,278.1285,279.8659,281.5862,283.2671,284.898,286.474,287.9932,289.4552,290.8601,292.2088,293.5025,294.7424,295.9299,297.0664,298.1533,299.1919,300.1835,301.1293,302.0304,302.8879,303.7026,304.4756,305.2076,305.8994,306.5517,307.1651,307.7401,308.2774,308.7773,309.2404,309.6671,310.0576,310.4124,310.7318,311.0159,311.2651,311.4795,311.6594,311.8048,311.916,311.9929,312.0357,312.0444,312.0191,311.9597,311.8662,311.7386,311.5768,311.3807,311.1502,310.885,310.5851,310.2502,309.8801,309.4746,309.0332,308.5558,308.0419,307.4911,306.9031,306.2773,305.6133,304.9104,304.1682,303.3859,302.5629,301.6984,300.7917,299.8419,298.8481,297.8091,296.724,295.5912,294.4093,293.1762,291.8895,290.5458,289.1403,287.6667,286.1163,284.478,282.7396,280.8934,278.9497,276.9705,275.1359,273.8096,273.0878
70.0,274.6362,276.3533,278.0868,279.8223,281.5417,283.2224,284.8535,286.4299,287.9497,289.4122,290.8179,292.1674,293.4619,294.7027,295.8912,297.0286,298.1166,299.1562,300.1489,301.0958,301.998,302.8566,303.6725,304.4466,305.1798,305.8727,306.5262,307.1407,307.7169,308.2554,308.7565,309.2208,309.6487,310.0404,310.3964,310.717,311.0024,311.2528,311.4684,311.6495,311.7962,311.9086,311.9868,312.0308,312.0408,312.0167,311.9586,311.8664,311.7401,311.5796,311.3847,311.1555,310.8916,310.593,310.2594,309.8907,309.4864,309.0464,308.5703,308.0577,307.5083,306.9216,306.2972,305.6345,304.933,304.1921,303.4112,302.5897,301.7266,300.8213,299.873,298.8805,297.843,296.7593,295.628,294.4475,293.2159,291.9305,290.5881,289.1839,287.7116,286.1625,284.5258,282.79,280.9478,279.0105,277.0406,275.2149,273.8815,273.153
71.0,274.5973,276.3132,278.0452,279.7787,281.4971,283.1776,284.8088,286.3856,287.9059,289.3691,290.7754,292.1257,293.4211,294.6628,295.8522,296.9907,298.0796,299.1203,300.1141,301.0621,301.9654,302.8251,303.6421,304.4174,305.1517,305.8458,306.5004,307.1161,307.6936,308.2332,308.7355,309.201,309.6301,310.0231,310.3803,310.7021,310.9887,311.2403,311.4572,311.6395,311.7875,311.9011,311.9805,312.0258,312.0371,312.0143,311.9574,311.8665,311.7415,311.5822,311.3887,311.1607,310.8982,310.6009,310.2686,309.9012,309.4982,309.0596,308.5848,308.0736,307.5255,306.9402,306.3171,305.6558,304.9557,304.2162,303.4367,302.6165,301.7549,300.8511,299.9041,298.9131,297.8771,296.7948,295.665,294.4859,293.2557,291.9718,290.6307,289.2278,287.7567,286.209,284.5741,282.8408,281.0027,279.0718,277.1111,275.294,273.9542,273.2182
72.0,274.5583,276.2731,278.0035,279.7351,281.4524,283.1327,284.764,286.3411,287.8619,289.3257,290.7328,292.0839,293.3801,294.6227,295.8131,296.9525,298.0425,299.0842,300.0791,301.0281,301.9326,302.7934,303.6116,304.388,305.1235,305.8188,306.4745,307.0914,307.67,308.2108,308.7144,309.1811,309.6113,310.0055,310.364,310.687,310.9748,311.2277,311.4458,311.6294,311.7786,311.8935,311.9742,312.0208,312.0333,312.0117,311.9562,311.8665,311.7428,311.5849,311.3926,311.166,310.9047,310.6088,310.2778,309.9117,309.5101,309.0727,308.5993,308.0894,307.5427,306.9588,306.3371,305.6771,304.9784,304.2403,303.4623,302.6435,301.7833,300.8809,299.9354,298.9459,297.9113,296.8305,295.7021,294.5246,293.2958,292.0132,290.6735,289.2719,287.8022,286.2559,284.6228,282.8921,281.0581,279.1337,277.1821,275.3733,274.0275,273.2835
73.0,274.5193,276.2331,277.9618,279.6915,281.4077,283.0876,284.719,286.2965,287.8178,289.2822,290.69,292.0419,293.3389,294.5824,295.7737,296.9142,298.0051,299.048,300.0439,300.994,301.8996,302.7615,303.5809,304.3584,305.0951,305.7915,306.4484,307.0665,307.6463,308.1883,308.6931,309.161,309.5925,309.9879,310.3475,310.6718,310.9608,311.215,311.4344,311.6192,311.7696,311.8858,311.9677,312.0156,312.0294,312.0091,311.9549,311.8665,311.7441,311.5874,311.3965,311.1712,310.9112,310.6166,310.287,309.9222,309.5219,309.0859,308.6138,308.1053,307.56,306.9774,306.3571,305.6985,305.0012,304.2646,303.4879,302.6706,301.8118,300.9109,299.9668,298.9788,297.9457,296.8664,295.7395,294.5634,293.336,292.0549,290.7165,289.3163,287.8479,286.3031,284.6719,282.9439,281.114,279.1961,277.2534,275.4528,274.1015,273.3488
74.0,274.4803,276.193,277.92,279.6479,281.3629,283.0424,284.6739,286.2518,287.7735,289.2385,290.647,291.9996,293.2975,294.5419,295.7342,296.8756,297.9676,299.0115,300.0085,300.9597,301.8664,302.7295,303.5499,304.3287,305.0664,305.7641,306.4222,307.0414,307.6224,308.1656,308.6716,309.1407,309.5734,309.9701,310.331,310.6564,310.9467,311.2021,311.4228,311.6088,311.7605,311.8779,311.9612,312.0103,312.0254,312.0064,311.9535,311.8664,311.7453,311.5899,311.4003,311.1763,310.9177,310.6244,310.2961,309.9327,309.5338,309.0991,308.6284,308.1212,307.5773,306.9961,306.3771,305.72,305.0241,304.2889,303.5136,302.6977,301.8404,300.9409,299.9984,299.0118,297.9802,296.9024,295.777,294.6024,293.3765,292.0968,290.7598,289.3609,287.8939,286.3507,284.7213,282.996,281.1704,279.2589,277.3251,275.5324,274.1761,273.4141
75.0,274.4413,276.1529,277.8783,279.6043,281.318,282.9972,284.6287,286.2069,287.7291,289.1947,290.6039,291.9573,293.256,294.5013,295.6945,296.8369,297.9299,298.9748,299.9729,300.9253,301.833,302.6972,303.5188,304.2987,305.0377,305.7365,306.3958,307.0162,307.5984,308.1428,308.65,309.1203,309.5542,309.9521,310.3143,310.641,310.9325,311.1891,311.411,311.5984,311.7513,311.87,311.9546,312.005,312.0213,312.0037,311.952,311.8663,311.7464,311.5924,311.4041,311.1814,310.9242,310.6322,310.3052,309.9431,309.5456,309.1123,308.6429,308.1372,307.5946,307.0148,306.3973,305.7415,305.047,304.3132,303.5394,302.725,301.8691,300.9711,300.03,299.045,298.0149,296.9386,295.8147,294.6415,293.4171,292.1389,290.8033,289.4058,287.9402,286.3985,284.7711,283.0486,281.2272,279.3222,277.3972,275.6121,274.2512,273.4796
76.0,274.4024,276.1128,277.8366,279.5607,281.2731,282.9518,284.5834,286.1618,287.6845,289.1507,290.5606,291.9147,293.2143,294.4605,295.6546,296.798,297.8921,298.938,299.9372,300.8906,301.7995,302.6649,303.4876,304.2686,305.0088,305.7087,306.3692,306.9908,307.5742,308.1198,308.6282,309.0998,309.5349,309.934,310.2974,310.6254,310.9182,311.1761,311.3992,311.5878,311.7421,311.862,311.9478,311.9995,312.0172,312.0009,311.9505,311.866,311.7475,311.5948,311.4079,311.1865,310.9306,310.6399,310.3144,309.9536,309.5574,309.1255,308.6575,308.1531,307.6119,307.0335,306.4174,305.7631,305.07,304.3376,303.5653,302.7523,301.8979,301.0014,300.0618,299.0783,298.0497,296.9749,295.8525,294.6808,293.4579,292.1811,290.847,289.4509,287.9867,286.4466,284.8212,283.1015,281.2844,279.3859,277.4695,275.6919,274.3269,273.5451
77.0,274.3634,276.0727,277.7949,279.5171,281.2282,282.9064,284.538,286.1167,287.6399,289.1066,290.5171,291.8721,293.1725,294.4196,295.6146,296.759,297.8541,298.9011,299.9013,300.8558,301.7659,302.6323,303.4562,304.2384,304.9797,305.6808,306.3425,306.9653,307.5499,308.0968,308.6063,309.0791,309.5155,309.9159,310.2805,310.6097,310.9037,311.1629,311.3873,311.5772,311.7327,311.854,311.941,311.994,312.013,311.998,311.9489,311.8658,311.7486,311.5972,311.4116,311.1915,310.937,310.6477,310.3235,309.9641,309.5692,309.1387,308.6721,308.1691,307.6293,307.0523,306.4376,305.7847,305.0931,304.3621,303.5912,302.7797,301.9268,301.0317,300.0937,299.1116,298.0846,297.0113,295.8904,294.7203,293.4988,292.2235,290.8908,289.4961,288.0334,286.4949,284.8716,283.1548,281.342,279.4499,277.5422,275.7719,274.4029,273.6108
78.0,274.3245,276.0326,277.7532,279.4735,281.1832,282.861,284.4925,286.0715,287.5951,289.0624,290.4736,291.8293,293.1305,294.3785,295.5745,296.7199,297.8159,298.864,299.8653,300.8209,301.7321,302.5997,303.4247,304.208,304.9505,305.6528,306.3157,306.9397,307.5255,308.0735,308.5844,309.0584,309.496,309.8976,310.2634,310.5939,310.8892,311.1496,311.3753,311.5665,311.7233,311.8458,311.9342,311.9885,312.0087,311.995,311.9472,311.8655,311.7496,311.5995,311.4152,311.1966,310.9433,310.6554,310.3325,309.9745,309.5811,309.1519,308.6867,308.1851,307.6467,307.0711,306.4578,305.8063,305.1161,304.3866,303.6172,302.8072,301.9557,301.0622,300.1256,299.1451,298.1195,297.0478,295.9284,294.7598,293.5399,292.2661,290.9348,289.5416,288.0804,286.5436,284.9223,283.2084,281.4,279.5143,277.615,275.8518,274.4793,273.6765
79.0,274.2856,275.9925,277.7114,279.4299,281.1383,282.8154,284.4469,286.0261,287.5502,289.0181,290.4299,291.7864,293.0884,294.3373,295.5342,296.6806,297.7777,298.8268,299.8291,300.7859,301.6981,302.5669,303.393,304.1776,304.9212,305.6247,306.2887,306.914,307.5009,308.0502,308.5623,309.0375,309.4763,309.8792,310.2463,310.578,310.8746,311.1362,311.3632,311.5557,311.7137,311.8376,311.9272,311.9828,312.0044,311.992,311.9455,311.8651,311.7505,311.6018,311.4189,311.2015,310.9497,310.6631,310.3416,309.9849,309.5929,309.1651,308.7013,308.2011,307.6641,307.0899,306.478,305.828,305.1393,304.4112,303.6433,302.8347,301.9848,301.0927,300.1577,299.1786,298.1546,297.0844,295.9666,294.7995,293.5811,292.3088,290.979,289.5872,288.1275,286.5924,284.9732,283.2623,281.4583,279.5791,277.6881,275.9319,274.5561,273.7424
80.0,274.2466,275.9524,277.6697,279.3863,281.0933,282.7699,284.4013,285.9807,287.5052,288.9737,290.3862,291.7434,293.0462,294.296,295.4938,296.6412,297.7393,298.7895,299.7929,300.7507,301.6641,302.534,303.3613,304.147,304.8918,305.5964,306.2617,306.8881,307.4763,308.0268,308.5401,309.0165,309.4566,309.8607,310.2291,310.562,310.8599,311.1228,311.351,311.5448,311.7041,311.8293,311.9202,311.9771,312.0,311.9889,311.9438,311.8647,311.7515,311.6041,311.4225,311.2065,310.956,310.6708,310.3506,309.9954,309.6047,309.1783,308.7159,308.2171,307.6815,307.1087,306.4983,305.8497,305.1624,304.4358,303.6694,302.8623,302.0138,301.1233,300.1898,299.2123,298.1898,297.1211,296.0049,294.8393,293.6225,292.3516,291.0233,289.633,288.1748,286.6414,285.0245,283.3165,281.5169,279.6441,277.7614,276.012,274.6332,273.8089
81.0,274.2077,275.9123,277.6279,279.3428,281.0483,282.7243,284.3556,285.9353,287.4601,288.9291,290.3423,291.7003,293.0039,294.2546,295.4534,296.6017,297.7008,298.752,299.7565,300.7155,301.6299,302.501,303.3294,304.1163,304.8622,305.5681,306.2345,306.8622,307.4516,308.0033,308.5178,308.9955,309.4368,309.8421,310.2117,310.546,310.8451,311.1093,311.3388,311.5338,311.6945,311.8209,311.9132,311.9714,311.9956,311.9858,311.942,311.8642,311.7523,311.6063,311.4261,311.2114,310.9623,310.6784,310.3597,310.0058,309.6165,309.1915,308.7305,308.2331,307.6989,307.1276,306.5186,305.8715,305.1856,304.4605,303.6955,302.8899,302.043,301.1539,300.2219,299.246,298.2251,297.1579,296.0432,294.8792,293.6639,292.3945,291.0677,289.6789,288.2223,286.6907,285.0759,283.371,281.5759,279.7094,277.8349,276.0921,274.7106,273.8759
82.0,274.1688,275.8722,277.5862,279.2992,281.0033,282.6786,284.3099,285.8897,287.415,288.8846,290.2984,291.6571,292.9616,294.2131,295.4128,296.5621,297.6623,298.7145,299.7201,300.6801,301.5957,302.4679,303.2975,304.0855,304.8326,305.5397,306.2073,306.8361,307.4268,307.9797,308.4954,308.9743,309.4169,309.8235,310.1944,310.5298,310.8302,311.0957,311.3265,311.5228,311.6848,311.8125,311.9061,311.9656,311.9911,311.9826,311.9402,311.8637,311.7532,311.6085,311.4296,311.2163,310.9685,310.6861,310.3687,310.0162,309.6283,309.2047,308.7451,308.2491,307.7164,307.1465,306.5389,305.8932,305.2088,304.4852,303.7217,302.9176,302.0721,301.1846,300.2541,299.2798,298.2604,297.1948,296.0817,294.9192,293.7054,292.4375,291.1122,289.725,288.27,286.7401,285.1276,283.4258,281.6351,279.7749,277.9084,276.1722,274.7882,273.9433
83.0,274.1299,275.8321,277.5445,279.2557,280.9583,282.633,284.2641,285.8442,287.3698,288.8399,290.2544,291.6138,292.9191,294.1715,295.3722,296.5225,297.6236,298.6769,299.6836,300.6447,301.5614,302.4347,303.2655,304.0546,304.8029,305.5112,306.18,306.81,307.4019,307.956,308.473,308.9531,309.397,309.8048,310.1769,310.5137,310.8153,311.0821,311.3142,311.5118,311.675,311.804,311.8989,311.9597,311.9866,311.9794,311.9383,311.8632,311.754,311.6107,311.4331,311.2212,310.9748,310.6937,310.3777,310.0266,309.6401,309.2179,308.7597,308.2651,307.7338,307.1653,306.5592,305.915,305.2321,304.5099,303.7479,302.9453,302.1014,301.2154,300.2864,299.3136,298.2958,297.2317,296.1201,294.9593,293.747,292.4807,291.1569,289.7711,288.3177,286.7897,285.1794,283.4807,281.6945,279.8407,277.9821,276.2522,274.8661,274.0112
84.0,274.091,275.792,277.5027,279.2121,280.9133,282.5873,284.2183,285.7986,287.3246,288.7952,290.2103,291.5705,292.8766,294.1299,295.3315,296.4827,297.5849,298.6393,299.647,300.6092,301.527,302.4014,303.2334,304.0237,304.7732,305.4826,306.1526,306.7839,307.3769,307.9323,308.4505,308.9319,309.3769,309.786,310.1594,310.4974,310.8003,311.0684,311.3018,311.5006,311.6652,311.7955,311.8917,311.9539,311.982,311.9762,311.9364,311.8626,311.7548,311.6128,311.4366,311.2261,310.981,310.7013,310.3867,310.0369,309.6518,309.231,308.7743,308.2811,307.7513,307.1842,306.5796,305.9368,305.2553,304.5346,303.7741,302.973,302.1306,301.2461,300.3187,299.3474,298.3312,297.2687,296.1587,294.9994,293.7886,292.5238,291.2016,289.8174,288.3656,286.8394,285.2315,283.5359,281.7542,279.9066,278.0559,276.3322,274.9441,274.0794
85.0,274.0521,275.7519,277.461,279.1686,280.8683,282.5417,284.1725,285.7529,287.2793,288.7505,290.1663,291.5272,292.8341,294.0882,295.2908,296.443,297.5462,298.6015,299.6103,300.5737,301.4926,302.3681,303.2012,303.9927,304.7434,305.454,306.1252,306.7577,307.3519,307.9085,308.4279,308.9106,309.3569,309.7672,310.1419,310.4811,310.7853,311.0547,311.2893,311.4895,311.6553,311.787,311.8845,311.9479,311.9774,311.9729,311.9345,311.862,311.7555,311.6149,311.4401,311.2309,310.9872,310.7089,310.3957,310.0473,309.6636,309.2442,308.7889,308.2971,307.7687,307.2031,306.5999,305.9586,305.2786,304.5594,303.8003,303.0007,302.1599,301.2769,300.3511,299.3813,298.3666,297.3058,296.1973,295.0395,293.8303,292.5671,291.2464,289.8637,288.4136,286.8893,285.2837,283.5913,281.814,279.9727,278.1296,276.4121,275.0222,274.148
86.0,274.0132,275.7118,277.4192,279.1251,280.8234,282.496,284.1267,285.7073,287.2341,288.7057,290.1221,291.4838,292.7915,294.0465,295.25,296.4032,297.5074,298.5638,299.5736,300.5381,301.4581,302.3348,303.169,303.9617,304.7135,305.4253,306.0977,306.7314,307.3269,307.8847,308.4053,308.8892,309.3368,309.7483,310.1243,310.4648,310.7703,311.0409,311.2768,311.4783,311.6454,311.7784,311.8772,311.942,311.9728,311.9696,311.9325,311.8614,311.7563,311.617,311.4435,311.2357,310.9934,310.7165,310.4046,310.0577,309.6754,309.2574,308.8034,308.3132,307.7862,307.222,306.6202,305.9804,305.3019,304.5842,303.8266,303.0285,302.1892,301.3078,300.3834,299.4153,298.4021,297.3428,296.2359,295.0797,293.8721,292.6104,291.2912,289.9101,288.4617,286.9393,285.336,283.6468,281.874,280.0389,278.2034,276.492,275.1004,274.2168
87.0,273.9744,275.6717,277.3775,279.0816,280.7784,282.4504,284.0809,285.6616,287.1888,288.661,290.078,291.4404,292.7489,294.0048,295.2092,296.3633,297.4685,298.526,299.5369,300.5025,301.4236,302.3014,303.1368,303.9306,304.6836,305.3966,306.0702,306.7051,307.3018,307.8608,308.3827,308.8678,309.3166,309.7295,310.1066,310.4485,310.7552,311.0271,311.2643,311.4671,311.6355,311.7698,311.8699,311.936,311.9682,311.9663,311.9306,311.8608,311.757,311.6191,311.447,311.2405,310.9996,310.724,310.4136,310.068,309.6871,309.2706,308.818,308.3292,307.8036,307.2409,306.6406,306.0022,305.3252,304.6089,303.8529,303.0563,302.2185,301.3386,300.4158,299.4492,298.4376,297.3799,296.2746,295.1199,293.9139,292.6537,291.3361,289.9566,288.5098,286.9893,285.3884,283.7024,281.9341,280.1052,278.2772,276.5717,275.1786,274.2859
88.0,273.9355,275.6315,277.3357,279.0381,280.7335,282.4048,284.0351,285.6159,287.1435,288.6162,290.0339,291.397,292.7063,293.9631,295.1684,296.3235,297.4297,298.4882,299.5002,300.4668,301.3891,302.268,303.1046,303.8995,304.6537,305.3679,306.0427,306.6788,307.2767,307.837,308.3601,308.8464,309.2965,309.7106,310.089,310.4321,310.7401,311.0133,311.2518,311.4559,311.6256,311.7612,311.8626,311.93,311.9635,311.963,311.9286,311.8601,311.7577,311.6212,311.4504,311.2453,311.0058,310.7316,310.4225,310.0784,309.6989,309.2837,308.8326,308.3452,307.821,307.2598,306.6609,306.024,305.3484,304.6337,303.8791,303.0841,302.2478,301.3694,300.4482,299.4831,298.4731,297.417,296.3132,295.1601,293.9556,292.697,291.381,290.0031,288.558,287.0394,285.441,283.7582,281.9944,280.1715,278.3509,276.6512,275.2569,274.3553
89.0,273.8966,275.5914,277.294,278.9947,280.6887,282.3592,283.9893,285.5703,287.0982,288.5714,289.9897,291.3536,292.6637,293.9213,295.1275,296.2836,297.3908,298.4504,299.4635,300.4312,301.3546,302.2346,303.0723,303.8685,304.6238,305.3392,306.0152,306.6525,307.2516,307.8131,308.3374,308.825,309.2763,309.6917,310.0714,310.4157,310.725,310.9995,311.2393,311.4446,311.6157,311.7525,311.8553,311.924,311.9588,311.9597,311.9266,311.8595,311.7584,311.6232,311.4538,311.2501,311.0119,310.7391,310.4315,310.0887,309.7106,309.2969,308.8472,308.3612,307.8385,307.2787,306.6813,306.0458,305.3717,304.6585,303.9054,303.1118,302.2771,301.4003,300.4806,299.5171,298.5086,297.4541,296.3519,295.2004,293.9974,292.7404,291.4259,290.0496,288.6062,287.0896,285.4936,283.8141,282.0547,280.2379,278.4246,276.7306,275.3352,274.4248
90.0,273.8578,275.5513,277.2522,278.9512,280.6438,282.3137,283.9436,285.5247,287.0529,288.5267,289.9456,291.3102,292.6211,293.8796,295.0867,296.2438,297.352,298.4126,299.4267,300.3955,301.32,302.2013,303.0401,303.8374,304.5939,305.3105,305.9877,306.6261,307.2265,307.7892,308.3148,308.8036,309.2561,309.6727,310.0537,310.3993,310.7099,310.9856,311.2267,311.4334,311.6057,311.7439,311.848,311.918,311.9541,311.9563,311.9246,311.8588,311.7591,311.6252,311.4572,311.2549,311.0181,310.7467,310.4404,310.099,309.7223,309.31,308.8617,308.3772,307.8559,307.2975,306.7016,306.0676,305.395,304.6832,303.9317,303.1396,302.3064,301.4311,300.513,299.551,298.5442,297.4911,296.3905,295.2406,294.0392,292.7837,291.4708,290.0961,288.6545,287.1398,285.5462,283.87,282.1152,280.3043,278.4981,276.8098,275.4134,274.4945
91.0,273.8189,275.5112,277.2105,278.9078,280.5991,282.2682,283.8979,285.4791,287.0077,288.482,289.9015,291.2668,292.5786,293.8379,295.0459,296.204,297.3132,298.3748,299.39,300.3599,301.2855,302.1679,303.0078,303.8063,304.564,305.2817,305.9601,306.5998,307.2014,307.7653,308.2921,308.7822,309.236,309.6538,310.0361,310.383,310.6948,310.9718,311.2142,311.4221,311.5958,311.7353,311.8406,311.912,311.9495,311.953,311.9225,311.8582,311.7598,311.6273,311.4606,311.2597,311.0242,310.7542,310.4493,310.1093,309.734,309.3231,308.8763,308.3931,307.8733,307.3164,306.7219,306.0894,305.4182,304.708,303.9579,303.1674,302.3356,301.4619,300.5453,299.5849,298.5796,297.5282,296.4292,295.2808,294.081,292.8271,291.5157,290.1426,288.7027,287.1901,285.5989,283.926,282.1756,280.3707,278.5715,276.8887,275.4915,274.5642
92.0,273.7801,275.471,277.1687,278.8644,280.5543,282.2227,283.8522,285.4336,286.9625,288.4373,289.8575,291.2235,292.536,293.7962,295.0052,296.1642,297.2744,298.3371,299.3533,300.3243,301.2511,302.1345,302.9756,303.7752,304.5341,305.2531,305.9326,306.5735,307.1763,307.7415,308.2695,308.7608,309.2158,309.6349,310.0184,310.3666,310.6797,310.958,311.2017,311.4109,311.5858,311.7266,311.8333,311.906,311.9448,311.9496,311.9205,311.8575,311.7604,311.6293,311.464,311.2644,311.0304,310.7617,310.4582,310.1196,309.7457,309.3362,308.8908,308.4091,307.8907,307.3352,306.7422,306.1111,305.4415,304.7327,303.9841,303.1951,302.3649,301.4927,300.5777,299.6188,298.6151,297.5652,296.4677,295.321,294.1227,292.8704,291.5605,290.1891,288.7509,287.2403,285.6516,283.982,282.236,280.4371,278.6447,276.9674,275.5695,274.6341
93.0,273.7412,275.4309,277.127,278.821,280.5096,282.1773,283.8066,285.3881,286.9174,288.3927,289.8135,291.1802,292.4935,293.7546,294.9645,296.1244,297.2357,298.2994,299.3167,300.2888,301.2166,302.1012,302.9435,303.7442,304.5043,305.2244,305.9052,306.5473,307.1512,307.7176,308.2469,308.7394,309.1957,309.6161,310.0008,310.3502,310.6646,310.9442,311.1892,311.3997,311.5759,311.718,311.826,311.9,311.9401,311.9463,311.9185,311.8568,311.7611,311.6314,311.4674,311.2692,311.0365,310.7692,310.4671,310.1299,309.7574,309.3494,308.9053,308.425,307.9081,307.3541,306.7625,306.1329,305.4647,304.7574,304.0103,303.2228,302.3941,301.5235,300.61,299.6527,298.6505,297.6022,296.5063,295.3611,294.1644,292.9136,291.6054,290.2355,288.7991,287.2905,285.7044,284.0379,282.2965,280.5033,278.7177,277.0458,275.6474,274.704
94.0,273.7024,275.3908,277.0852,278.7777,280.465,282.132,283.7611,285.3427,286.8723,288.3481,289.7696,291.137,292.4511,293.713,294.9238,296.0848,297.197,298.2617,299.2801,300.2533,301.1822,302.0679,302.9113,303.7133,304.4745,305.1958,305.8778,306.5211,307.1262,307.6938,308.2243,308.7181,309.1756,309.5972,309.9832,310.3339,310.6496,310.9304,311.1767,311.3885,311.566,311.7094,311.8187,311.8941,311.9355,311.943,311.9165,311.8562,311.7618,311.6334,311.4708,311.274,311.0427,310.7767,310.476,310.1402,309.7691,309.3625,308.9199,308.441,307.9255,307.3729,306.7827,306.1546,305.4879,304.7821,304.0365,303.2505,302.4233,301.5542,300.6422,299.6865,298.6859,297.6391,296.5448,295.4011,294.206,292.9568,291.6501,290.2819,288.8473,287.3407,285.757,284.0939,282.3568,280.5695,278.7905,277.1238,275.725,274.7739
95.0,273.6636,275.3506,277.0435,278.7343,280.4204,282.0868,283.7156,285.2973,286.8273,288.3036,289.7257,291.0938,292.4088,293.6716,294.8833,296.0452,297.1584,298.2241,299.2436,300.2178,301.1479,302.0347,302.8793,303.6824,304.4448,305.1672,305.8504,306.4949,307.1013,307.6701,308.2018,308.6968,309.1556,309.5784,309.9657,310.3176,310.6346,310.9167,311.1642,311.3773,311.5561,311.7008,311.8115,311.8881,311.9308,311.9396,311.9145,311.8555,311.7625,311.6354,311.4742,311.2787,311.0488,310.7843,310.4849,310.1505,309.7808,309.3755,308.9343,308.4569,307.9428,307.3916,306.803,306.1763,305.511,304.8067,304.0626,303.2781,302.4524,301.5848,300.6744,299.7202,298.7212,297.676,296.5832,295.4411,294.2476,292.9999,291.6948,290.3283,288.8954,287.3908,285.8097,284.1498,282.4172,280.6355,278.8631,277.2016,275.8025,274.8437
96.0,273.6247,275.3105,277.0018,278.691,280.3759,282.0416,283.6702,285.2521,286.7824,288.2592,289.6819,291.0508,292.3665,293.6302,294.8428,296.0056,297.1198,298.1866,299.2072,300.1825,301.1136,302.0016,302.8473,303.6515,304.4151,305.1387,305.8231,306.4688,307.0764,307.6464,308.1793,308.6756,309.1356,309.5597,309.9482,310.3014,310.6196,310.903,311.1518,311.3662,311.5463,311.6923,311.8042,311.8822,311.9262,311.9364,311.9126,311.8549,311.7632,311.6375,311.4776,311.2835,311.0549,310.7918,310.4938,310.1608,309.7925,309.3886,308.9488,308.4728,307.9601,307.4104,306.8232,306.1979,305.5342,304.8313,304.0887,303.3057,302.4815,301.6155,300.7066,299.7539,298.7564,297.7128,296.6216,295.481,294.289,293.0429,291.7394,290.3745,288.9434,287.4409,285.8622,284.2057,282.4774,280.7013,278.9353,277.279,275.8796,274.9135
97.0,273.5849,275.2704,276.9601,278.6478,280.3315,281.9965,283.625,285.2069,286.7376,288.2149,289.6382,291.0078,292.3244,293.5889,294.8024,295.9662,297.0814,298.1492,299.1708,300.1472,301.0795,301.9686,302.8154,303.6208,304.3855,305.1103,305.7959,306.4427,307.0515,307.6228,308.1569,308.6544,309.1157,309.541,309.9307,310.2852,310.6047,310.8893,311.1394,311.3551,311.5365,311.6838,311.797,311.8763,311.9216,311.9331,311.9106,311.8543,311.764,311.6396,311.4811,311.2883,311.0611,310.7993,310.5027,310.1711,309.8042,309.4017,308.9633,308.4887,307.9774,307.4291,306.8433,306.2196,305.5573,304.8559,304.1147,303.3332,302.5106,301.646,300.7387,299.7876,298.7916,297.7495,296.6598,295.5208,294.3304,293.0858,291.7839,290.4206,288.9913,287.4908,285.9147,284.2614,282.5375,280.767,279.0073,277.356,275.9565,274.9831
98.0,273.5436,275.2302,276.9184,278.6045,280.2871,281.9515,283.5798,285.1619,286.6929,288.1707,289.5947,290.965,292.2823,293.5477,294.7621,295.9269,297.0431,298.1119,299.1346,300.1121,301.0454,301.9356,302.7836,303.5901,304.356,305.082,305.7687,306.4168,307.0268,307.5992,308.1346,308.6333,309.0958,309.5224,309.9134,310.2691,310.5898,310.8757,311.1271,311.3441,311.5267,311.6753,311.7898,311.8704,311.9171,311.9299,311.9087,311.8537,311.7647,311.6417,311.4845,311.2931,311.0672,310.8068,310.5116,310.1813,309.8158,309.4147,308.9777,308.5045,307.9947,307.4478,306.8635,306.2411,305.5803,304.8804,304.1407,303.3607,302.5396,301.6765,300.7707,299.8211,298.8267,297.7861,296.698,295.5606,294.3716,293.1286,291.8283,290.4666,289.0391,287.5407,285.9671,284.3171,282.5974,280.8324,279.0789,277.4325,276.0331,275.0526
99.0,273.5004,275.19,276.8766,278.5613,280.2428,281.9066,283.5347,285.117,286.6484,288.1267,289.5512,290.9223,292.2404,293.5066,294.722,295.8877,297.0049,298.0748,299.0984,300.077,301.0115,301.9028,302.7519,303.5596,304.3266,305.0538,305.7417,306.3909,307.0021,307.5758,308.1124,308.6123,309.076,309.5038,309.8961,310.253,310.575,310.8622,311.1148,311.3331,311.517,311.6669,311.7827,311.8646,311.9126,311.9267,311.9069,311.8531,311.7655,311.6438,311.4879,311.2979,311.0734,310.8143,310.5204,310.1916,309.8274,309.4277,308.9922,308.5204,308.0119,307.4665,306.8836,306.2627,305.6033,304.9048,304.1666,303.3881,302.5685,301.7069,300.8026,299.8546,298.8617,297.8226,296.7361,295.6001,294.4128,293.1713,291.8725,290.5125,289.0868,287.5904,286.0193,284.3726,282.6572,280.8976,279.1501,277.5086,276.1092,275.122
100.0,273.4553,275.1497,276.8349,278.5181,280.1986,281.8619,283.4898,285.0722,286.6039,288.0827,289.5079,290.8797,292.1986,293.4657,294.6819,295.8486,296.9668,298.0377,299.0624,300.0421,300.9776,301.8701,302.7203,303.5291,304.2973,305.0256,305.7147,306.3652,306.9776,307.5524,308.0902,308.5914,309.0563,309.4854,309.8789,310.2371,310.5603,310.8488,311.1026,311.3221,311.5074,311.6585,311.7757,311.8588,311.9081,311.9235,311.905,311.8526,311.7663,311.6459,311.4914,311.3027,311.0795,310.8218,310.5293,310.2018,309.8391,309.4408,309.0066,308.5362,308.0292,307.4851,306.9036,306.2842,305.6262,304.9292,304.1925,303.4154,302.5973,301.7372,300.8344,299.8879,298.8965,297.8591,296.774,295.6396,294.4538,293.2138,291.9166,290.5583,289.1343,287.64,286.0715,284.4279,282.7168,280.9625,279.2209,277.5843,276.185,275.191
101.0,273.4079,275.1093,276.7932,278.475,280.1545,281.8172,283.445,285.0275,286.5596,288.0389,289.4648,290.8372,292.1569,293.4249,294.6421,295.8097,296.9289,298.0008,299.0266,300.0073,300.9439,301.8375,302.6888,303.4988,304.2682,304.9976,305.6879,306.3395,306.9531,307.5292,308.0682,308.5706,309.0367,309.467,309.8617,310.2212,310.5457,310.8354,311.0905,311.3113,311.4978,311.6502,311.7687,311.8531,311.9037,311.9204,311.9032,311.8521,311.7671,311.6481,311.4949,311.3075,311.0857,310.8293,310.5382,310.2121,309.8507,309.4538,309.021,308.5519,308.0463,307.5037,306.9236,306.3056,305.6491,304.9535,304.2183,303.4427,302.626,301.7675,300.8662,299.9212,298.9313,297.8953,296.8118,295.6789,294.4946,293.2562,291.9606,290.6038,289.1817,287.6894,286.1234,284.4831,282.7762,281.0272,279.2913,277.6594,276.2604,275.2599
102.0,273.3578,275.0687,276.7515,278.4319,280.1105,281.7727,283.4003,284.983,286.5154,287.9953,289.4217,290.7949,292.1154,293.3842,294.6023,295.7709,296.8911,297.964,298.9909,299.9726,300.9104,301.8051,302.6575,303.4686,304.2391,304.9698,305.6612,306.314,306.9288,307.5061,308.0463,308.5499,309.0172,309.4487,309.8447,310.2054,310.5311,310.8221,311.0785,311.3005,311.4883,311.642,311.7617,311.8475,311.8993,311.9173,311.9014,311.8517,311.768,311.6502,311.4984,311.3123,311.0919,310.8369,310.5471,310.2223,309.8623,309.4667,309.0353,308.5677,308.0635,307.5223,306.9436,306.327,305.6719,304.9778,304.244,303.4699,302.6547,301.7976,300.8978,299.9543,298.9659,297.9315,296.8495,295.7181,294.5353,293.2984,292.0043,290.6492,289.2288,287.7386,286.1751,284.5381,282.8353,281.0914,279.3613,277.734,276.3352,275.3284
103.0,273.3046,275.0281,276.7098,278.3889,280.0666,281.7283,283.3558,284.9386,286.4714,287.9518,289.3789,290.7528,292.0741,293.3438,294.5628,295.7323,296.8535,297.9274,298.9553,299.9382,300.877,301.7728,302.6264,303.4386,304.2103,304.9421,305.6347,306.2887,306.9046,307.4831,308.0245,308.5293,308.9979,309.4306,309.8278,310.1897,310.5167,310.8089,311.0665,311.2898,311.4789,311.6339,311.7548,311.8419,311.895,311.9143,311.8997,311.8513,311.7689,311.6525,311.5019,311.3172,311.0981,310.8444,310.556,310.2326,309.8739,309.4797,309.0496,308.5834,308.0806,307.5408,306.9635,306.3483,305.6947,305.002,304.2696,303.497,302.6832,301.8276,300.9293,299.9873,299.0004,297.9675,296.887,295.7571,294.5758,293.3405,292.0479,290.6945,289.2758,287.7877,286.2267,284.5928,282.8942,281.1554,279.4308,277.808,276.4096,275.3966
104.0,273.2476,274.9872,276.6681,278.3459,280.0228,281.684,283.3114,284.8944,286.4276,287.9085,289.3362,290.7109,292.033,293.3035,294.5234,295.6939,296.816,297.891,298.9199,299.9039,300.8438,301.7407,302.5954,303.4087,304.1815,304.9145,305.6082,306.2634,306.8806,307.4602,308.0028,308.5088,308.9786,309.4126,309.811,310.1741,310.5023,310.7958,311.0547,311.2792,311.4696,311.6258,311.748,311.8363,311.8908,311.9113,311.8981,311.8509,311.7698,311.6547,311.5055,311.3221,311.1043,310.852,310.5649,310.2428,309.8855,309.4926,309.064,308.5991,308.0977,307.5592,306.9834,306.3696,305.7174,305.0261,304.2952,303.524,302.7117,301.8576,300.9607,300.0202,299.0348,298.0033,296.9243,295.796,294.6162,293.3823,292.0913,290.7395,289.3226,287.8365,286.278,284.6473,282.9527,281.219,279.4997,277.8815,276.4835,275.4644
105.0,273.186,274.946,276.6264,278.3029,279.9791,281.6399,283.2672,284.8504,286.384,287.8654,289.2938,290.6691,291.992,293.2634,294.4842,295.6556,296.7788,297.8548,298.8847,299.8697,300.8107,301.7087,302.5645,303.379,304.153,304.8871,305.582,306.2383,306.8567,307.4375,307.9813,308.4885,308.9595,309.3946,309.7943,310.1587,310.4881,310.7828,311.0429,311.2687,311.4603,311.6178,311.7413,311.8309,311.8866,311.9084,311.8964,311.8506,311.7708,311.657,311.5091,311.327,311.1105,310.8595,310.5737,310.253,309.897,309.5056,309.0782,308.6147,308.1147,307.5776,307.0032,306.3908,305.74,305.0501,304.3206,303.5508,302.74,301.8874,300.992,300.0529,299.069,298.039,296.9615,295.8346,294.6563,293.4239,292.1345,290.7842,289.3691,287.8851,286.3291,284.7015,283.011,281.2821,279.5682,277.9543,276.5568,275.5318
106.0,273.1185,274.9046,276.5847,278.26,279.9356,281.596,283.2232,284.8066,286.3405,287.8225,289.2515,290.6276,291.9513,293.2235,294.4452,295.6176,296.7417,297.8187,298.8497,299.8358,300.7779,301.6769,302.5339,303.3495,304.1246,304.8598,305.5559,306.2134,306.8329,307.4149,307.9599,308.4683,308.9405,309.3769,309.7777,310.1433,310.474,310.7699,311.0313,311.2583,311.4512,311.6099,311.7347,311.8255,311.8825,311.9056,311.8949,311.8503,311.7718,311.6593,311.5127,311.3319,311.1168,310.8671,310.5826,310.2632,309.9086,309.5185,309.0925,308.6304,308.1317,307.596,307.0229,306.4119,305.7625,305.074,304.346,303.5776,302.7682,301.917,301.0231,300.0855,299.1031,298.0746,296.9985,295.8731,294.6962,293.4654,292.1774,290.8288,289.4154,287.9334,286.3799,284.7555,283.0689,281.3448,279.636,278.0265,276.6295,275.5988
107.0,273.0428,274.8627,276.5429,278.2172,279.8921,281.5522,283.1794,284.7629,286.2973,287.7798,289.2094,290.5862,291.9107,293.1838,294.4065,295.5798,296.7049,297.7829,298.815,299.8021,300.7452,301.6454,302.5034,303.3202,304.0964,304.8328,305.53,306.1887,306.8094,307.3925,307.9387,308.4483,308.9217,309.3593,309.7613,310.1281,310.46,310.7572,311.0198,311.248,311.4421,311.6021,311.7281,311.8202,311.8784,311.9028,311.8934,311.8501,311.7729,311.6617,311.5164,311.3369,311.123,310.8746,310.5915,310.2734,309.9201,309.5313,309.1067,308.6459,308.1486,307.6143,307.0426,306.433,305.7849,305.0979,304.3712,303.6043,302.7963,301.9466,301.0541,300.1179,299.1369,298.1099,297.0353,295.9113,294.7359,293.5066,292.2201,290.8731,289.4615,287.9815,286.4304,284.8091,283.1264,281.4071,279.7033,278.098,276.7015,275.6652
108.0,272.9552,274.8203,276.5012,278.1744,279.8488,281.5086,283.1357,284.7195,286.2542,287.7373,289.1676,290.5451,291.8704,293.1444,294.3679,295.5422,296.6683,297.7473,298.7804,299.7685,300.7128,301.614,302.4732,303.2911,304.0684,304.8059,305.5043,306.1641,306.786,307.3703,307.9177,308.4284,308.903,309.3418,309.745,310.1131,310.4462,310.7445,311.0084,311.2379,311.4332,311.5944,311.7216,311.815,311.8745,311.9001,311.892,311.8499,311.774,311.6641,311.5201,311.3419,311.1293,310.8822,310.6004,310.2836,309.9317,309.5442,309.1209,308.6615,308.1655,307.6325,307.0622,306.4539,305.8073,305.1216,304.3964,303.6308,302.8243,301.9759,301.0849,300.1502,299.1706,298.145,297.0719,295.9494,294.7754,293.5475,292.2626,290.9171,289.5073,288.0293,286.4806,284.8624,283.1836,281.4689,279.77,278.1688,276.7729,275.7312
109.0,272.8477,274.7772,276.4594,278.1317,279.8056,281.4651,283.0923,284.6763,286.2114,287.695,289.126,290.5042,291.8304,293.1052,294.3296,295.5048,296.6319,297.7119,298.746,299.7353,300.6806,301.5829,302.4432,303.2621,304.0406,304.7793,305.4788,306.1398,306.7628,307.3483,307.8968,308.4087,308.8845,309.3245,309.7289,310.0982,310.4324,310.732,310.9971,311.2278,311.4243,311.5868,311.7153,311.8099,311.8706,311.8975,311.8906,311.8498,311.7752,311.6665,311.5238,311.3469,311.1356,310.8898,310.6093,310.2938,309.9432,309.557,309.1351,308.6769,308.1823,307.6507,307.0817,306.4748,305.8295,305.1453,304.4214,303.6573,302.8521,302.0052,301.1156,300.1822,299.2041,298.18,297.1082,295.9872,294.8147,293.5882,292.3047,290.9609,289.5527,288.0767,286.5305,284.9153,283.2403,281.5302,279.8361,278.2388,276.8436,275.7966
110.0,272.6967,274.7328,276.4175,278.0891,279.7626,281.4219,283.049,284.6333,286.1689,287.653,289.0846,290.4636,291.7906,293.0662,294.2916,295.4677,296.5957,297.6768,298.7119,299.7022,300.6486,301.552,302.4134,303.2335,304.013,304.7528,305.4535,306.1156,306.7398,307.3264,307.8761,308.3892,308.8662,309.3073,309.713,310.0834,310.4189,310.7197,310.9859,311.2179,311.4156,311.5793,311.709,311.8049,311.8668,311.895,311.8893,311.8498,311.7764,311.669,311.5276,311.3519,311.1419,310.8974,310.6182,310.304,309.9547,309.5698,309.1492,308.6924,308.1991,307.6688,307.1011,306.4956,305.8517,305.1688,304.4463,303.6836,302.8798,302.0343,301.146,300.2141,299.2375,298.2147,297.1444,296.0247,294.8536,293.6286,292.3466,291.0043,289.5979,288.1239,286.5801,284.9679,283.2967,281.591,279.9015,278.3081,276.9136,275.8614
111.0,272.32,274.6843,276.3754,278.0465,279.7197,281.3788,283.006,284.5905,286.1265,287.6112,289.0435,290.4233,291.751,293.0275,294.2538,295.4309,296.5599,297.6419,298.6781,299.6694,300.6169,301.5214,302.3838,303.205,303.9857,304.7266,305.4284,306.0917,306.717,307.3048,307.8556,308.3699,308.848,309.2903,309.6972,310.0688,310.4055,310.7075,310.9749,311.2081,311.407,311.572,311.7029,311.7999,311.8632,311.8926,311.8881,311.8499,311.7777,311.6716,311.5314,311.357,311.1483,310.905,310.6271,310.3142,309.9662,309.5826,309.1633,308.7078,308.2158,307.6868,307.1205,306.5163,305.8738,305.1922,304.4711,303.7097,302.9073,302.0632,301.1763,300.2459,299.2706,298.2492,297.1803,296.062,294.8924,293.6687,292.3882,291.0475,289.6428,288.1707,286.6293,285.0201,283.3525,281.6513,279.9662,278.3767,276.9829,275.9256
112.0,271.6691,274.6287,276.3331,278.004,279.677,281.336,282.9633,284.548,286.0845,287.5697,289.0027,290.3832,291.7117,292.9891,294.2162,295.3943,296.5243,297.6073,298.6445,299.6369,300.5854,301.491,302.3545,303.1768,303.9586,304.7006,305.4035,306.0679,306.6944,307.2833,307.8353,308.3508,308.8301,309.2736,309.6816,310.0544,310.3922,310.6954,310.9641,311.1984,311.3986,311.5647,311.6969,311.7951,311.8596,311.8902,311.887,311.85,311.779,311.6742,311.5352,311.3621,311.1546,310.9127,310.636,310.3244,309.9776,309.5954,309.1773,308.7231,308.2324,307.7048,307.1398,306.5369,305.8957,305.2155,304.4957,303.7357,302.9347,302.0919,301.2065,300.2774,299.3035,298.2835,297.216,296.0991,294.9308,293.7086,292.4295,291.0903,289.6873,288.2172,286.6781,285.0718,283.408,281.7109,280.0302,278.4444,277.0513,275.9892
113.0,271.1882,274.5683,276.2903,277.9616,279.6345,281.2934,282.9207,284.5058,286.0427,287.5285,288.9621,290.3434,291.6727,292.9509,294.179,295.358,296.4889,297.573,298.6112,299.6046,300.5542,301.4608,302.3254,303.1488,303.9317,304.6749,305.3789,306.0444,306.672,307.2621,307.8153,308.3319,308.8123,309.257,309.6661,310.0401,310.3791,310.6835,310.9534,311.1889,311.3903,311.5576,311.6909,311.7904,311.8561,311.8879,311.886,311.8501,311.7805,311.6768,311.5391,311.3672,311.161,310.9203,310.6449,310.3346,309.9891,309.6081,309.1913,308.7384,308.249,307.7227,307.159,306.5575,305.9175,305.2387,304.5202,303.7616,302.9619,302.1205,301.2364,300.3086,299.3361,298.3175,297.2514,296.1359,294.969,293.7481,292.4705,291.1328,289.7315,288.2633,286.7266,285.1232,283.4629,281.77,280.0935,278.5113,277.1189,276.052
114.0,270.8276,274.5046,276.2471,277.9192,279.5921,281.251,282.8785,284.4638,286.0012,287.4876,288.9218,290.3039,291.634,292.9131,294.1421,295.322,296.4539,297.539,298.5782,299.5726,300.5232,301.431,302.2966,303.1211,303.9051,304.6494,305.3545,306.0212,306.6499,307.2411,307.7954,308.3132,308.7948,309.2406,309.6509,310.026,310.3662,310.6718,310.9428,311.1795,311.3821,311.5506,311.6852,311.7858,311.8527,311.8857,311.885,311.8504,311.7819,311.6795,311.543,311.3724,311.1674,310.928,310.6538,310.3447,310.0005,309.6208,309.2053,308.7537,308.2655,307.7405,307.1781,306.5779,305.9393,305.2617,304.5446,303.7872,302.9889,302.1489,301.2661,300.3397,299.3686,298.3513,297.2865,296.1724,295.0068,293.7874,292.5112,291.1749,289.7753,288.309,286.7746,285.1741,283.5173,281.8285,280.1561,278.5773,277.1857,276.1142
115.0,270.5524,274.4388,276.2034,277.8769,279.5499,281.2088,282.8365,284.4221,285.9599,287.4469,288.8819,290.2646,291.5956,292.8756,294.1054,295.2863,296.4192,297.5052,298.5455,299.5409,300.4926,301.4014,302.2681,303.0937,303.8788,304.6242,305.3304,305.9982,306.628,307.2204,307.7758,308.2947,308.7774,309.2244,309.6358,310.0121,310.3535,310.6602,310.9324,311.1703,311.3741,311.5437,311.6795,311.7814,311.8494,311.8837,311.8841,311.8507,311.7835,311.6823,311.547,311.3776,311.1739,310.9357,310.6627,310.3549,310.0119,309.6334,309.2192,308.7688,308.282,307.7582,307.1971,306.5982,305.9609,305.2846,304.5688,303.8128,303.0158,302.177,301.2956,300.3706,299.4007,298.3848,297.3214,296.2086,295.0443,293.8263,292.5515,291.2167,289.8187,288.3543,286.8222,285.2245,283.5711,281.8864,280.2179,278.6424,277.2516,276.1755
116.0,270.3376,274.3718,276.1592,277.8347,279.5079,281.1669,282.7947,284.3807,285.919,287.4066,288.8422,290.2258,291.5575,292.8383,294.0691,295.2509,296.3848,297.4718,298.513,299.5095,300.4622,301.3721,302.2399,303.0665,303.8527,304.5992,305.3065,305.9754,306.6064,307.1999,307.7564,308.2764,308.7603,309.2084,309.621,309.9984,310.341,310.6488,310.9222,311.1613,311.3662,311.537,311.674,311.777,311.8463,311.8817,311.8833,311.8512,311.7851,311.6851,311.5511,311.3829,311.1803,310.9433,310.6717,310.365,310.0233,309.6461,309.2331,308.784,308.2984,307.7759,307.216,306.6184,305.9823,305.3074,304.5929,303.8381,303.0425,302.205,301.3249,300.4012,299.4327,298.4181,297.3559,296.2444,295.0816,293.8648,292.5914,291.2581,289.8617,288.3992,286.8694,285.2744,283.6245,281.9436,280.279,278.7067,277.3166,276.2361
117.0,270.1659,274.3041,276.1146,277.7925,279.4661,281.1252,282.7533,284.3396,285.8784,287.3666,288.8029,290.1872,291.5198,292.8015,294.0331,295.2158,296.3507,297.4387,298.4809,299.4785,300.4322,301.3431,302.212,303.0397,303.827,304.5745,305.283,305.9529,306.585,307.1796,307.7372,308.2584,308.7434,309.1926,309.6064,309.9849,310.3286,310.6376,310.9122,311.1524,311.3584,311.5305,311.6686,311.7728,311.8432,311.8798,311.8826,311.8516,311.7868,311.688,311.5551,311.3881,311.1868,310.951,310.6806,310.3752,310.0346,309.6586,309.2469,308.799,308.3147,307.7934,307.2348,306.6384,306.0037,305.33,304.6168,303.8633,303.0689,302.2328,301.354,300.4316,299.4644,298.4511,297.3902,296.28,295.1184,293.903,292.631,291.2992,289.9043,288.4437,286.9161,285.3239,283.6772,282.0001,280.3392,278.77,277.3807,276.2959
118.0,270.0247,274.236,276.0695,277.7503,279.4245,281.0838,282.7121,284.2988,285.8381,287.3269,288.7639,290.149,291.4824,292.7649,293.9975,295.1811,296.3169,297.4059,298.4492,299.4477,300.4025,301.3144,302.1844,303.0131,303.8015,304.5501,305.2596,305.9307,306.5639,307.1596,307.7183,308.2406,308.7267,309.1771,309.5919,309.9717,310.3165,310.6266,310.9023,311.1436,311.3509,311.524,311.6633,311.7687,311.8403,311.878,311.882,311.8522,311.7885,311.6909,311.5593,311.3935,311.1933,310.9587,310.6895,310.3853,310.046,309.6712,309.2606,308.814,308.3309,307.8109,307.2535,306.6584,306.0249,305.3524,304.6405,303.8883,303.0952,302.2603,301.3828,300.4617,299.4958,298.4838,297.4242,296.3153,295.155,293.9409,292.6702,291.3398,289.9465,288.4878,286.9623,285.3728,283.7294,282.0559,280.3986,278.8323,277.4438,276.3548
119.0,269.9052,274.1679,276.024,277.7082,279.3831,281.0427,282.6712,284.2584,285.7982,287.2876,288.7253,290.1111,291.4453,292.7287,293.9622,295.1468,296.2835,297.3735,298.4177,299.4173,300.3731,301.2861,302.1571,302.9869,303.7763,304.526,305.2366,305.9088,306.543,307.1398,307.6997,308.2231,308.7103,309.1617,309.5777,309.9586,310.3045,310.6158,310.8926,311.1351,311.3435,311.5178,311.6582,311.7647,311.8374,311.8764,311.8815,311.8529,311.7904,311.6939,311.5634,311.3988,311.1999,310.9665,310.6984,310.3954,310.0573,309.6837,309.2744,308.8289,308.347,307.8283,307.2721,306.6782,306.0459,305.3748,304.664,303.9131,303.1213,302.2877,301.4114,300.4916,299.5269,298.5161,297.4578,296.3502,295.1911,293.9783,292.709,291.38,289.9883,288.5313,287.008,285.4212,283.781,282.1111,280.4573,278.8936,277.5059,276.4128
120.0,269.8014,274.1,275.9781,277.6662,279.342,281.0018,282.6307,284.2182,285.7586,287.2486,288.687,290.0736,291.4086,292.6929,293.9272,295.1127,296.2504,297.3414,298.3866,299.3872,300.344,301.258,302.1301,302.961,303.7514,304.5022,305.2139,305.8871,306.5224,307.1204,307.6813,308.2058,308.6941,309.1467,309.5638,309.9457,310.2928,310.6052,310.8831,311.1267,311.3362,311.5117,311.6532,311.7609,311.8348,311.8748,311.8811,311.8536,311.7923,311.697,311.5677,311.4042,311.2064,310.9742,310.7073,310.4055,310.0685,309.6962,309.288,308.8438,308.3631,307.8455,307.2906,306.6979,306.0669,305.3969,304.6874,303.9377,303.1471,302.3148,301.4398,300.5211,299.5577,298.5482,297.4912,296.3848,295.227,294.0154,292.7473,291.4198,290.0296,288.5744,287.0533,285.469,283.8319,282.1655,280.515,278.954,277.567,276.4699
121.0,269.7088,274.0323,275.9319,277.6242,279.301,280.9612,282.5905,284.1785,285.7193,287.21,288.6491,290.0364,291.3723,292.6574,293.8927,295.0791,296.2177,297.3097,298.3559,299.3575,300.3153,301.2303,302.1034,302.9354,303.7269,304.4787,305.1915,305.8658,306.5022,307.1012,307.6632,308.1888,308.6782,309.1318,309.55,309.9331,310.2813,310.5948,310.8738,311.1185,311.3291,311.5057,311.6484,311.7572,311.8322,311.8734,311.8808,311.8545,311.7943,311.7001,311.572,311.4096,311.213,310.982,310.7162,310.4156,310.0798,309.7086,309.3016,308.8586,308.3791,307.8627,307.309,306.7175,306.0876,305.4189,304.7106,303.9622,303.1728,302.3416,301.4679,300.5505,299.5883,298.58,297.5242,296.419,295.2624,294.0521,292.7853,291.4591,290.0705,288.617,287.098,285.5162,283.8822,282.2192,280.5719,279.0133,277.627,276.526
122.0,269.6242,273.9649,275.8854,277.5823,279.2603,280.921,282.5506,284.139,285.6804,287.1717,288.6116,289.9997,291.3364,292.6223,293.8585,295.0458,296.1854,297.2783,298.3255,299.3281,300.287,301.203,302.0771,302.9101,303.7027,304.4556,305.1694,305.8447,306.4822,307.0823,307.6454,308.172,308.6625,309.1172,309.5365,309.9207,310.27,310.5845,310.8647,311.1105,311.3222,311.4999,311.6437,311.7536,311.8297,311.8721,311.8806,311.8554,311.7963,311.7033,311.5763,311.4151,311.2196,310.9897,310.7251,310.4256,310.091,309.721,309.3152,308.8733,308.3949,307.8797,307.3272,306.7369,306.1082,305.4407,304.7336,303.9864,303.1982,302.3683,301.4957,300.5795,299.6185,298.6115,297.5568,296.4528,295.2974,294.0884,292.8228,291.498,290.1109,288.6591,287.1421,285.5629,283.9318,282.2721,280.628,279.0715,277.6859,276.5812
123.0,269.5455,273.898,275.8385,277.5405,279.2198,280.881,282.511,284.0999,285.6419,287.1339,288.5744,289.9633,291.3008,292.5876,293.8247,295.013,296.1535,297.2474,298.2956,299.2991,300.259,301.176,302.0512,302.8852,303.6788,304.4327,305.1476,305.824,306.4625,307.0636,307.6278,308.1555,308.6471,309.1029,309.5233,309.9085,310.2589,310.5745,310.8558,311.1027,311.3155,311.4943,311.6392,311.7502,311.8274,311.8709,311.8806,311.8564,311.7985,311.7066,311.5807,311.4206,311.2263,310.9975,310.734,310.4357,310.1022,309.7333,309.3286,308.8879,308.4107,307.8967,307.3453,306.7562,306.1287,305.4623,304.7564,304.0104,303.2234,302.3946,301.5233,300.6083,299.6485,298.6426,297.5891,296.4863,295.3321,294.1242,292.8599,291.5364,290.1508,288.7007,287.1857,285.609,283.9808,282.3243,280.6831,279.1287,277.7438,276.6353
124.0,269.4712,273.8315,275.7915,277.4988,279.1795,280.8413,282.4718,284.0612,285.6038,287.0964,288.5377,289.9273,291.2657,292.5534,293.7913,294.9805,296.122,297.2168,298.2659,299.2705,300.2314,301.1494,302.0256,302.8606,303.6553,304.4102,305.1261,305.8036,306.4432,307.0453,307.6106,308.1393,308.632,309.0888,309.5103,309.8966,310.248,310.5648,310.8471,311.0951,311.309,311.4889,311.6348,311.7469,311.8252,311.8698,311.8806,311.8576,311.8007,311.7099,311.5851,311.4262,311.2329,311.0053,310.7429,310.4457,310.1133,309.7456,309.342,308.9025,308.4264,307.9135,307.3633,306.7753,306.149,305.4838,304.779,304.0341,303.2483,302.4207,301.5505,300.6367,299.6781,298.6733,297.621,296.5194,295.3663,294.1596,292.8966,291.5743,290.1901,288.7418,287.2288,285.6544,284.0291,282.3757,280.7374,279.1849,277.8005,276.6884
125.0,269.4,273.7654,275.7442,277.4571,279.1395,280.802,282.433,284.0229,285.5661,287.0593,288.5014,289.8918,291.2309,292.5195,293.7583,294.9484,296.0908,297.1866,298.2367,299.2423,300.2041,301.1232,302.0004,302.8364,303.6321,304.3881,305.105,305.7835,306.4241,307.0273,307.5936,308.1234,308.6171,309.075,309.4975,309.8849,310.2374,310.5552,310.8386,311.0877,311.3026,311.4836,311.6306,311.7438,311.8232,311.8688,311.8807,311.8588,311.803,311.7133,311.5896,311.4317,311.2396,311.013,310.7518,310.4557,310.1244,309.7578,309.3554,308.9169,308.442,307.9302,307.3811,306.7943,306.1691,305.505,304.8014,304.0577,303.273,302.4466,301.5775,300.6648,299.7073,298.7038,297.6526,296.5521,295.4002,294.1946,292.9328,291.6118,290.229,288.7823,287.2712,285.6992,284.0766,282.4263,280.7907,279.2399,277.856,276.7404
126.0,269.3312,273.6998,275.6968,277.4156,279.0998,280.763,282.3945,283.985,285.5288,287.0227,288.4654,289.8567,291.1966,292.486,293.7258,294.9168,296.0601,297.1568,298.2079,299.2144,300.1773,301.0974,301.9755,302.8126,303.6093,304.3663,305.0842,305.7638,306.4054,307.0096,307.577,308.1078,308.6025,309.0615,309.4851,309.8735,310.227,310.5459,310.8303,311.0804,311.2965,311.4785,311.6266,311.7408,311.8213,311.868,311.8809,311.8601,311.8054,311.7168,311.5941,311.4374,311.2463,311.0208,310.7607,310.4657,310.1355,309.7699,309.3687,308.9313,308.4575,307.9468,307.3988,306.8131,306.189,305.5261,304.8236,304.081,303.2974,302.4722,301.6042,300.6927,299.7363,298.7338,297.6838,296.5843,295.4336,294.2291,292.9685,291.6488,290.2674,288.8222,287.3131,285.7434,284.1235,282.476,280.8431,279.2938,277.9104,276.7913
127.0,269.2643,273.6346,275.6493,277.3742,279.0603,280.7244,282.3564,283.9475,285.4919,286.9865,288.43,289.822,291.1628,292.453,293.6936,294.8856,296.0298,297.1275,298.1796,299.187,300.1508,301.0719,301.9511,302.7891,303.5868,304.3448,305.0638,305.7443,306.387,306.9923,307.5606,308.0925,308.5882,309.0483,309.4728,309.8623,310.2168,310.5368,310.8222,311.0734,311.2905,311.4735,311.6227,311.738,311.8195,311.8673,311.8813,311.8615,311.8078,311.7203,311.5987,311.443,311.2531,311.0286,310.7696,310.4756,310.1465,309.7821,309.3818,308.9456,308.4728,307.9633,307.4164,306.8317,306.2088,305.5469,304.8456,304.1041,303.3216,302.4974,301.6306,300.7202,299.7649,298.7635,297.7145,296.6162,295.4665,294.2632,293.0037,291.6852,290.3052,288.8616,287.3544,285.7869,284.1696,282.525,280.8945,279.3466,277.9636,276.8411
128.0,269.1985,273.5689,275.6016,277.3329,279.0212,280.6861,282.3188,283.9104,285.4554,286.9507,288.3949,289.7877,291.1294,292.4205,293.662,294.8548,296.0,297.0986,298.1516,299.16,300.1248,301.0469,301.927,302.766,303.5647,304.3237,305.0437,305.7253,306.3689,306.9752,307.5446,308.0775,308.5742,309.0353,309.4609,309.8514,310.2069,310.5279,310.8144,311.0666,311.2847,311.4688,311.619,311.7353,311.8179,311.8667,311.8817,311.863,311.8104,311.7239,311.6034,311.4487,311.2598,311.0364,310.7784,310.4855,310.1575,309.7941,309.395,308.9597,308.4881,307.9796,307.4338,306.8502,306.2283,305.5676,304.8673,304.1269,303.3455,302.5225,301.6567,300.7473,299.7931,298.7928,297.7449,296.6477,295.499,294.2968,293.0384,291.7211,290.3424,288.9004,287.395,285.8297,284.215,282.5731,280.945,279.3983,278.0155,276.8897
129.0,269.1325,273.4994,275.5537,277.2917,278.9823,280.6482,282.2815,283.8738,285.4194,286.9154,288.3604,289.7539,291.0964,292.3884,293.6307,294.8245,295.9706,297.0701,298.124,299.1334,300.0992,301.0222,301.9033,302.7434,303.543,304.303,305.024,305.7066,306.3512,306.9585,307.5289,308.0628,308.5606,309.0226,309.4492,309.8407,310.1973,310.5192,310.8068,311.06,311.2791,311.4642,311.6154,311.7328,311.8164,311.8662,311.8823,311.8646,311.813,311.7275,311.608,311.4544,311.2666,311.0442,310.7873,310.4954,310.1685,309.8061,309.408,308.9738,308.5032,307.9958,307.4511,306.8685,306.2477,305.588,304.8888,304.1495,303.3692,302.5472,301.6825,300.7742,299.821,298.8218,297.7749,296.6787,295.5311,294.3299,293.0726,291.7565,290.3791,288.9387,287.435,285.8719,284.2596,282.6203,280.9945,279.4489,278.0662,276.9371
130.0,269.0651,273.4254,275.5056,277.2507,278.9437,280.6106,282.2446,283.8375,285.3838,286.8805,288.3263,289.7206,291.0639,292.3567,293.6,294.7946,295.9416,297.0421,298.097,299.1073,300.074,300.998,301.8801,302.7211,303.5217,304.2827,305.0047,305.6882,306.3339,306.9421,307.5135,308.0484,308.5472,309.0102,309.4378,309.8303,310.1879,310.5108,310.7994,311.0536,311.2737,311.4598,311.6121,311.7304,311.815,311.8659,311.883,311.8662,311.8157,311.7312,311.6128,311.4602,311.2733,311.052,310.7961,310.5053,310.1793,309.818,309.4209,308.9878,308.5183,308.0118,307.4681,306.8867,306.2669,305.6082,304.9101,304.1718,303.3925,302.5716,301.7079,300.8007,299.8485,298.8503,297.8045,296.7092,295.5627,294.3625,293.1063,291.7914,290.4153,288.9763,287.4744,285.9133,284.3034,282.6666,281.043,279.4983,278.1155,276.9833
131.0,268.9952,273.3458,275.4572,277.2098,278.9054,280.5734,282.2082,283.8018,285.3487,286.8462,288.2926,289.6878,291.0319,292.3255,293.5697,294.7652,295.9131,297.0145,298.0703,299.0816,300.0492,300.9742,301.8572,302.6992,303.5008,304.2628,304.9857,305.6702,306.3168,306.9261,307.4984,308.0343,308.5341,308.9981,309.4267,309.8202,310.1787,310.5027,310.7922,311.0474,311.2685,311.4557,311.6089,311.7282,311.8138,311.8657,311.8837,311.868,311.8185,311.735,311.6176,311.466,311.2801,311.0598,310.8049,310.5151,310.1902,309.8298,309.4338,309.0017,308.5331,308.0278,307.4851,306.9046,306.2859,305.6282,304.9311,304.1938,303.4156,302.5957,301.7331,300.8268,299.8757,298.8785,297.8336,296.7394,295.5938,294.3947,293.1395,291.8257,290.4508,289.0133,287.5131,285.954,284.3465,282.7121,281.0905,279.5465,278.1636,277.0282
132.0,268.9216,273.2591,275.4082,277.1691,278.8674,280.5367,282.1722,283.7664,285.3141,286.8122,288.2595,289.6554,291.0003,292.2949,293.5398,294.7362,295.8851,296.9874,298.0441,299.0563,300.0249,300.9508,301.8348,302.6777,303.4803,304.2432,304.9671,305.6526,306.3002,306.9104,307.4837,308.0206,308.5213,308.9863,309.4159,309.8103,310.1699,310.4948,310.7853,311.0415,311.2636,311.4516,311.6058,311.7262,311.8128,311.8656,311.8846,311.8699,311.8213,311.7389,311.6224,311.4718,311.287,311.0677,310.8137,310.5249,310.201,309.8416,309.4466,309.0155,308.5479,308.0435,307.5018,306.9224,306.3046,305.648,304.9519,304.2156,303.4384,302.6195,301.7578,300.8526,299.9024,298.9062,297.8623,296.769,295.6244,294.4263,293.1721,291.8594,290.4858,289.0496,287.5511,285.994,284.3887,282.7567,281.137,279.5936,278.2104,277.0718
133.0,268.8427,273.1631,275.3586,277.1285,278.8297,280.5003,282.1367,283.7316,285.28,286.7788,288.2268,289.6235,290.9693,292.2647,293.5105,294.7078,295.8575,296.9607,298.0184,299.0315,300.0011,300.9279,301.8128,302.6567,303.4602,304.2241,304.9489,305.6354,306.2839,306.8951,307.4694,308.0071,308.5088,308.9748,309.4053,309.8007,310.1612,310.4871,310.7786,311.0357,311.2588,311.4478,311.603,311.7243,311.8118,311.8656,311.8856,311.8719,311.8243,311.7428,311.6273,311.4777,311.2938,311.0755,310.8225,310.5346,310.2117,309.8533,309.4592,309.0291,308.5625,308.0591,307.5184,306.94,306.3232,305.6676,304.9724,304.2371,303.4609,302.6429,301.7823,300.878,299.9288,298.9335,297.8905,296.7982,295.6546,294.4574,293.2042,291.8926,290.5201,289.0853,287.5884,286.0333,284.4302,282.8004,281.1825,279.6396,278.2558,277.1142
134.0,268.7565,273.0538,275.3081,277.0881,278.7924,280.4644,282.1016,283.6972,285.2463,286.7459,288.1947,289.5922,290.9387,292.235,293.4817,294.6798,295.8304,296.9345,297.9931,299.0072,299.9776,300.9054,301.7913,302.6361,303.4405,304.2053,304.9311,305.6185,306.268,306.8801,307.4553,307.994,308.4967,308.9636,309.3951,309.7914,310.1529,310.4797,310.7721,311.0302,311.2542,311.4442,311.6003,311.7226,311.8111,311.8658,311.8868,311.874,311.8273,311.7468,311.6322,311.4836,311.3006,311.0832,310.8312,310.5443,310.2223,309.8649,309.4718,309.0426,308.577,308.0746,307.5349,306.9573,306.3415,305.6869,304.9927,304.2584,303.4831,302.6661,301.8064,300.903,299.9548,298.9604,297.9184,296.8269,295.6842,294.4879,293.2357,291.9251,290.5539,289.1204,287.6251,286.0718,284.4708,282.8432,281.2269,279.6844,278.2999,277.1552
135.0,268.6591,272.923,275.2563,277.0477,278.7554,280.4289,282.067,283.6634,285.2132,286.7135,288.163,289.5613,290.9087,292.2058,293.4533,294.6524,295.8039,296.9089,297.9684,298.9833,299.9547,300.8833,301.7702,302.6159,303.4213,304.187,304.9137,305.602,306.2524,306.8655,307.4416,307.9813,308.4849,308.9527,309.3851,309.7824,310.1448,310.4725,310.7659,311.0249,311.2498,311.4408,311.5978,311.721,311.8104,311.8661,311.888,311.8761,311.8304,311.7508,311.6372,311.4895,311.3075,311.091,310.8399,310.554,310.2329,309.8765,309.4843,309.056,308.5914,308.0899,307.5511,306.9745,306.3597,305.7059,305.0127,304.2793,303.5049,302.6889,301.8301,300.9276,299.9803,298.9869,297.9457,296.8552,295.7133,294.518,293.2667,291.9571,290.587,289.1548,287.661,286.1096,284.5106,282.885,281.2703,279.728,278.3426,277.1949
136.0,268.5419,272.7493,275.2023,277.0074,278.7188,280.3938,282.0328,283.63,285.1805,286.6816,288.1319,289.531,290.8792,292.1771,293.4255,294.6254,295.7778,296.8837,297.9441,298.9599,299.9322,300.8618,301.7495,302.5961,303.4024,304.1691,304.8967,305.5859,306.2373,306.8512,307.4283,307.9689,308.4734,308.9421,309.3754,309.7736,310.1369,310.4656,310.7599,311.0198,311.2457,311.4375,311.5955,311.7196,311.8099,311.8665,311.8894,311.8784,311.8336,311.7549,311.6422,311.4954,311.3143,311.0988,310.8486,310.5636,310.2435,309.8879,309.4966,309.0693,308.6056,308.105,307.5671,306.9915,306.3775,305.7247,305.0324,304.2999,303.5265,302.7113,301.8535,300.9519,300.0055,299.0129,297.9726,296.8829,295.7419,294.5475,293.2971,291.9885,290.6194,289.1885,287.6963,286.1465,284.5495,282.9259,281.3127,279.7704,278.3839,277.2331
137.0,268.3679,272.4193,275.1424,276.9669,278.6825,280.3591,281.9992,283.5972,285.1484,286.6503,288.1013,289.5012,290.8502,292.149,293.3982,294.599,295.7522,296.859,297.9203,298.937,299.9102,300.8407,301.7293,302.5768,303.384,304.1516,304.8801,305.5702,306.2225,306.8374,307.4153,307.9568,308.4622,308.9318,309.3661,309.7652,310.1294,310.459,310.7541,311.015,311.2417,311.4345,311.5933,311.7184,311.8096,311.8671,311.8908,311.8808,311.8369,311.7591,311.6473,311.5014,311.3212,311.1066,310.8573,310.5732,310.2539,309.8993,309.5089,309.0825,308.6196,308.12,307.583,307.0082,306.3952,305.7433,305.0519,304.3203,303.5477,302.7334,301.8765,300.9758,300.0302,299.0384,297.999,296.9102,295.77,294.5764,293.3269,292.0193,290.6513,289.2216,287.7308,286.1827,284.5876,282.9658,281.354,279.8117,278.4238,277.27
138.0,268.058,271.7424,275.069,276.9259,278.6465,280.3249,281.966,283.5648,285.1169,286.6194,288.0713,289.472,290.8218,292.1214,293.3715,294.5731,295.7272,296.8348,297.897,298.9146,299.8887,300.82,301.7095,302.558,303.3661,304.1345,304.8639,305.555,306.2081,306.8239,307.4027,307.9451,308.4514,308.9219,309.357,309.757,310.1221,310.4526,310.7486,311.0104,311.238,311.4316,311.5914,311.7173,311.8094,311.8678,311.8924,311.8832,311.8402,311.7633,311.6524,311.5073,311.328,311.1143,310.8659,310.5827,310.2643,309.9105,309.5211,309.0955,308.6336,308.1347,307.5987,307.0248,306.4126,305.7616,305.071,304.3403,303.5686,302.7552,301.8991,300.9992,300.0545,299.0635,298.0249,296.9369,295.7976,294.6047,293.3561,292.0494,290.6824,289.254,287.7645,286.2181,284.6248,283.0048,281.3943,279.8518,278.4622,277.3055
139.0,267.7273,271.3427,274.9892,276.8842,278.6108,280.2912,281.9334,283.533,285.0858,286.5892,288.0418,289.4433,290.7939,292.0943,293.3453,294.5477,295.7027,296.8112,297.8742,298.8927,299.8676,300.7999,301.6902,302.5396,303.3485,304.1179,304.8482,305.5401,306.1941,306.8107,307.3905,307.9337,308.4409,308.9123,309.3483,309.7491,310.1151,310.4465,310.7433,311.006,311.2345,311.429,311.5896,311.7164,311.8094,311.8686,311.8941,311.8858,311.8436,311.7676,311.6575,311.5133,311.3349,311.122,310.8745,310.5921,310.2746,309.9217,309.5331,309.1084,308.6473,308.1493,307.6141,307.0411,306.4298,305.7796,305.0899,304.36,303.5892,302.7766,301.9213,301.0223,300.0783,299.0882,298.0504,296.9631,295.8246,294.6325,293.3848,292.0789,290.7129,289.2856,287.7976,286.2527,284.6612,283.0429,281.4334,279.8907,278.4993,277.3394
140.0,267.4177,271.074,274.9066,276.8418,278.5754,280.2579,281.9013,283.5018,285.0554,286.5595,288.0129,289.4152,290.7666,292.0678,293.3196,294.5229,295.6787,296.788,297.8519,298.8713,299.8471,300.7802,301.6714,302.5216,303.3315,304.1017,304.8328,305.5256,306.1805,306.798,307.3786,307.9227,308.4307,308.903,309.3398,309.7415,310.1084,310.4406,310.7383,311.0018,311.2312,311.4265,311.588,311.7156,311.8094,311.8695,311.8958,311.8884,311.8471,311.7719,311.6627,311.5194,311.3418,311.1297,310.883,310.6015,310.2848,309.9328,309.545,309.1211,308.6609,308.1638,307.6294,307.0572,306.4467,305.7973,305.1085,304.3794,303.6094,302.7976,301.9431,301.0449,300.1017,299.1124,298.0753,296.9888,295.851,294.6598,293.4128,292.1078,290.7428,289.3166,287.8298,286.2865,284.6966,283.0799,281.4715,279.9284,278.5349,277.3719
141.0,267.1414,270.8716,274.8229,276.7986,278.5402,280.2251,281.8697,283.471,285.0254,286.5303,287.9845,289.3876,290.7398,292.0419,293.2945,294.4986,295.6553,296.7654,297.8302,298.8504,299.827,300.761,301.6531,302.5041,303.3148,304.0859,304.8179,305.5115,306.1673,306.7856,307.3671,307.912,308.4209,308.894,309.3317,309.7343,310.1019,310.435,310.7336,310.9979,311.2281,311.4243,311.5866,311.715,311.8097,311.8706,311.8977,311.8911,311.8506,311.7763,311.6679,311.5254,311.3486,311.1374,310.8915,310.6108,310.295,309.9437,309.5568,309.1337,308.6743,308.178,307.6444,307.073,306.4634,305.8148,305.1268,304.3985,303.6293,302.8183,301.9645,301.0671,300.1247,299.1361,298.0997,297.014,295.8769,294.6864,293.4402,292.136,290.7719,289.3468,287.8613,286.3195,284.7312,283.116,281.5085,279.965,278.5691,277.403
142.0,266.8988,270.7059,274.739,276.7549,278.5052,280.1928,281.8386,283.4409,284.9961,286.5018,287.9567,289.3606,290.7137,292.0165,293.2699,294.4749,295.6324,296.7434,297.8089,298.83,299.8075,300.7423,301.6352,302.4871,303.2987,304.0706,304.8034,305.4979,306.1545,306.7737,307.3559,307.9017,308.4114,308.8854,309.3239,309.7273,310.0958,310.4296,310.729,310.9942,311.2252,311.4222,311.5853,311.7146,311.8101,311.8718,311.8997,311.8939,311.8543,311.7807,311.6731,311.5314,311.3555,311.1451,310.9,310.6201,310.305,309.9546,309.5684,309.1462,308.6875,308.192,307.6592,307.0887,306.4798,305.832,305.1447,304.4172,303.6488,302.8385,301.9856,301.0888,300.1472,299.1593,298.1237,297.0386,295.9022,294.7124,293.4669,292.1636,290.8004,289.3763,287.8921,286.3516,284.7649,283.1511,281.5445,280.0003,278.6018,277.4324
143.0,266.6864,270.5628,274.6555,276.7107,278.4705,280.1609,281.8081,283.4113,284.9674,286.4738,287.9296,289.3342,290.6881,291.9917,293.2459,294.4517,295.61,296.7219,297.7882,298.8101,299.7885,300.7241,301.6179,302.4706,303.283,304.0557,304.7894,305.4847,306.1421,306.7621,307.3452,307.8918,308.4023,308.877,309.3164,309.7206,310.0899,310.4245,310.7248,310.9907,311.2225,311.4203,311.5842,311.7143,311.8106,311.8731,311.9019,311.8968,311.858,311.7852,311.6784,311.5375,311.3623,311.1527,310.9084,310.6293,310.315,309.9653,309.5799,309.1585,308.7006,308.2059,307.6738,307.104,306.4959,305.8489,305.1624,304.4356,303.6679,302.8584,302.0062,301.1102,300.1692,299.182,298.1471,297.0627,295.927,294.7378,293.4931,292.1905,290.8282,289.4051,287.922,286.3829,284.7976,283.1852,281.5793,280.0345,278.6332,277.4604
144.0,266.5,270.4352,274.5727,276.666,278.436,280.1295,281.7781,283.3823,284.9392,286.4465,287.903,289.3084,290.6631,291.9675,293.2225,294.4291,295.5882,296.7009,297.7681,298.7908,299.77,300.7064,301.601,302.4545,303.2677,304.0413,304.7758,305.4719,306.1301,306.7509,307.3348,307.8822,308.3935,308.8691,309.3092,309.7142,310.0843,310.4197,310.7207,310.9875,311.2201,311.4186,311.5833,311.7142,311.8112,311.8745,311.9041,311.8998,311.8617,311.7897,311.6837,311.5435,311.3691,311.1603,310.9168,310.6384,310.3249,309.976,309.5913,309.1706,308.7135,308.2195,307.6882,307.1192,306.5118,305.8655,305.1797,304.4537,303.6867,302.8779,302.0264,301.1311,300.1908,299.2043,298.17,297.0862,295.9511,294.7627,293.5186,292.2167,290.8553,289.4331,287.9512,286.4134,284.8295,283.2183,281.6131,280.0674,278.6631,277.4868
145.0,266.3351,270.3192,274.4909,276.621,278.4017,280.0986,281.7487,283.3539,284.9116,286.4197,287.877,289.2832,290.6386,291.9439,293.1997,294.4071,295.567,296.6805,297.7485,298.772,299.752,300.6892,301.5846,302.439,303.253,304.0273,304.7626,305.4595,306.1185,306.7401,307.3248,307.873,308.3851,308.8614,309.3023,309.7081,310.0789,310.4152,310.7169,310.9844,311.2178,311.4172,311.5826,311.7142,311.812,311.8761,311.9064,311.9029,311.8655,311.7943,311.689,311.5496,311.3759,311.1678,310.925,310.6474,310.3346,309.9865,309.6026,309.1826,308.7262,308.2329,307.7024,307.134,306.5274,305.8818,305.1967,304.4714,303.7051,302.897,302.0462,301.1515,300.2119,299.226,298.1923,297.1092,295.9747,294.7869,293.5434,292.2423,290.8816,289.4604,287.9795,286.443,284.8604,283.2504,281.6457,280.0991,278.6916,277.5116
146.0,266.1882,270.2122,274.4102,276.5757,278.3677,280.0681,281.7199,283.3261,284.8847,286.3935,287.8516,289.2586,290.6148,291.9208,293.1775,294.3856,295.5464,296.6606,297.7294,298.7538,299.7345,300.6726,301.5688,302.4239,303.2387,304.0138,304.7499,305.4475,306.1073,306.7297,307.3152,307.8641,308.377,308.8541,309.2957,309.7023,310.0739,310.4109,310.7134,310.9817,311.2158,311.4159,311.5821,311.7144,311.813,311.8778,311.9088,311.906,311.8694,311.7989,311.6943,311.5557,311.3827,311.1753,310.9333,310.6564,310.3443,309.9968,309.6136,309.1944,308.7387,308.2461,307.7163,307.1486,306.5427,305.8978,305.2134,304.4888,303.7232,302.9157,302.0655,301.1715,300.2325,299.2472,298.2141,297.1316,295.9977,294.8104,293.5676,292.2672,290.9073,289.487,288.0071,286.4717,284.8904,283.2815,281.6772,280.1296,278.7186,277.5348
147.0,266.056,270.1126,274.3307,276.5303,278.3338,280.0382,281.6916,283.2989,284.8584,286.368,287.8269,289.2347,290.5916,291.8984,293.1558,294.3648,295.5263,296.6413,297.7109,298.736,299.7176,300.6564,301.5534,302.4093,303.2248,304.0007,304.7376,305.436,306.0966,306.7197,307.3059,307.8556,308.3692,308.8471,309.2895,309.6968,310.0692,310.4069,310.7101,310.9791,311.214,311.4148,311.5817,311.7148,311.8141,311.8796,311.9113,311.9092,311.8733,311.8035,311.6997,311.5617,311.3895,311.1828,310.9414,310.6652,310.3539,310.0071,309.6246,309.206,308.751,308.2591,307.73,307.163,306.5577,305.9135,305.2297,304.5058,303.7408,302.934,302.0844,301.191,300.2526,299.2679,298.2354,297.1534,296.0201,294.8334,293.5912,292.2914,290.9322,289.5127,288.0339,286.4996,284.9195,283.3116,281.7076,280.1589,278.7443,277.5564
148.0,265.9362,270.0194,274.2526,276.4848,278.3003,280.0087,281.6639,283.2723,284.8326,286.3431,287.8028,289.2113,290.5691,291.8766,293.1348,294.3445,295.5068,296.6226,297.693,298.7189,299.7012,300.6408,301.5385,302.3952,303.2115,303.9881,304.7258,305.4249,306.0862,306.7101,307.2971,307.8475,308.3619,308.8404,309.2836,309.6916,310.0647,310.4031,310.7071,310.9768,311.2123,311.4139,311.5815,311.7153,311.8153,311.8815,311.9139,311.9125,311.8773,311.8082,311.7051,311.5678,311.3962,311.1902,310.9495,310.674,310.3633,310.0172,309.6354,309.2175,308.7631,308.2719,307.7434,307.1771,306.5724,305.9289,305.2458,304.5224,303.758,302.9518,302.1028,301.21,300.2722,299.288,298.2561,297.1746,296.0418,294.8557,293.614,292.3148,290.9563,289.5377,288.0598,286.5266,284.9476,283.3407,281.737,280.187,278.7686,277.5764
149.0,265.8266,269.9317,274.1758,276.4393,278.2669,279.9797,281.6368,283.2464,284.8076,286.3189,287.7793,289.1886,290.5471,291.8554,293.1144,294.3249,295.4879,296.6045,297.6756,298.7023,299.6853,300.6257,301.5242,302.3816,303.1986,303.976,304.7144,305.4143,306.0763,306.7009,307.2886,307.8398,308.3548,308.8341,309.278,309.6867,310.0605,310.3996,310.7043,310.9747,311.2109,311.4132,311.5815,311.7159,311.8166,311.8835,311.9166,311.9159,311.8814,311.8129,311.7105,311.5738,311.4029,311.1976,310.9576,310.6827,310.3726,310.0272,309.646,309.2287,308.775,308.2845,307.7566,307.1909,306.5869,305.9439,305.2614,304.5387,303.7749,302.9693,302.1209,301.2286,300.2913,299.3077,298.2762,297.1953,296.063,294.8774,293.6362,292.3376,290.9798,289.5619,288.0849,286.5528,284.9748,283.3687,281.7652,280.2139,278.7916,277.5947
150.0,265.7257,269.8487,274.1005,276.3939,278.2339,279.9512,281.6103,283.221,284.7832,286.2953,287.7564,289.1665,290.5258,291.8349,293.0946,294.3058,295.4696,296.5869,297.6588,298.6862,299.67,300.6111,301.5103,302.3685,303.1863,303.9644,304.7035,305.4041,306.0668,306.6921,307.2805,307.8324,308.3482,308.8282,309.2727,309.6821,310.0566,310.3964,310.7018,310.9728,311.2097,311.4126,311.5816,311.7168,311.8181,311.8856,311.9194,311.9194,311.8855,311.8177,311.7159,311.5799,311.4096,311.2049,310.9655,310.6913,310.3819,310.037,309.6565,309.2398,308.7867,308.2968,307.7695,307.2044,306.601,305.9586,305.2767,304.5545,303.7913,302.9863,302.1384,301.2467,300.3099,299.3268,298.2958,297.2154,296.0835,294.8984,293.6578,292.3597,291.0025,289.5853,288.1092,286.578,285.001,283.3957,281.7922,280.2395,278.8131,277.6113
151.0,265.6322,269.7701,274.0267,276.3486,278.2011,279.9232,281.5844,283.1963,284.7594,286.2723,287.7343,289.1451,290.5051,291.8149,293.0754,294.2874,295.4519,296.57,297.6426,298.6707,299.6552,300.5971,301.497,302.3559,303.1744,303.9532,304.693,305.3943,306.0577,306.6838,307.2728,307.8254,308.3418,308.8225,309.2677,309.6778,310.0529,310.3934,310.6995,310.9712,311.2088,311.4123,311.5819,311.7177,311.8197,311.8879,311.9223,311.9229,311.8896,311.8225,311.7213,311.5859,311.4163,311.2122,310.9734,310.6997,310.3909,310.0467,309.6668,309.2507,308.7982,308.3088,307.7822,307.2176,306.6148,305.973,305.2916,304.57,303.8074,303.0028,302.1555,301.2643,300.328,299.3453,298.3148,297.2348,296.1035,294.9187,293.6786,292.381,291.0244,289.608,288.1326,286.6024,285.0263,283.4217,281.8182,280.264,278.8333,277.6263
152.0,265.5449,269.6953,273.9544,276.3035,278.1687,279.8957,281.559,283.1723,284.7363,286.25,287.7127,289.1243,290.4851,291.7957,293.0568,294.2695,295.4348,296.5536,297.6269,298.6558,299.641,300.5836,301.4842,302.3438,303.163,303.9425,304.683,305.385,306.0491,306.6758,307.2655,307.8188,308.3359,308.8172,309.2631,309.6738,310.0496,310.3907,310.6974,310.9698,311.208,311.4122,311.5824,311.7188,311.8214,311.8902,311.9252,311.9265,311.8938,311.8273,311.7267,311.5919,311.4229,311.2194,310.9812,310.7081,310.3999,310.0563,309.6769,309.2614,308.8095,308.3207,307.7945,307.2306,306.6283,305.987,305.3062,304.5851,303.823,303.019,302.1721,301.2814,300.3456,299.3634,298.3333,297.2537,296.1227,294.9384,293.6987,292.4017,291.0456,289.6298,288.1552,286.6258,285.0506,283.4466,281.843,280.2872,278.8522,277.6396
153.0,265.4633,269.6241,273.8837,276.2587,278.1366,279.8687,281.5343,283.1489,284.7138,286.2284,287.6919,289.1042,290.4657,291.777,293.0389,294.2523,295.4183,296.5378,297.6119,298.6414,299.6274,300.5706,301.4719,302.3322,303.1521,303.9323,304.6734,305.3761,306.0409,306.6682,307.2586,307.8125,308.3303,308.8122,309.2588,309.6701,310.0465,310.3883,310.6956,310.9686,311.2074,311.4122,311.5831,311.7201,311.8233,311.8927,311.9283,311.9301,311.8981,311.8321,311.7321,311.5979,311.4294,311.2265,310.9889,310.7164,310.4087,310.0657,309.6868,309.2719,308.8205,308.3323,307.8067,307.2432,306.6415,306.0007,305.3204,304.5998,303.8382,303.0347,302.1883,301.298,300.3626,299.3808,298.3511,297.2719,296.1414,294.9575,293.7182,292.4216,291.066,289.6508,288.177,286.6484,285.074,283.4705,281.8667,280.3092,278.8698,277.6512
154.0,265.3867,269.5561,273.8145,276.2143,278.1049,279.8422,281.5103,283.1261,284.6921,286.2074,287.6717,289.0848,290.447,291.759,293.0216,294.2358,295.4024,296.5227,297.5974,298.6276,299.6143,300.5582,301.4602,302.3211,303.1417,303.9225,304.6643,305.3677,306.0331,306.6611,307.2521,307.8066,308.325,308.8076,309.2547,309.6667,310.0438,310.3861,310.694,310.9676,311.207,311.4124,311.5839,311.7215,311.8252,311.8952,311.9314,311.9338,311.9023,311.8369,311.7375,311.6038,311.4359,311.2336,310.9965,310.7245,310.4174,310.0749,309.6966,309.2822,308.8313,308.3436,307.8185,307.2556,306.6543,306.0141,305.3343,304.6142,303.853,303.0499,302.2039,301.3141,300.3791,299.3977,298.3684,297.2896,296.1594,294.9758,293.7369,292.4407,291.0857,289.6711,288.1979,286.6701,285.0964,283.4933,281.8893,280.33,278.886,277.6611
155.0,265.3146,269.4912,273.7468,276.1702,278.0735,279.8163,281.4868,283.1041,284.671,286.1872,287.6522,289.066,290.429,291.7417,293.005,294.2198,295.3872,296.5081,297.5835,298.6144,299.6017,300.5463,301.449,302.3106,303.1318,303.9133,304.6557,305.3597,306.0257,306.6543,307.246,307.8011,308.3201,308.8033,309.2511,309.6636,310.0413,310.3842,310.6927,310.9668,311.2068,311.4128,311.5848,311.723,311.8273,311.8979,311.9346,311.9376,311.9066,311.8418,311.7428,311.6098,311.4424,311.2405,311.004,310.7326,310.426,310.084,309.7062,309.2923,308.8419,308.3547,307.8301,307.2676,306.6668,306.0271,305.3477,304.6281,303.8673,303.0647,302.2191,301.3296,300.3951,299.414,298.3851,297.3066,296.1767,294.9935,293.7549,292.4591,291.1045,289.6905,288.2179,286.6908,285.1178,283.5152,281.9108,280.3496,278.901,277.6694
156.0,265.2468,269.4292,273.6807,276.1266,278.0425,279.7909,281.464,283.0827,284.6506,286.1676,287.6334,289.0479,290.4116,291.725,292.989,294.2045,295.3726,296.4941,297.5702,298.6018,299.5897,300.535,301.4383,302.3005,303.1223,303.9045,304.6475,305.3521,306.0188,306.648,307.2403,307.796,308.3156,308.7994,309.2477,309.6608,310.039,310.3825,310.6916,310.9663,311.2069,311.4134,311.586,311.7247,311.8295,311.9006,311.9379,311.9414,311.911,311.8466,311.7482,311.6157,311.4488,311.2475,311.0114,310.7405,310.4344,310.0929,309.7156,309.3022,308.8523,308.3655,307.8414,307.2794,306.679,306.0397,305.3608,304.6416,303.8812,303.079,302.2338,301.3447,300.4105,299.4298,298.4012,297.323,296.1934,295.0105,293.7723,292.4768,291.1226,289.7091,288.2371,286.7106,285.1382,283.5359,281.9311,280.3679,278.9146,277.6759
157.0,265.183,269.37,273.6162,276.0835,278.012,279.7661,281.4418,283.062,284.6309,286.1487,287.6153,289.0305,290.3949,291.709,292.9736,294.1898,295.3585,296.4808,297.5575,298.5897,299.5783,300.5242,301.4281,302.291,303.1134,303.8962,304.6398,305.345,306.0123,306.6421,307.2349,307.7912,308.3114,308.7957,309.2446,309.6583,310.0371,310.3811,310.6907,310.966,311.2071,311.4141,311.5872,311.7265,311.8319,311.9035,311.9413,311.9452,311.9153,311.8515,311.7536,311.6215,311.4551,311.2543,311.0187,310.7483,310.4427,310.1016,309.7247,309.3118,308.8624,308.376,307.8523,307.2908,306.6909,306.052,305.3735,304.6546,303.8947,303.0928,302.248,301.3593,300.4253,299.445,298.4166,297.3387,296.2094,295.0268,293.7889,292.4937,291.14,289.7269,288.2555,286.7296,285.1577,283.5556,281.9504,280.3851,278.9269,277.6808
158.0,265.1229,269.3127,273.5511,276.0409,277.9819,279.7418,281.4203,283.0419,284.6119,286.1306,287.5979,289.0138,290.3789,291.6936,292.959,294.1758,295.3452,296.468,297.5454,298.5782,299.5675,300.514,301.4185,302.282,303.105,303.8883,304.6326,305.3384,306.0062,306.6366,307.23,307.7868,308.3075,308.7924,309.2419,309.6561,310.0354,310.38,310.6901,310.9659,311.2075,311.4151,311.5887,311.7284,311.8343,311.9064,311.9447,311.9491,311.9197,311.8563,311.7589,311.6273,311.4614,311.261,311.0259,310.7559,310.4508,310.1101,309.7337,309.3212,308.8722,308.3863,307.863,307.3019,306.7024,306.0639,305.3858,304.6673,303.9077,303.1062,302.2617,301.3733,300.4397,299.4596,298.4315,297.3538,296.2248,295.0424,293.8047,292.5099,291.1565,289.7438,288.2729,286.7476,285.1762,283.5743,281.9685,280.4011,278.938,277.684
159.0,265.0657,269.2559,273.4831,275.9986,277.9522,279.7181,281.3994,283.0226,284.5936,286.1131,287.5812,288.9978,290.3635,291.679,292.9449,294.1624,295.3324,296.4559,297.5339,298.5674,299.5572,300.5043,301.4094,302.2735,303.0971,303.881,304.6258,305.3322,306.0005,306.6315,307.2254,307.7828,308.3041,308.7895,309.2394,309.6542,310.034,310.3791,310.6897,310.966,311.2081,311.4162,311.5903,311.7305,311.8368,311.9094,311.9482,311.9531,311.9241,311.8612,311.7642,311.6331,311.4676,311.2677,311.033,310.7634,310.4587,310.1185,309.7425,309.3304,308.8818,308.3963,307.8734,307.3127,306.7135,306.0754,305.3976,304.6795,303.9203,303.1191,302.2749,301.3868,300.4534,299.4736,298.4458,297.3683,296.2395,295.0573,293.8199,292.5253,291.1722,289.76,288.2895,286.7647,285.1937,283.592,281.9854,280.4159,278.9478,277.6856
160.0,265.0108,269.1989,273.4118,275.9565,277.923,279.695,281.3791,283.004,284.576,286.0964,287.5652,288.9825,290.3489,291.665,292.9316,294.1497,295.3203,296.4444,297.523,298.5571,299.5475,300.4952,301.4009,302.2655,303.0897,303.8742,304.6195,305.3264,305.9953,306.6268,307.2213,307.7792,308.3009,308.7869,309.2373,309.6526,310.0329,310.3785,310.6896,310.9663,311.2089,311.4174,311.592,311.7327,311.8395,311.9125,311.9517,311.9571,311.9286,311.8661,311.7695,311.6388,311.4738,311.2742,311.04,310.7708,310.4665,310.1267,309.7511,309.3394,308.8912,308.406,307.8835,307.3231,306.7243,306.0865,305.4091,304.6913,303.9324,303.1315,302.2876,301.3997,300.4666,299.487,298.4594,297.3822,296.2535,295.0715,293.8343,292.54,291.1872,289.7753,288.3052,286.7808,285.2102,283.6085,282.0013,280.4294,278.9563,277.6856
161.0,264.9576,269.1407,273.3366,275.9147,277.8943,279.6724,281.3596,282.986,284.5591,286.0804,287.5499,288.9679,290.3349,291.6517,292.9189,294.1376,295.3089,296.4336,297.5127,298.5474,299.5384,300.4866,301.3929,302.258,303.0828,303.8678,304.6137,305.3211,305.9905,306.6225,307.2175,307.7759,308.2981,308.7846,309.2355,309.6512,310.032,310.3781,310.6896,310.9668,311.2099,311.4188,311.5938,311.735,311.8422,311.9157,311.9553,311.9611,311.933,311.8709,311.7748,311.6445,311.4798,311.2807,311.0468,310.7781,310.4741,310.1347,309.7594,309.3481,308.9002,308.4154,307.8933,307.3332,306.7348,306.0973,305.4202,304.7027,303.944,303.1434,302.2998,301.4121,300.4793,299.4998,298.4724,297.3953,296.2668,295.085,293.848,292.5539,291.2013,289.7897,288.3201,286.7961,285.2258,283.6241,282.0161,280.4418,278.9636,277.6839
162.0,264.9054,269.0807,273.2565,275.8728,277.8661,279.6504,281.3407,282.9688,284.543,286.0651,287.5353,288.954,290.3217,291.639,292.9069,294.1262,295.298,296.4233,297.5031,298.5383,299.5298,300.4786,301.3854,302.2511,303.0764,303.8619,304.6083,305.3162,305.9861,306.6186,307.2141,307.773,308.2957,308.7826,309.234,309.6502,310.0314,310.3779,310.6899,310.9676,311.211,311.4204,311.5959,311.7374,311.8451,311.9189,311.959,311.9652,311.9375,311.8758,311.78,311.6501,311.4858,311.287,311.0536,310.7851,310.4815,310.1424,309.7676,309.3566,308.909,308.4246,307.9027,307.343,306.7448,306.1077,305.4308,304.7136,303.9552,303.1548,302.3114,301.424,300.4913,299.5121,298.4848,297.4079,296.2795,295.0978,293.8609,292.567,291.2147,289.8033,288.334,286.8104,285.2404,283.6386,282.0297,280.453,278.9696,277.6807
163.0,264.8534,269.0178,273.1702,275.8307,277.8383,279.6291,281.3225,282.9523,284.5276,286.0505,287.5215,288.9409,290.3092,291.6271,292.8955,294.1155,295.2878,296.4137,297.494,298.5297,299.5218,300.4711,301.3785,302.2447,303.0705,303.8565,304.6034,305.3118,305.9822,306.6151,307.2111,307.7704,308.2936,308.7809,309.2328,309.6494,310.0311,310.378,310.6904,310.9685,311.2124,311.4222,311.598,311.7399,311.848,311.9223,311.9627,311.9692,311.9419,311.8806,311.7852,311.6556,311.4917,311.2933,311.0602,310.7921,310.4888,310.15,309.7755,309.3648,308.9176,308.4334,307.9119,307.3524,306.7545,306.1176,305.441,304.7241,303.9659,303.1657,302.3225,301.4353,300.5028,299.5237,298.4966,297.4197,296.2915,295.1099,293.8731,292.5794,291.2272,289.8161,288.3471,286.8238,285.2539,283.652,282.0422,280.4631,278.9743,277.6758
164.0,264.8008,268.9506,273.0753,275.7882,277.8109,279.6083,281.3049,282.9365,284.5129,286.0367,287.5084,288.9284,290.2973,291.6159,292.8849,294.1054,295.2783,296.4047,297.4856,298.5218,299.5144,300.4642,301.3721,302.2388,303.0651,303.8516,304.5989,305.3078,305.9787,306.6121,307.2084,307.7682,308.2919,308.7796,309.2319,309.6489,310.031,310.3783,310.6912,310.9696,311.2139,311.4241,311.6003,311.7426,311.851,311.9257,311.9664,311.9734,311.9464,311.8854,311.7904,311.6611,311.4975,311.2994,311.0666,310.7988,310.4959,310.1574,309.7832,309.3728,308.9258,308.4419,307.9207,307.3615,306.7639,306.1272,305.4509,304.7341,303.9762,303.1762,302.3331,301.4461,300.5137,299.5347,298.5077,297.431,296.3028,295.1213,293.8846,292.5909,291.2389,289.8281,288.3593,286.8362,285.2665,283.6644,282.0536,280.4719,278.9778,277.6695
165.0,264.7462,268.8768,272.9679,275.7448,277.7839,279.5882,281.2881,282.9215,284.499,286.0236,287.496,288.9167,290.2862,291.6053,292.8749,294.0959,295.2694,296.3963,297.4777,298.5145,299.5076,300.4579,301.3663,302.2334,303.0602,303.8471,304.595,305.3043,305.9756,306.6094,307.2062,307.7664,308.2905,308.7786,309.2313,309.6487,310.0312,310.3789,310.6921,310.9709,311.2156,311.4261,311.6027,311.7454,311.8542,311.9291,311.9702,311.9775,311.9508,311.8902,311.7955,311.6665,311.5033,311.3054,311.0729,310.8054,310.5028,310.1646,309.7906,309.3805,308.9338,308.4502,307.9291,307.3702,306.7728,306.1364,305.4602,304.7437,303.9859,303.1861,302.3432,301.4563,300.524,299.5451,298.5182,297.4415,296.3134,295.1319,293.8953,292.6017,291.2499,289.8392,288.3706,286.8478,285.2782,283.6758,282.0639,280.4796,278.9801,277.6616
166.0,264.6876,268.792,272.8394,275.7001,277.7573,279.5686,281.2719,282.9071,284.4859,286.0113,287.4844,288.9057,290.2758,291.5955,292.8656,294.0872,295.2612,296.3886,297.4705,298.5078,299.5013,300.4521,301.361,302.2286,303.0558,303.8432,304.5914,305.3012,305.9729,306.6071,307.2044,307.765,308.2894,308.7779,309.231,309.6488,310.0316,310.3797,310.6933,310.9725,311.2174,311.4283,311.6052,311.7482,311.8574,311.9326,311.9741,311.9816,311.9553,311.8949,311.8005,311.6719,311.5089,311.3113,311.0791,310.8119,310.5095,310.1715,309.7978,309.3879,308.9415,308.4581,307.9373,307.3786,306.7814,306.1451,305.4692,304.7528,303.9952,303.1955,302.3527,301.4659,300.5337,299.5549,298.528,297.4514,296.3233,295.1419,293.9053,292.6117,291.26,289.8494,288.381,286.8583,285.2888,283.6861,282.0731,280.4862,278.9812,277.6522
167.0,264.6202,268.6845,272.6646,275.6524,277.7309,279.5497,281.2565,282.8936,284.4734,285.9997,287.4735,288.8954,290.2661,291.5864,292.857,294.0791,295.2536,296.3815,297.4639,298.5016,299.4957,300.4469,301.3562,302.2243,303.0519,303.8397,304.5884,305.2985,305.9706,306.6053,307.2029,307.7639,308.2887,308.7776,309.231,309.6491,310.0323,310.3808,310.6946,310.9742,311.2195,311.4307,311.6079,311.7512,311.8606,311.9362,311.9779,311.9858,311.9597,311.8996,311.8055,311.6771,311.5144,311.3171,311.0851,310.8182,310.516,310.1783,309.8048,309.3951,308.9489,308.4657,307.9451,307.3866,306.7895,306.1535,305.4777,304.7614,304.0039,303.2044,302.3617,301.475,300.5428,299.5641,298.5372,297.4606,296.3325,295.1511,293.9145,292.621,291.2693,289.8588,288.3906,286.868,285.2985,283.6954,282.0813,280.4915,278.981,277.6414
168.0,264.5189,268.474,272.244,275.5937,277.7042,279.5313,281.2417,282.8807,284.4618,285.9889,287.4634,288.8859,290.2572,291.5779,292.8491,294.0717,295.2467,296.3751,297.4579,298.4961,299.4906,300.4423,301.352,302.2205,303.0485,303.8367,304.5858,305.2963,305.9688,306.6038,307.2018,307.7631,308.2883,308.7775,309.2313,309.6498,310.0333,310.382,310.6962,310.9761,311.2217,311.4332,311.6107,311.7543,311.864,311.9398,311.9818,311.9899,311.9641,311.9043,311.8104,311.6823,311.5198,311.3228,311.091,310.8242,310.5223,310.1848,309.8115,309.402,308.956,308.473,307.9525,307.3942,306.7973,306.1614,305.4857,304.7696,304.0122,303.2127,302.3702,301.4835,300.5514,299.5726,298.5457,297.4691,296.341,295.1595,293.9229,292.6294,291.2777,289.8674,288.3992,286.8768,285.3072,283.7037,282.0883,280.4958,278.9797,277.6291
169.0,264.3925,268.2593,271.9591,275.5294,277.6771,279.5134,281.2276,282.8686,284.4509,285.9788,287.454,288.8771,290.2489,291.5702,292.8419,294.065,295.2404,296.3693,297.4525,298.4912,299.4861,300.4382,301.3483,302.2172,303.0456,303.8342,304.5836,305.2945,305.9674,306.6027,307.2011,307.7627,308.2882,308.7778,309.2319,309.6507,310.0345,310.3835,310.698,310.9781,311.224,311.4358,311.6136,311.7574,311.8674,311.9435,311.9857,311.9941,311.9685,311.9089,311.8153,311.6874,311.5251,311.3283,311.0967,310.8302,310.5284,310.1911,309.818,309.4087,308.9628,308.4799,307.9597,307.4014,306.8047,306.1689,305.4933,304.7773,304.02,303.2206,302.3781,301.4914,300.5593,299.5806,298.5536,297.477,296.3488,295.1673,293.9306,292.6371,291.2854,289.8751,288.407,286.8846,285.3149,283.7109,282.0942,280.4989,278.9771,277.6154
170.0,264.2593,268.0838,271.7941,275.4641,277.6495,279.4961,281.2143,282.8573,284.4407,285.9695,287.4454,288.8691,290.2414,291.5632,292.8354,294.0589,295.2348,296.3641,297.4478,298.4868,299.4822,300.4347,301.3451,302.2144,303.0432,303.8322,304.582,305.2932,305.9664,306.6021,307.2007,307.7627,308.2885,308.7784,309.2327,309.6518,310.0359,310.3852,310.7,310.9804,311.2265,311.4386,311.6166,311.7607,311.8709,311.9472,311.9897,311.9983,311.9729,311.9135,311.8201,311.6924,311.5303,311.3336,311.1022,310.8359,310.5343,310.1971,309.8242,309.415,308.9693,308.4866,307.9664,307.4083,306.8117,306.176,305.5005,304.7845,304.0273,303.2279,302.3854,301.4987,300.5666,299.5878,298.5609,297.4841,296.3559,295.1743,293.9375,292.644,291.2923,289.8819,288.4139,286.8914,285.3216,283.7171,282.0991,280.5008,278.9734,277.6004
171.0,264.1321,267.9458,271.6805,275.3997,277.6217,279.4792,281.2016,282.8467,284.4314,285.961,287.4375,288.8618,290.2346,291.5569,292.8295,294.0535,295.2298,296.3596,297.4437,298.4831,299.4788,300.4317,301.3425,302.2122,303.0413,303.8306,304.5807,305.2923,305.9658,306.6018,307.2007,307.763,308.2891,308.7793,309.2339,309.6532,310.0376,310.3872,310.7022,310.9828,311.2292,311.4415,311.6197,311.764,311.8744,311.951,311.9936,312.0024,311.9773,311.9181,311.8248,311.6972,311.5353,311.3389,311.1076,310.8414,310.5399,310.203,309.8301,309.4211,308.9755,308.4929,307.9728,307.4148,306.8182,306.1826,305.5072,304.7913,304.0341,303.2347,302.3922,301.5055,300.5734,299.5945,298.5675,297.4906,296.3622,295.1806,293.9437,292.6501,291.2983,289.8879,288.4199,286.8974,285.3273,283.7222,282.1028,280.5017,278.9685,277.584
172.0,264.0176,267.8365,271.593,275.3369,277.5938,279.4628,281.1896,282.8368,284.4228,285.9533,287.4304,288.8552,290.2286,291.5513,292.8244,294.0488,295.2255,296.3557,297.4401,298.48,299.476,300.4293,301.3405,302.2104,303.0399,303.8295,304.58,305.2918,305.9656,306.6019,307.2011,307.7637,308.29,308.7804,309.2353,309.6549,310.0395,310.3893,310.7046,310.9854,311.232,311.4445,311.6229,311.7674,311.878,311.9548,311.9976,312.0066,311.9816,311.9225,311.8294,311.702,311.5403,311.3439,311.1128,310.8467,310.5454,310.2085,309.8358,309.4269,308.9814,308.4988,307.9788,307.4209,306.8244,306.1888,305.5134,304.7975,304.0403,303.241,302.3984,301.5117,300.5795,299.6005,298.5734,297.4964,296.3679,295.1861,293.9491,292.6553,291.3035,289.8931,288.425,286.9024,285.3321,283.7264,282.1055,280.5014,278.9624,277.5663
173.0,263.9183,267.749,271.5209,275.2761,277.5658,279.4468,281.1783,282.8277,284.4149,285.9463,287.4241,288.8494,290.2233,291.5465,292.8199,294.0448,295.2219,296.3524,297.4373,298.4774,299.4739,300.4274,301.3389,302.2092,303.039,303.8289,304.5796,305.2918,305.9659,306.6024,307.2019,307.7647,308.2913,308.7819,309.237,309.6568,310.0417,310.3917,310.7071,310.9882,311.235,311.4476,311.6262,311.7709,311.8817,311.9586,312.0016,312.0107,311.9858,311.927,311.834,311.7067,311.5451,311.3488,311.1179,310.8519,310.5506,310.2139,309.8412,309.4324,308.9869,308.5045,307.9845,307.4266,306.8302,306.1946,305.5192,304.8033,304.0461,303.2467,302.4041,301.5173,300.585,299.6059,298.5786,297.5015,296.3729,295.1909,293.9538,292.6599,291.3079,289.8974,288.4292,286.9065,285.3359,283.7295,282.1072,280.5,278.9552,277.5474
174.0,263.835,267.6781,271.4595,275.2177,277.5379,279.4313,281.1677,282.8194,284.4079,285.9401,287.4185,288.8444,290.2187,291.5423,292.8162,294.0414,295.2189,296.3498,297.435,298.4755,299.4722,300.4261,301.3379,302.2085,303.0386,303.8288,304.5798,305.2922,305.9665,306.6033,307.203,307.766,308.2928,308.7837,309.239,309.659,310.044,310.3942,310.7099,310.9911,311.238,311.4509,311.6297,311.7745,311.8854,311.9624,312.0056,312.0148,311.9901,311.9313,311.8384,311.7113,311.5497,311.3536,311.1227,310.8568,310.5556,310.2189,309.8463,309.4375,308.9921,308.5097,307.9898,307.4319,306.8355,306.1999,305.5245,304.8086,304.0513,303.2518,302.4092,301.5223,300.5899,299.6107,298.5832,297.506,296.3771,295.1949,293.9576,292.6636,291.3115,289.9008,288.4325,286.9097,285.3388,283.7316,282.1078,280.4975,278.9469,277.5272
175.0,263.7671,267.6207,271.4063,275.1617,277.5103,279.4162,281.1577,282.8118,284.4016,285.9346,287.4137,288.8401,290.2148,291.5389,292.8132,294.0387,295.2166,296.3478,297.4333,298.4741,299.4712,300.4254,301.3375,302.2083,303.0386,303.8291,304.5803,305.293,305.9675,306.6045,307.2045,307.7677,308.2947,308.7858,309.2413,309.6615,310.0466,310.397,310.7128,310.9942,311.2413,311.4542,311.6332,311.7781,311.8892,311.9663,312.0096,312.0189,311.9943,311.9356,311.8428,311.7157,311.5543,311.3582,311.1274,310.8615,310.5604,310.2237,309.8512,309.4424,308.9971,308.5146,307.9947,307.4368,306.8404,306.2048,305.5293,304.8134,304.056,303.2565,302.4137,301.5267,300.5941,299.6148,298.5872,297.5097,296.3806,295.1983,293.9608,292.6665,291.3142,289.9034,288.435,286.9119,285.3407,283.7328,282.1073,280.494,278.9374,277.5058
176.0,263.7139,267.5747,271.3599,275.1081,277.4831,279.4017,281.1485,282.805,284.3961,285.93,287.4096,288.8365,290.2117,291.5362,292.8108,294.0367,295.2149,296.3465,297.4323,298.4734,299.4707,300.4252,301.3375,302.2086,303.0392,303.8299,304.5814,305.2942,305.969,306.6062,307.2063,307.7697,308.2969,308.7881,309.2438,309.6642,310.0495,310.4,310.7159,310.9974,311.2446,311.4577,311.6368,311.7818,311.893,311.9702,312.0135,312.023,311.9984,311.9398,311.8471,311.7201,311.5587,311.3627,311.1319,310.866,310.565,310.2283,309.8558,309.447,309.0016,308.5192,307.9993,307.4414,306.8449,306.2092,305.5337,304.8176,304.0602,303.2606,302.4177,301.5305,300.5978,299.6182,298.5904,297.5127,296.3835,295.2008,293.9631,292.6686,291.3161,289.9052,288.4366,286.9133,285.3416,283.7329,282.1058,280.4893,278.9269,277.4833
177.0,263.6744,267.5387,271.3196,275.0571,277.4563,279.3876,281.1399,282.7989,284.3914,285.9261,287.4064,288.8338,290.2094,291.5342,292.8092,294.0354,295.2139,296.3457,297.4319,298.4732,299.4708,300.4255,301.3381,302.2095,303.0402,303.8311,304.5828,305.2959,305.9708,306.6082,307.2085,307.7721,308.2994,308.7908,309.2466,309.6671,310.0525,310.4032,310.7192,311.0008,311.2481,311.4613,311.6404,311.7856,311.8968,311.9741,312.0175,312.027,312.0025,311.944,311.8513,311.7243,311.5629,311.3669,311.1361,310.8703,310.5693,310.2326,309.8601,309.4513,309.0059,308.5234,308.0035,307.4455,306.8489,306.2132,305.5376,304.8214,304.0639,303.2641,302.4211,301.5337,300.6008,299.6211,298.593,297.5151,296.3856,295.2027,293.9647,292.67,291.3173,289.9061,288.4373,286.9137,285.3416,283.732,282.1032,280.4836,278.9152,277.4596
178.0,263.6479,267.5116,271.2847,275.0086,277.4301,279.3741,281.1319,282.7936,284.3875,285.923,287.4039,288.8317,290.2077,291.5329,292.8082,294.0348,295.2136,296.3457,297.432,298.4737,299.4715,300.4264,301.3393,302.2108,303.0418,303.8329,304.5847,305.2979,305.9731,306.6106,307.211,307.7748,308.3022,308.7937,309.2496,309.6702,310.0558,310.4065,310.7226,311.0043,311.2517,311.465,311.6442,311.7894,311.9007,311.978,312.0215,312.031,312.0065,311.948,311.8553,311.7284,311.567,311.371,311.1402,310.8744,310.5733,310.2366,309.8641,309.4552,309.0098,308.5273,308.0072,307.4492,306.8525,306.2167,305.541,304.8247,304.067,303.2671,302.4239,301.5363,300.6032,299.6232,298.5949,297.5167,296.3869,295.2038,293.9655,292.6705,291.3175,289.9061,288.4371,286.9132,285.3406,283.7301,282.0997,280.4768,278.9025,277.4349
179.0,263.6331,267.4926,271.2548,274.9627,277.4046,279.3611,281.1247,282.7891,284.3843,285.9207,287.4022,288.8305,290.2069,291.5324,292.808,294.0348,295.2139,296.3462,297.4329,298.4747,299.4728,300.4279,301.3409,302.2126,303.0438,303.835,304.5871,305.3004,305.9757,306.6134,307.2139,307.7778,308.3053,308.7969,309.2529,309.6736,310.0593,310.4101,310.7263,311.008,311.2555,311.4688,311.648,311.7933,311.9046,311.9819,312.0254,312.0349,312.0105,311.952,311.8593,311.7323,311.5709,311.3749,311.1441,310.8783,310.5771,310.2404,309.8677,309.4589,309.0133,308.5307,308.0106,307.4525,306.8557,306.2197,305.5439,304.8275,304.0696,303.2695,302.4261,301.5383,300.605,299.6247,298.5962,297.5177,296.3876,295.2041,293.9655,292.6702,291.317,289.9054,288.436,286.9118,285.3386,283.7273,282.0951,280.469,278.8887,277.4092
180.0,263.6294,267.4812,271.2297,274.9193,277.3798,279.3486,281.1181,282.7853,284.382,285.9192,287.4012,288.83,290.2067,291.5325,292.8085,294.0356,295.2149,296.3474,297.4343,298.4763,299.4746,300.4299,301.3431,302.215,303.0463,303.8377,304.5898,305.3033,305.9787,306.6165,307.2171,307.7811,308.3087,308.8004,309.2565,309.6772,310.0629,310.4138,310.73,311.0118,311.2593,311.4727,311.6519,311.7972,311.9085,311.9859,312.0293,312.0389,312.0144,311.9558,311.8631,311.7361,311.5747,311.3786,311.1478,310.8819,310.5807,310.2439,309.8711,309.4622,309.0166,308.5339,308.0136,307.4553,306.8584,306.2223,305.5463,304.8297,304.0717,303.2714,302.4277,301.5397,300.6061,299.6256,298.5967,297.5179,296.3875,295.2037,293.9648,292.6692,291.3157,289.9037,288.4341,286.9095,285.3358,283.7234,282.0895,280.4602,278.8739,277.3824
181.0,263.6358,267.4767,271.2092,274.8784,277.3559,279.3368,281.1122,282.7822,284.3804,285.9185,287.4011,288.8302,290.2073,291.5334,292.8096,294.037,295.2165,296.3493,297.4363,298.4786,299.477,300.4324,301.3458,302.2178,303.0492,303.8408,304.593,305.3066,305.9821,306.62,307.2207,307.7847,308.3124,308.8042,309.2603,309.6811,310.0668,310.4177,310.734,311.0158,311.2633,311.4766,311.6559,311.8011,311.9124,311.9898,312.0332,312.0427,312.0182,311.9596,311.8669,311.7398,311.5783,311.3822,311.1512,310.8852,310.584,310.2471,309.8742,309.4652,309.0194,308.5366,308.0162,307.4578,306.8607,306.2245,305.5483,304.8315,304.0733,303.2727,302.4288,301.5405,300.6066,299.6258,298.5966,297.5175,296.3867,295.2026,293.9633,292.6674,291.3135,289.9013,288.4313,286.9063,285.332,283.7186,282.0829,280.4503,278.858,277.3548
182.0,263.6518,267.4788,271.1929,274.8401,277.3329,279.3256,281.107,282.7799,284.3796,285.9185,287.4017,288.8313,290.2087,291.535,292.8115,294.039,295.2188,296.3517,297.4389,298.4814,299.4799,300.4355,301.349,302.2211,303.0527,303.8443,304.5966,305.3103,305.9859,306.6238,307.2246,307.7887,308.3164,308.8082,309.2643,309.6852,310.0709,310.4218,310.738,311.0199,311.2673,311.4807,311.6599,311.8051,311.9164,311.9937,312.0371,312.0465,312.0219,311.9633,311.8705,311.7433,311.5817,311.3855,311.1545,310.8884,310.587,310.25,309.877,309.4678,309.0219,308.539,308.0184,307.4598,306.8626,306.2261,305.5497,304.8327,304.0743,303.2734,302.4293,301.5407,300.6065,299.6254,298.5958,297.5164,296.3852,295.2007,293.9611,292.6648,291.3106,289.8979,288.4276,286.9022,285.3272,283.7128,282.0753,280.4394,278.8411,277.3262
183.0,263.6766,267.4871,271.1809,274.8043,277.3108,279.315,281.1025,282.7784,284.3796,285.9194,287.4031,288.833,290.2107,291.5374,292.814,294.0418,295.2217,296.3548,297.4422,298.4847,299.4834,300.4391,301.3527,302.225,303.0566,303.8483,304.6007,305.3144,305.99,306.628,307.2288,307.7929,308.3207,308.8125,309.2686,309.6894,310.0752,310.426,310.7423,311.0241,311.2715,311.4848,311.664,311.8091,311.9203,311.9976,312.0409,312.0503,312.0256,311.9669,311.8739,311.7467,311.585,311.3887,311.1575,310.8913,310.5897,310.2526,309.8795,309.4701,309.0241,308.5409,308.0202,307.4614,306.864,306.2273,305.5507,304.8334,304.0747,303.2736,302.4292,301.5403,300.6058,299.6243,298.5944,297.5145,296.383,295.1981,293.9581,292.6614,291.3068,289.8938,288.4231,286.8972,285.3216,283.7061,282.0667,280.4275,278.8233,277.2967
184.0,263.7098,267.5013,271.1728,274.771,277.2897,279.3051,281.0987,282.7776,284.3803,285.921,287.4052,288.8356,290.2136,291.5404,292.8173,294.0452,295.2253,296.3586,297.446,298.4887,299.4875,300.4433,301.357,302.2293,303.0609,303.8527,304.6052,305.3189,305.9945,306.6325,307.2334,307.7975,308.3252,308.817,309.2731,309.6939,310.0796,310.4305,310.7467,311.0284,311.2758,311.489,311.6681,311.8132,311.9243,312.0015,312.0447,312.0539,312.0292,311.9703,311.8773,311.7499,311.5881,311.3916,311.1603,310.8939,310.5922,310.2549,309.8817,309.4721,309.0259,308.5425,308.0216,307.4626,306.8649,306.228,305.5512,304.8336,304.0746,303.2732,302.4285,301.5393,300.6044,299.6225,298.5923,297.512,296.3801,295.1947,293.9543,292.6572,291.3022,289.8888,288.4177,286.8913,285.315,283.6985,282.0571,280.4146,278.8044,277.2664
185.0,263.7509,267.5211,271.1685,274.7402,277.2698,279.2959,281.0957,282.7776,284.3819,285.9234,287.4082,288.8389,290.2171,291.5442,292.8212,294.0493,295.2295,296.3629,297.4505,298.4932,299.4921,300.448,301.3617,302.2341,303.0658,303.8576,304.61,305.3238,305.9994,306.6374,307.2382,307.8023,308.33,308.8218,309.2779,309.6986,310.0843,310.435,310.7512,311.0328,311.2801,311.4932,311.6723,311.8172,311.9283,312.0053,312.0484,312.0576,312.0327,311.9737,311.8805,311.753,311.591,311.3944,311.1629,310.8964,310.5945,310.257,309.8835,309.4738,309.0273,308.5437,308.0226,307.4633,306.8654,306.2283,305.5511,304.8333,304.074,303.2723,302.4272,301.5376,300.6024,299.6201,298.5895,297.5088,296.3764,295.1906,293.9498,292.6522,291.2968,289.883,288.4114,286.8845,285.3075,283.6898,282.0466,280.4007,278.7846,277.2353
186.0,263.7996,267.5462,271.1681,274.7119,277.2509,279.2875,281.0933,282.7784,284.3842,285.9267,287.4119,288.8429,290.2214,291.5487,292.8259,294.0541,295.2344,296.3679,297.4555,298.4984,299.4973,300.4532,301.367,302.2393,303.0711,303.8629,304.6153,305.3291,306.0047,306.6427,307.2434,307.8075,308.3351,308.8268,309.2829,309.7035,310.0891,310.4398,310.7558,311.0374,311.2846,311.4976,311.6765,311.8213,311.9322,312.0091,312.0521,312.0611,312.0361,311.9769,311.8835,311.7559,311.5937,311.3969,311.1652,310.8985,310.5964,310.2587,309.885,309.475,309.0284,308.5446,308.0232,307.4637,306.8655,306.228,305.5506,304.8325,304.0728,303.2708,302.4253,301.5354,300.5997,299.6171,298.586,297.5048,296.372,295.1858,293.9445,292.6465,291.2906,289.8764,288.4043,286.8769,285.2991,283.6803,282.0351,280.3859,278.7639,277.2034
187.0,263.8554,267.5764,271.1712,274.6861,277.2332,279.2798,281.0916,282.7799,284.3874,285.9306,287.4164,288.8478,290.2265,291.5539,292.8312,294.0595,295.2399,296.3735,297.4612,298.504,299.503,300.4589,301.3727,302.2451,303.0768,303.8686,304.621,305.3348,306.0103,306.6482,307.2489,307.8129,308.3405,308.8321,309.2881,309.7086,310.0941,310.4447,310.7606,311.042,311.2891,311.502,311.6807,311.8254,311.9362,312.0129,312.0557,312.0646,312.0393,311.98,311.8865,311.7586,311.5962,311.3992,311.1674,310.9004,310.5981,310.2601,309.8862,309.476,309.0291,308.545,308.0233,307.4635,306.8651,306.2273,305.5495,304.8311,304.0711,303.2687,302.4229,301.5325,300.5965,299.6134,298.5818,297.5002,296.3669,295.1802,293.9384,292.6399,291.2836,289.8689,288.3964,286.8684,285.2899,283.6698,282.0227,280.3701,278.7422,277.1708
188.0,263.9181,267.6117,271.178,274.6627,277.2168,279.2729,281.0907,282.7821,284.3913,285.9354,287.4217,288.8533,290.2323,291.5598,292.8372,294.0656,295.2461,296.3797,297.4674,298.5103,299.5093,300.4652,301.379,302.2513,303.083,303.8747,304.6271,305.3408,306.0163,306.6541,307.2548,307.8186,308.3461,308.8377,309.2935,309.7139,310.0993,310.4497,310.7655,311.0468,311.2937,311.5064,311.685,311.8296,311.9401,312.0167,312.0593,312.0679,312.0425,311.983,311.8892,311.7612,311.5986,311.4013,311.1692,310.902,310.5995,310.2613,309.8871,309.4766,309.0294,308.545,308.0231,307.463,306.8642,306.2261,305.548,304.8292,304.0688,303.266,302.4198,301.529,300.5925,299.609,298.577,297.4949,296.3611,295.1739,293.9316,292.6326,291.2759,289.8607,288.3876,286.859,285.2797,283.6584,282.0093,280.3534,278.7196,277.1375
189.0,263.9876,267.6517,271.1882,274.6418,277.2015,279.2668,281.0905,282.7852,284.396,285.941,287.4277,288.8597,290.2388,291.5664,292.8439,294.0724,295.2529,296.3865,297.4742,298.5171,299.5161,300.472,301.3857,302.258,303.0896,303.8813,304.6336,305.3472,306.0226,306.6604,307.2609,307.8246,308.352,308.8434,309.2991,309.7194,310.1046,310.4549,310.7705,311.0516,311.2984,311.5109,311.6893,311.8337,311.944,312.0204,312.0628,312.0712,312.0456,311.9858,311.8919,311.7635,311.6007,311.4032,311.1709,310.9034,310.6006,310.2621,309.8876,309.4768,309.0293,308.5447,308.0224,307.462,306.8628,306.2244,305.5459,304.8268,304.066,303.2628,302.4161,301.525,300.588,299.604,298.5715,297.4889,296.3546,295.1669,293.924,292.6246,291.2673,289.8516,288.378,286.8487,285.2686,283.6461,281.995,280.3358,278.6962,277.1035
190.0,264.0636,267.6965,271.2019,274.6234,277.1876,279.2615,281.0911,282.7889,284.4014,285.9473,287.4345,288.8667,290.246,291.5738,292.8513,294.0798,295.2603,296.3939,297.4817,298.5245,299.5234,300.4793,301.3929,302.2652,303.0967,303.8883,304.6405,305.354,306.0293,306.6669,307.2673,307.8309,308.3582,308.8494,309.3049,309.7251,310.1101,310.4602,310.7756,311.0566,311.3031,311.5155,311.6937,311.8378,311.9479,312.0241,312.0663,312.0745,312.0486,311.9886,311.8943,311.7657,311.6026,311.4049,311.1722,310.9045,310.6014,310.2626,309.8878,309.4767,309.0289,308.5439,308.0213,307.4605,306.861,306.2222,305.5434,304.8238,304.0626,303.259,302.4119,301.5202,300.5828,299.5983,298.5653,297.4822,296.3473,295.1591,293.9157,292.6157,291.2579,289.8417,288.3675,286.8376,285.2567,283.6329,281.9798,280.3172,278.6719,277.069
191.0,264.1461,267.7458,271.2189,274.6073,277.1749,279.2571,281.0925,282.7935,284.4077,285.9545,287.4421,288.8746,290.254,291.5818,292.8594,294.0879,295.2684,296.402,297.4897,298.5325,299.5313,300.4871,301.4007,302.2728,303.1043,303.8957,304.6478,305.3612,306.0363,306.6738,307.274,307.8375,308.3646,308.8556,309.311,309.7309,310.1157,310.4657,310.7809,311.0616,311.3079,311.52,311.698,311.8419,311.9518,312.0277,312.0697,312.0776,312.0514,311.9911,311.8966,311.7678,311.6044,311.4063,311.1734,310.9053,310.6019,310.2628,309.8877,309.4763,309.0281,308.5427,308.0198,307.4586,306.8587,306.2195,305.5403,304.8203,304.0587,303.2546,302.4071,301.5149,300.577,299.592,298.5584,297.4748,296.3394,295.1506,293.9067,292.6061,291.2478,289.831,288.3563,286.8257,285.2438,283.6189,281.9637,280.2978,278.6467,277.0339
192.0,264.2351,267.7997,271.2393,274.5936,277.1636,279.2535,281.0946,282.7988,284.4147,285.9624,287.4505,288.8832,290.2627,291.5906,292.8682,294.0966,295.2771,296.4106,297.4982,298.541,299.5397,300.4954,301.4089,302.2809,303.1122,303.9035,304.6555,305.3687,306.0437,306.681,307.281,307.8443,308.3712,308.8621,309.3172,309.7369,310.1215,310.4712,310.7862,311.0667,311.3128,311.5247,311.7024,311.846,311.9557,312.0313,312.073,312.0806,312.0542,311.9936,311.8988,311.7696,311.6059,311.4075,311.1743,310.9059,310.6021,310.2627,309.8872,309.4754,309.0269,308.5412,308.0178,307.4563,306.856,306.2164,305.5367,304.8163,304.0542,303.2497,302.4016,301.509,300.5706,299.585,298.5509,297.4667,296.3307,295.1414,293.8969,292.5958,291.2368,289.8195,288.3442,286.8129,285.2302,283.6039,281.9468,280.2775,278.6207,276.9982
193.0,264.3301,267.858,271.2629,274.5824,277.1537,279.2509,281.0974,282.8049,284.4225,285.971,287.4596,288.8925,290.2721,291.6,292.8776,294.106,295.2864,296.4199,297.5074,298.55,299.5487,300.5042,301.4175,302.2894,303.1206,303.9118,304.6635,305.3766,306.0514,306.6885,307.2883,307.8514,308.3781,308.8687,309.3236,309.7431,310.1275,310.4769,310.7917,311.0719,311.3177,311.5293,311.7068,311.8501,311.9595,312.0348,312.0762,312.0835,312.0568,311.9959,311.9007,311.7712,311.6072,311.4085,311.1749,310.9062,310.602,310.2622,309.8864,309.4742,309.0253,308.5392,308.0154,307.4535,306.8528,306.2127,305.5326,304.8117,304.0492,303.2442,302.3956,301.5025,300.5635,299.5774,298.5427,297.4579,296.3214,295.1314,293.8863,292.5846,291.2251,289.8072,288.3312,286.7993,285.2156,283.5881,281.9289,280.2563,278.5939,276.9621
194.0,264.4309,267.9207,271.2897,274.5735,277.1451,279.2492,281.1011,282.8118,284.4311,285.9805,287.4695,288.9026,290.2822,291.6102,292.8877,294.1161,295.2964,296.4297,297.5171,298.5596,299.5581,300.5135,301.4267,302.2984,303.1294,303.9204,304.672,305.3848,306.0594,306.6963,307.2959,307.8588,308.3852,308.8756,309.3302,309.7495,310.1336,310.4828,310.7972,311.0772,311.3227,311.534,311.7112,311.8542,311.9633,312.0383,312.0793,312.0863,312.0592,311.998,311.9025,311.7727,311.6083,311.4092,311.1753,310.9061,310.6016,310.2614,309.8852,309.4727,309.0233,308.5368,308.0126,307.4502,306.8491,306.2086,305.528,304.8066,304.0436,303.2381,302.389,301.4953,300.5558,299.5691,298.5338,297.4485,296.3113,295.1207,293.8751,292.5728,291.2126,289.7941,288.3175,286.7848,285.2003,283.5714,281.9102,280.2342,278.5664,276.9256
195.0,264.5373,267.9875,271.3197,274.567,277.138,279.2484,281.1056,282.8194,284.4404,285.9907,287.4801,288.9134,290.2931,291.621,292.8985,294.1268,295.307,296.4402,297.5274,298.5698,299.5681,300.5233,301.4363,302.3078,303.1386,303.9294,304.6808,305.3934,306.0677,306.7044,307.3038,307.8664,308.3925,308.8827,309.337,309.756,310.1398,310.4887,310.8029,311.0825,311.3277,311.5387,311.7155,311.8583,311.967,312.0417,312.0824,312.089,312.0616,312.0,311.9042,311.7739,311.6092,311.4097,311.1754,310.9059,310.601,310.2604,309.8837,309.4707,309.021,308.534,308.0094,307.4465,306.8449,306.204,305.5229,304.801,304.0375,303.2314,302.3818,301.4876,300.5475,299.5602,298.5243,297.4383,296.3005,295.1093,293.863,292.5601,291.1994,289.7802,288.303,286.7696,285.1841,283.5538,281.8906,280.2113,278.5381,276.8886
196.0,264.6493,268.0584,271.3528,274.5628,277.1323,279.2486,281.1109,282.8279,284.4506,286.0017,287.4915,288.9249,290.3047,291.6326,292.9099,294.1381,295.3181,296.4512,297.5383,298.5805,299.5786,300.5336,301.4464,302.3177,303.1483,303.9388,304.6899,305.4023,306.0764,306.7128,307.3119,307.8742,308.4001,308.8899,309.344,309.7627,310.1462,310.4948,310.8086,311.0879,311.3328,311.5435,311.7199,311.8623,311.9707,312.045,312.0853,312.0916,312.0638,312.0018,311.9056,311.775,311.6098,311.41,311.1752,310.9053,310.6,310.2589,309.8819,309.4684,309.0182,308.5308,308.0057,307.4424,306.8403,306.1988,305.5173,304.7949,304.0308,303.2242,302.374,301.4792,300.5385,299.5506,298.5141,297.4275,296.2891,295.0972,293.8503,292.5468,291.1854,289.7656,288.2877,286.7535,285.167,283.5355,281.8702,280.1877,278.509,276.8512
197.0,264.7667,268.1333,271.389,274.561,277.128,279.2497,281.1169,282.8371,284.4615,286.0134,287.5037,288.9372,290.317,291.6448,292.9221,294.1501,295.3299,296.4628,297.5497,298.5917,299.5896,300.5444,301.457,302.328,303.1583,303.9486,304.6995,305.4115,306.0854,306.7215,307.3203,307.8823,308.4079,308.8974,309.3512,309.7695,310.1527,310.5009,310.8144,311.0934,311.3379,311.5482,311.7243,311.8663,311.9743,312.0483,312.0882,312.0941,312.0659,312.0035,311.9069,311.7758,311.6103,311.41,311.1748,310.9044,310.5987,310.2572,309.8797,309.4658,309.0151,308.5272,308.0016,307.4378,306.8352,306.1932,305.5111,304.7882,304.0236,303.2164,302.3656,301.4702,300.5289,299.5404,298.5033,297.416,296.2769,295.0844,293.8368,292.5326,291.1706,289.7502,288.2716,286.7366,285.1492,283.5163,281.8489,280.1632,278.4792,276.8135
198.0,264.8895,268.2122,271.4282,274.5614,277.1252,279.2519,281.1239,282.847,284.4731,286.026,287.5166,288.9503,290.33,291.6577,292.9348,294.1626,295.3423,296.475,297.5617,298.6034,299.6011,300.5557,301.468,302.3387,303.1688,303.9588,304.7094,305.4211,306.0947,306.7304,307.329,307.8906,308.4159,308.9051,309.3585,309.7765,310.1593,310.5072,310.8203,311.0989,311.3431,311.553,311.7287,311.8703,311.9779,312.0514,312.0909,312.0964,312.0678,312.005,311.9079,311.7765,311.6105,311.4097,311.1741,310.9033,310.597,310.2551,309.8771,309.4627,309.0116,308.5232,307.9971,307.4327,306.8296,306.1871,305.5045,304.781,304.0158,303.208,302.3567,301.4606,300.5187,299.5295,298.4918,297.4038,296.2641,295.0709,293.8227,292.5178,291.1551,289.734,288.2547,286.7189,285.1305,283.4962,281.8268,280.1379,278.4488,276.7755
199.0,265.0173,268.295,271.4704,274.5642,277.1238,279.255,281.1316,282.8578,284.4856,286.0392,287.5302,288.964,290.3437,291.6713,292.9482,294.1759,295.3554,296.4878,297.5742,298.6157,299.6131,300.5674,301.4794,302.3499,303.1797,303.9693,304.7196,305.4311,306.1043,306.7397,307.3379,307.8992,308.4241,308.9129,309.366,309.7836,310.166,310.5135,310.8263,311.1044,311.3482,311.5577,311.733,311.8742,311.9814,312.0545,312.0936,312.0986,312.0696,312.0063,311.9088,311.7769,311.6104,311.4092,311.1731,310.9018,310.5951,310.2527,309.8742,309.4593,309.0076,308.5187,307.9921,307.4272,306.8236,306.1805,305.4973,304.7732,304.0075,303.1991,302.3471,301.4504,300.5079,299.5181,298.4796,297.391,296.2506,295.0567,293.8078,292.5022,291.1389,289.7171,288.2371,286.7005,285.1111,283.4754,281.804,280.1118,278.4177,276.7372
200.0,265.1501,268.3815,271.5155,274.5693,277.1239,279.2592,281.1402,282.8693,284.4988,286.0533,287.5446,288.9785,290.3581,291.6856,292.9623,294.1897,295.369,296.5011,297.5873,298.6285,299.6256,300.5796,301.4913,302.3615,303.1909,303.9803,304.7302,305.4413,306.1141,306.7492,307.347,307.908,308.4325,308.9209,309.3736,309.7908,310.1729,310.52,310.8323,311.1101,311.3534,311.5625,311.7374,311.8781,311.9848,312.0575,312.0962,312.1007,312.0712,312.0075,311.9095,311.7771,311.6102,311.4085,311.1719,310.9001,310.5929,310.2499,309.8709,309.4555,309.0033,308.5138,307.9867,307.4213,306.8171,306.1734,305.4896,304.7649,303.9986,303.1896,302.337,301.4396,300.4964,299.5059,298.4668,297.3775,296.2364,295.0418,293.7921,292.4859,291.1219,289.6994,288.2186,286.6813,285.0908,283.4538,281.7803,280.085,278.3859,276.6987
201.0,265.2878,268.4718,271.5636,274.5767,277.1256,279.2644,281.1496,282.8816,284.5127,286.0681,287.5597,288.9937,290.3732,291.7005,292.977,294.2042,295.3832,296.5151,297.6009,298.6418,299.6386,300.5923,301.5036,302.3735,303.2026,303.9916,304.7411,305.4519,306.1243,306.759,307.3564,307.917,308.4411,308.9292,309.3814,309.7982,310.1798,310.5265,310.8384,311.1157,311.3586,311.5672,311.7417,311.882,311.9882,312.0604,312.0986,312.1027,312.0727,312.0085,311.91,311.7771,311.6097,311.4075,311.1703,310.898,310.5903,310.2468,309.8673,309.4513,308.9986,308.5086,307.9808,307.4149,306.8101,306.1658,305.4814,304.7561,303.9891,303.1795,302.3262,301.4283,300.4843,299.4932,298.4533,297.3633,296.2215,295.0262,293.7758,292.4689,291.1042,289.681,288.1995,286.6612,285.0698,283.4314,281.7559,280.0575,278.3535,276.6599
202.0,265.4301,268.5657,271.6144,274.5863,277.1287,279.2707,281.1599,282.8948,284.5275,286.0836,287.5756,289.0096,290.389,291.7161,292.9924,294.2193,295.3979,296.5295,297.6151,298.6556,299.6521,300.6054,301.5164,302.3859,303.2146,304.0032,304.7524,305.4627,306.1348,306.7691,307.3661,307.9263,308.4499,308.9375,309.3894,309.8057,310.1869,310.5331,310.8445,311.1214,311.3638,311.572,311.7459,311.8858,311.9915,312.0633,312.1009,312.1045,312.074,312.0093,311.9103,311.7769,311.6089,311.4062,311.1685,310.8957,310.5874,310.2434,309.8633,309.4468,308.9935,308.5029,307.9746,307.408,306.8026,306.1577,305.4727,304.7468,303.9792,303.1689,302.3149,301.4163,300.4716,299.4798,298.4392,297.3485,296.2059,295.0099,293.7588,292.4512,291.0857,289.6618,288.1795,286.6405,285.048,283.4082,281.7307,280.0292,278.3205,276.6209
203.0,265.577,268.6631,271.6681,274.5982,277.1334,279.278,281.171,282.9086,284.543,286.0999,287.5922,289.0262,290.4055,291.7324,293.0084,294.235,295.4133,296.5446,297.6298,298.67,299.6661,300.619,301.5296,302.3987,303.227,304.0152,304.764,305.4739,306.1456,306.7794,307.376,307.9357,308.4589,308.9461,309.3975,309.8134,310.1941,310.5398,310.8507,311.1271,311.3691,311.5767,311.7502,311.8895,311.9948,312.066,312.1031,312.1062,312.0752,312.0099,311.9104,311.7765,311.6079,311.4047,311.1665,310.8931,310.5842,310.2396,309.8589,309.4418,308.9879,308.4967,307.9678,307.4006,306.7946,306.1491,305.4635,304.7369,303.9686,303.1577,302.3031,301.4037,300.4584,299.4658,298.4245,297.333,296.1897,294.9929,293.7411,292.4327,291.0665,289.6419,288.1589,286.619,285.0255,283.3843,281.7048,280.0002,278.2869,276.5818
204.0,265.7284,268.764,271.7246,274.6123,277.1395,279.2864,281.183,282.9233,284.5592,286.1169,287.6095,289.0435,290.4227,291.7493,293.025,294.2513,295.4293,296.5602,297.645,298.6848,299.6805,300.633,301.5432,302.4119,303.2398,304.0276,304.7759,305.4854,306.1566,306.79,307.3861,307.9454,308.4681,308.9548,309.4057,309.8211,310.2013,310.5465,310.857,311.1329,311.3743,311.5815,311.7544,311.8932,311.9979,312.0686,312.1052,312.1078,312.0762,312.0104,311.9103,311.7758,311.6067,311.4029,311.1641,310.8901,310.5807,310.2355,309.8542,309.4365,308.982,308.4902,307.9607,307.3929,306.7862,306.1401,305.4538,304.7265,303.9576,303.1459,302.2906,301.3905,300.4444,299.4511,298.4091,297.3168,296.1728,294.9753,293.7227,292.4136,291.0467,289.6213,288.1375,286.5967,285.0022,283.3596,281.6781,279.9706,278.2528,276.5425
205.0,265.884,268.8683,271.7837,274.6286,277.1472,279.2959,281.1959,282.9388,284.5762,286.1347,287.6275,289.0616,290.4405,291.7669,293.0423,294.2682,295.4458,296.5763,297.6607,298.7001,299.6954,300.6475,301.5573,302.4255,303.2529,304.0403,304.7882,305.4972,306.1679,306.8008,307.3965,307.9552,308.4775,308.9637,309.4141,309.829,310.2087,310.5534,310.8633,311.1387,311.3796,311.5862,311.7586,311.8968,312.001,312.0711,312.1072,312.1092,312.077,312.0107,311.91,311.7749,311.6053,311.4008,311.1614,310.8869,310.5768,310.231,309.8491,309.4308,308.9757,308.4833,307.9531,307.3846,306.7773,306.1305,305.4435,304.7156,303.9459,303.1336,302.2776,301.3767,300.4299,299.4359,298.3931,297.3001,296.1552,294.957,293.7036,292.3937,291.0261,289.5999,288.1154,286.5737,284.9781,283.3342,281.6507,279.9403,278.2181,276.5032
206.0,266.0437,268.9758,271.8456,274.6472,277.1565,279.3064,281.2096,282.9551,284.594,286.1532,287.6463,289.0803,290.4591,291.7851,293.0602,294.2857,295.4629,296.593,297.677,298.7159,299.7108,300.6624,301.5717,302.4395,303.2665,304.0533,304.8007,305.5092,306.1795,306.8119,307.407,307.9653,308.4871,308.9727,309.4226,309.8369,310.2161,310.5603,310.8697,311.1445,311.3848,311.5909,311.7627,311.9004,312.004,312.0736,312.109,312.1104,312.0777,312.0108,311.9095,311.7738,311.6035,311.3985,311.1585,310.8833,310.5726,310.2262,309.8437,309.4248,308.969,308.4759,307.945,307.3759,306.7679,306.1205,305.4328,304.7042,303.9338,303.1207,302.2639,301.3624,300.4148,299.42,298.3764,297.2826,296.137,294.938,293.6839,292.3732,291.0048,289.5779,288.0925,286.55,284.9534,283.3081,281.6227,279.9093,278.183,276.4637
207.0,266.2074,269.0867,271.9101,274.6679,277.1672,279.3181,281.2243,282.9721,284.6125,286.1725,287.6658,289.0997,290.4782,291.804,293.0787,294.3038,295.4805,296.6102,297.6937,298.7322,299.7266,300.6778,301.5866,302.4539,303.2803,304.0667,304.8136,305.5216,306.1913,306.8232,307.4178,307.9755,308.4968,308.9819,309.4312,309.845,310.2236,310.5672,310.8761,311.1503,311.3901,311.5955,311.7668,311.9039,312.0069,312.0759,312.1108,312.1115,312.0782,312.0106,311.9088,311.7725,311.6016,311.3959,311.1553,310.8794,310.5681,310.2211,309.8379,309.4183,308.9618,308.4681,307.9366,307.3668,306.7581,306.1099,305.4215,304.6922,303.9211,303.1073,302.2498,301.3474,300.3991,299.4035,298.3591,297.2646,296.1182,294.9183,293.6634,292.352,290.9828,289.5551,288.069,286.5256,284.9279,283.2812,281.5939,279.8777,278.1473,276.4242
208.0,266.3749,269.2006,271.9771,274.6908,277.1796,279.3309,281.2398,282.9899,284.6318,286.1924,287.686,289.1198,290.4981,291.8235,293.0978,294.3224,295.4988,296.6279,297.711,298.749,299.7429,300.6935,301.6019,302.4686,303.2946,304.0804,304.8268,305.5342,306.2034,306.8348,307.4288,307.986,308.5067,308.9912,309.4399,309.8532,310.2312,310.5742,310.8825,311.1561,311.3953,311.6002,311.7708,311.9073,312.0097,312.0781,312.1123,312.1125,312.0785,312.0103,311.9078,311.7709,311.5993,311.393,311.1518,310.8753,310.5633,310.2156,309.8317,309.4115,308.9543,308.4599,307.9277,307.3572,306.7478,306.0989,305.4098,304.6797,303.9079,303.0933,302.235,301.3319,300.3828,299.3864,298.3413,297.2459,296.0987,294.898,293.6424,292.3301,290.9602,289.5317,288.0447,286.5005,284.9017,283.2537,281.5645,279.8455,278.1112,276.3846
209.0,266.546,269.3177,272.0467,274.7159,277.1934,279.3448,281.2562,283.0086,284.6518,286.2131,287.7068,289.1406,290.5186,291.8436,293.1175,294.3417,295.5175,296.6462,297.7287,298.7662,299.7596,300.7097,301.6175,302.4837,303.3092,304.0944,304.8402,305.5472,306.2158,306.8466,307.44,307.9966,308.5167,309.0006,309.4488,309.8615,310.2389,310.5813,310.8889,311.162,311.4005,311.6048,311.7748,311.9107,312.0125,312.0802,312.1138,312.1133,312.0787,312.0098,311.9067,311.7691,311.5969,311.3899,311.148,310.8708,310.5581,310.2097,309.8252,309.4042,308.9464,308.4513,307.9183,307.3471,306.737,306.0874,305.3975,304.6667,303.8941,303.0788,302.2197,301.3158,300.3659,299.3687,298.3227,297.2265,296.0785,294.8771,293.6206,292.3076,290.9369,289.5076,288.0198,286.4746,284.8748,283.2255,281.5344,279.8127,278.0747,276.345
210.0,266.7207,269.4377,272.1188,274.7431,277.2088,279.3598,281.2735,283.028,284.6726,286.2345,287.7284,289.162,290.5398,291.8644,293.1378,294.3615,295.5368,296.665,297.747,298.7839,299.7767,300.7263,301.6336,302.4992,303.3241,304.1088,304.854,305.5603,306.2284,306.8586,307.4514,308.0074,308.5269,309.0102,309.4578,309.8698,310.2466,310.5884,310.8954,311.1678,311.4057,311.6093,311.7787,311.914,312.0151,312.0821,312.1151,312.1139,312.0787,312.0092,311.9053,311.767,311.5942,311.3865,311.1439,310.866,310.5527,310.2035,309.8183,309.3966,308.9381,308.4422,307.9086,307.3366,306.7258,306.0754,305.3848,304.6532,303.8798,303.0637,302.2039,301.2992,300.3485,299.3504,298.3036,297.2066,296.0578,294.8555,293.5982,292.2844,290.9129,289.4828,287.9942,286.4481,284.8473,283.1966,281.5036,279.7793,278.0377,276.3053
211.0,266.8986,269.5606,272.1934,274.7724,277.2257,279.3759,281.2917,283.0482,284.6941,286.2566,287.7507,289.1841,290.5616,291.8857,293.1587,294.3819,295.5567,296.6843,297.7657,298.8021,299.7943,300.7434,301.65,302.5151,303.3393,304.1234,304.8681,305.5738,306.2412,306.8708,307.463,308.0184,308.5372,309.02,309.4669,309.8783,310.2544,310.5956,310.9019,311.1736,311.4109,311.6139,311.7826,311.9171,312.0176,312.084,312.1162,312.1144,312.0785,312.0083,311.9037,311.7648,311.5912,311.3828,311.1395,310.8609,310.5468,310.197,309.8111,309.3886,308.9294,308.4328,307.8984,307.3257,306.7141,306.0629,305.3716,304.6392,303.865,303.0481,302.1874,301.2819,300.3304,299.3315,298.2839,297.186,296.0364,294.8333,293.5752,292.2606,290.8882,289.4574,287.9679,286.421,284.8191,283.167,281.4722,279.7454,278.0004,276.2657
212.0,267.0798,269.6863,272.2703,274.8038,277.2442,279.3932,281.3108,283.0692,284.7163,286.2795,287.7736,289.2069,290.584,291.9077,293.1801,294.4028,295.577,296.7041,297.7849,298.8207,299.8124,300.7608,301.6668,302.5313,303.3549,304.1384,304.8824,305.5875,306.2543,306.8832,307.4748,308.0295,308.5477,309.0298,309.476,309.8868,310.2623,310.6027,310.9084,311.1795,311.4161,311.6184,311.7864,311.9203,312.02,312.0857,312.1173,312.1148,312.0781,312.0072,311.9019,311.7622,311.5879,311.3789,311.1348,310.8555,310.5407,310.1901,309.8034,309.3803,308.9203,308.4229,307.8878,307.3143,306.7019,306.05,305.3578,304.6247,303.8497,303.032,302.1705,301.2641,300.3118,299.3121,298.2636,297.1649,296.0144,294.8104,293.5515,292.2361,290.8629,289.4313,287.941,286.3931,284.7902,283.1368,281.4403,279.7109,277.9627,276.2261
213.0,267.2638,269.8147,272.3496,274.8373,277.2642,279.4116,281.3308,283.091,284.7393,286.303,287.7973,289.2304,290.6071,291.9303,293.2022,294.4243,295.5979,296.7244,297.8046,298.8398,299.8308,300.7786,301.684,302.5478,303.3708,304.1537,304.897,305.6015,306.2676,306.8959,307.4868,308.0409,308.5584,309.0398,309.4853,309.8954,310.2702,310.61,310.915,311.1853,311.4212,311.6228,311.7901,311.9233,312.0223,312.0873,312.1182,312.1149,312.0775,312.0059,311.8999,311.7595,311.5845,311.3746,311.1298,310.8498,310.5342,310.1829,309.7955,309.3715,308.9107,308.4126,307.8767,307.3024,306.6893,306.0366,305.3436,304.6096,303.8338,303.0153,302.153,301.2458,300.2926,299.292,298.2427,297.1431,295.9917,294.787,293.5272,292.2109,290.837,289.4045,287.9134,286.3647,284.7607,283.106,281.4077,279.6759,277.9247,276.1865
214.0,267.4507,269.9457,272.4312,274.8729,277.2858,279.4311,281.3517,283.1136,284.763,286.3272,287.8216,289.2544,290.6308,291.9535,293.2248,294.4463,295.6194,296.7451,297.8248,298.8593,299.8497,300.7968,301.7016,302.5647,303.387,304.1692,304.9119,305.6157,306.2811,306.9087,307.499,308.0523,308.5692,309.0498,309.4947,309.9041,310.2781,310.6172,310.9215,311.1912,311.4263,311.6272,311.7938,311.9262,312.0245,312.0887,312.1189,312.1149,312.0768,312.0044,311.8977,311.7565,311.5807,311.3701,311.1245,310.8437,310.5274,310.1753,309.7871,309.3624,308.9008,308.4019,307.8652,307.2902,306.6762,306.0227,305.3289,304.5941,303.8175,302.9981,302.1349,301.2269,300.2728,299.2714,298.2212,297.1207,295.9685,294.7629,293.5023,292.1852,290.8104,289.3771,287.8852,286.3356,284.7306,283.0746,281.3745,279.6404,277.8864,276.1469
215.0,267.6401,270.0793,272.5151,274.9105,277.3088,279.4518,281.3735,283.1369,284.7874,286.3521,287.8465,289.2792,290.6551,291.9773,293.248,294.4689,295.6413,296.7664,297.8454,298.8792,299.8689,300.8154,301.7195,302.5819,303.4036,304.1851,304.927,305.6301,306.2948,306.9218,307.5113,308.0639,308.5801,309.06,309.5042,309.9128,310.2862,310.6245,310.9281,311.197,311.4314,311.6315,311.7974,311.9291,312.0266,312.0901,312.1195,312.1147,312.0758,312.0027,311.8952,311.7533,311.5767,311.3653,311.119,310.8374,310.5203,310.1674,309.7784,309.3529,308.8905,308.3908,307.8533,307.2774,306.6626,306.0083,305.3137,304.5781,303.8006,302.9803,302.1163,301.2074,300.2525,299.2502,298.1991,297.0978,295.9447,294.7382,293.4767,292.1588,290.7832,289.3491,287.8564,286.3058,284.6998,283.0425,281.3408,279.6044,277.8478,276.1073
216.0,267.8319,270.2154,272.6011,274.9501,277.3334,279.4736,281.3962,283.1611,284.8125,286.3777,287.8721,289.3045,290.68,292.0017,293.2718,294.492,295.6637,296.7882,297.8665,298.8996,299.8886,300.8344,301.7377,302.5995,303.4204,304.2012,304.9424,305.6448,306.3088,306.935,307.5238,308.0757,308.5911,309.0703,309.5137,309.9216,310.2942,310.6318,310.9346,311.2028,311.4365,311.6358,311.8009,311.9318,312.0286,312.0913,312.1199,312.1144,312.0747,312.0008,311.8925,311.7498,311.5724,311.3603,311.1131,310.8307,310.5129,310.1592,309.7694,309.3431,308.8799,308.3793,307.841,307.2643,306.6487,305.9935,305.298,304.5615,303.7832,302.9621,302.0972,301.1874,300.2316,299.2284,298.1764,297.0743,295.9203,294.7129,293.4506,292.1318,290.7554,289.3205,287.8269,286.2755,284.6684,283.0099,281.3065,279.568,277.809,276.0678
217.0,268.0258,270.3539,272.6893,274.9917,277.3596,279.4965,281.4198,283.186,284.8384,286.404,287.8984,289.3305,290.7055,292.0266,293.2961,294.5156,295.6867,296.8104,297.888,298.9204,299.9087,300.8537,301.7563,302.6174,303.4376,304.2176,304.9581,305.6597,306.323,306.9484,307.5365,308.0876,308.6023,309.0807,309.5234,309.9305,310.3023,310.6392,310.9412,311.2086,311.4415,311.64,311.8043,311.9345,312.0305,312.0924,312.1202,312.1139,312.0734,311.9987,311.8896,311.7461,311.5679,311.355,311.107,310.8238,310.5051,310.1506,309.7599,309.3328,308.8688,308.3674,307.8282,307.2507,306.6342,305.9782,305.2819,304.5445,303.7653,302.9433,302.0775,301.1669,300.2102,299.2061,298.1532,297.0501,295.8953,294.687,293.4238,292.1042,290.727,289.2912,287.7968,286.2445,284.6364,282.9767,281.2717,279.5311,277.7699,276.0283
218.0,268.2198,270.4883,272.7626,275.0347,277.3872,279.5206,281.4444,283.2117,284.8649,286.4309,287.9253,289.3571,290.7316,292.0521,293.3209,294.5398,295.7101,296.8331,297.9099,298.9416,299.9291,300.8734,301.7753,302.6356,303.455,304.2343,304.974,305.6749,306.3374,306.962,307.5493,308.0997,308.6135,309.0912,309.5331,309.9394,310.3105,310.6465,310.9477,311.2143,311.4464,311.6442,311.8077,311.937,312.0322,312.0933,312.1203,312.1132,312.0719,311.9964,311.8865,311.7421,311.5631,311.3493,311.1006,310.8165,310.497,310.1416,309.7502,309.3222,308.8573,308.3551,307.8151,307.2367,306.6193,305.9624,305.2652,304.527,303.7469,302.9241,302.0574,301.1458,300.1882,299.1832,298.1294,297.0255,295.8697,294.6606,293.3965,292.0761,290.698,289.2614,287.7661,286.2129,284.6039,282.9429,281.2364,279.4938,277.7307,275.9889
219.0,268.4124,270.6177,272.8272,275.0788,277.4163,279.5458,281.4698,283.2382,284.8922,286.4586,287.9529,289.3843,290.7583,292.0782,293.3463,294.5645,295.734,296.8563,297.9323,298.9632,299.95,300.8935,301.7946,302.6541,303.4727,304.2512,304.9902,305.6902,306.3519,306.9758,307.5623,308.1119,308.6249,309.1018,309.5429,309.9484,310.3186,310.6539,310.9543,311.22,311.4513,311.6483,311.811,311.9395,312.0338,312.0941,312.1203,312.1123,312.0702,311.9938,311.8831,311.7379,311.5581,311.3435,311.0938,310.8089,310.4886,310.1324,309.74,309.3112,308.8455,308.3424,307.8015,307.2222,306.604,305.9462,305.2481,304.509,303.7281,302.9043,302.0367,301.1242,300.1657,299.1598,298.1051,297.0002,295.8436,294.6335,293.3686,292.0473,290.6684,289.231,287.7349,286.1808,284.5708,282.9086,281.2006,279.4561,277.6913,275.9494
220.0,268.6029,270.744,272.8906,275.1238,277.4467,279.5722,281.4961,283.2654,284.9202,286.4868,287.9811,289.4122,290.7856,292.1048,293.3723,294.5896,295.7584,296.8799,297.9551,298.9852,299.9712,300.9139,301.8142,302.6729,303.4907,304.2684,305.0066,305.7058,306.3667,306.9898,307.5754,308.1242,308.6364,309.1125,309.5527,309.9574,310.3268,310.6612,310.9608,311.2257,311.4562,311.6523,311.8141,311.9418,312.0353,312.0948,312.1201,312.1113,312.0683,311.9911,311.8795,311.7335,311.5528,311.3373,311.0868,310.8011,310.4798,310.1228,309.7296,309.2998,308.8332,308.3293,307.7875,307.2073,306.5882,305.9296,305.2306,304.4906,303.7087,302.884,302.0155,301.1021,300.1426,299.1358,298.0802,296.9744,295.8168,294.6059,293.3401,292.018,290.6382,289.2,287.7031,286.1481,284.5371,282.8738,281.1643,279.418,277.6518,275.91
221.0,268.791,270.8683,272.9536,275.1698,277.4786,279.5996,281.5234,283.2934,284.9489,286.5158,288.0099,289.4406,290.8134,292.132,293.3987,294.6153,295.7833,296.9039,297.9784,299.0077,299.9928,300.9347,301.8341,302.692,303.509,304.2859,305.0232,305.7216,306.3817,307.0039,307.5887,308.1366,308.648,309.1232,309.5626,309.9665,310.3351,310.6686,310.9673,311.2314,311.461,311.6563,311.8173,311.9441,312.0367,312.0953,312.1198,312.1101,312.0663,311.9882,311.8757,311.7288,311.5472,311.3309,311.0795,310.7929,310.4707,310.1128,309.7187,309.2881,308.8206,308.3158,307.7731,307.192,306.572,305.9125,305.2126,304.4717,303.6888,302.8632,301.9938,301.0795,300.1191,299.1113,298.0548,296.9481,295.7896,294.5778,293.3111,291.9881,290.6075,289.1684,287.6707,286.1148,284.5029,282.8384,281.1275,279.3796,277.6121,275.8706
222.0,268.977,270.9915,273.0168,275.2166,277.5117,279.6282,281.5515,283.3222,284.9782,286.5453,288.0393,289.4696,290.8419,292.1597,293.4256,294.6414,295.8086,296.9284,298.002,299.0305,300.0147,300.9558,301.8544,302.7114,303.5276,304.3036,305.04,305.7376,306.3968,307.0182,307.6021,308.1492,308.6597,309.1341,309.5726,309.9756,310.3433,310.676,310.9738,311.2371,311.4658,311.6602,311.8203,311.9462,312.038,312.0957,312.1193,312.1087,312.064,311.985,311.8717,311.7239,311.5414,311.3242,311.0719,310.7844,310.4614,310.1025,309.7075,309.276,308.8076,308.3019,307.7583,307.1763,306.5554,305.8949,305.1941,304.4523,303.6685,302.842,301.9716,301.0563,300.095,299.0863,298.0288,296.9212,295.7618,294.5491,293.2815,291.9576,290.5762,289.1363,287.6377,286.081,284.4681,282.8026,281.0903,279.3408,277.5724,275.8312
223.0,269.1609,271.1138,273.0801,275.2645,277.5462,279.6579,281.5805,283.3518,285.0083,286.5755,288.0693,289.4992,290.8708,292.188,293.4531,294.6681,295.8344,296.9533,298.026,299.0536,300.037,300.9772,301.8749,302.7311,303.5464,304.3215,305.0571,305.7538,306.4121,307.0326,307.6157,308.1619,308.6715,309.145,309.5826,309.9847,310.3516,310.6834,310.9803,311.2427,311.4705,311.664,311.8232,311.9482,312.0391,312.0959,312.1186,312.1072,312.0615,311.9817,311.8674,311.7187,311.5354,311.3172,311.064,310.7756,310.4517,310.0919,309.696,309.2636,308.7943,308.2876,307.7431,307.1602,306.5384,305.8769,305.1752,304.4324,303.6477,302.8202,301.9489,301.0327,300.0704,299.0608,298.0024,296.8938,295.7335,294.5198,293.2514,291.9266,290.5444,289.1037,287.6043,286.0467,284.4329,282.7662,281.0527,279.3017,277.5326,275.7919
224.0,269.343,271.2355,273.1437,275.3132,277.5818,279.6887,281.6105,283.3821,285.039,286.6064,288.1,289.5293,290.9004,292.2167,293.481,294.6952,295.8606,296.9786,298.0505,299.0772,300.0597,300.999,301.8958,302.7511,303.5655,304.3397,305.0744,305.7702,306.4276,307.0472,307.6294,308.1747,308.6834,309.156,309.5927,309.9939,310.3599,310.6907,310.9868,311.2482,311.4752,311.6677,311.826,311.9502,312.0401,312.096,312.1178,312.1054,312.0589,311.9781,311.8629,311.7133,311.529,311.31,311.0559,310.7665,310.4417,310.081,309.6841,309.2508,308.7806,308.273,307.7275,307.1437,306.5209,305.8585,305.1558,304.4121,303.6265,302.798,301.9257,301.0086,300.0453,299.0347,297.9754,296.8658,295.7046,294.4901,293.2207,291.8951,290.512,289.0705,287.5702,286.0119,284.3971,282.7294,281.0146,279.2623,277.4927,275.7525
225.0,269.5233,271.3567,273.2077,275.3628,277.6187,279.7205,281.6413,283.4131,285.0704,286.6379,288.1312,289.5601,290.9304,292.246,293.5095,294.7227,295.8872,297.0044,298.0753,299.1011,300.0827,301.021,301.917,302.7713,303.5848,304.3581,305.0919,305.7868,306.4433,307.0619,307.6432,308.1876,308.6954,309.1671,309.6029,310.0032,310.3682,310.6981,310.9933,311.2537,311.4798,311.6714,311.8288,311.952,312.041,312.096,312.1168,312.1035,312.056,311.9743,311.8582,311.7077,311.5225,311.3024,311.0474,310.7571,310.4313,310.0697,309.6719,309.2377,308.7665,308.2579,307.7115,307.1267,306.503,305.8397,305.136,304.3913,303.6047,302.7753,301.9021,300.984,300.0197,299.0082,297.9479,296.8374,295.6752,294.4598,293.1895,291.8631,290.4791,289.0367,287.5357,285.9765,284.3608,282.6921,280.9761,279.2226,277.4528,275.7132
226.0,269.702,271.4774,273.272,275.4132,277.6568,279.7534,281.6729,283.4449,285.1025,286.67,288.163,289.5914,290.961,292.2758,293.5384,294.7507,295.9143,297.0306,298.1005,299.1254,300.106,301.0434,301.9384,302.7918,303.6044,304.3767,305.1096,305.8035,306.4591,307.0768,307.6572,308.2006,308.7075,309.1782,309.6131,310.0124,310.3765,310.7055,310.9997,311.2592,311.4843,311.675,311.8314,311.9537,312.0418,312.0958,312.1157,312.1014,312.053,311.9703,311.8533,311.7018,311.5156,311.2947,311.0387,310.7474,310.4207,310.0581,309.6594,309.2242,308.752,308.2425,307.6951,307.1094,306.4847,305.8204,305.1158,304.3701,303.5826,302.7522,301.878,300.9589,299.9937,298.9811,297.9199,296.8084,295.6453,294.429,293.1578,291.8305,290.4457,289.0025,287.5007,285.9406,284.3241,282.6544,280.9373,279.1827,277.4129,275.6739
227.0,269.8792,271.5978,273.3367,275.4646,277.6961,279.7873,281.7055,283.4775,285.1352,286.7027,288.1954,289.6232,290.9921,292.3061,293.5678,294.7792,295.9419,297.0571,298.1261,299.15,300.1297,301.0661,301.9602,302.8126,303.6242,304.3956,305.1275,305.8205,306.4751,307.0918,307.6712,308.2137,308.7196,309.1894,309.6233,310.0217,310.3848,310.7128,311.0061,311.2647,311.4888,311.6785,311.834,311.9553,312.0424,312.0955,312.1144,312.0992,312.0498,311.9661,311.8481,311.6957,311.5086,311.2866,311.0297,310.7375,310.4098,310.0462,309.6465,309.2103,308.7372,308.2267,307.6784,307.0917,306.466,305.8007,305.0951,304.3485,303.5599,302.7286,301.8534,300.9333,299.9671,298.9536,297.8914,296.779,295.6149,294.3976,293.1256,291.7974,290.4118,288.9678,287.4651,285.9043,284.2869,282.6162,280.898,279.1425,277.3729,275.6345
228.0,270.0549,271.7178,273.4019,275.5167,277.7364,279.8223,281.7389,283.5107,285.1686,286.736,288.2283,289.6556,291.0237,292.3369,293.5977,294.8081,295.9698,297.0841,298.1521,299.175,300.1537,301.0891,301.9822,302.8336,303.6442,304.4147,305.1456,305.8376,306.4912,307.107,307.6854,308.2269,308.7319,309.2006,309.6336,310.031,310.3931,310.7202,311.0124,311.2701,311.4932,311.6819,311.8364,311.9567,312.0429,312.095,312.1129,312.0967,312.0464,311.9618,311.8428,311.6893,311.5012,311.2783,311.0204,310.7272,310.3985,310.034,309.6333,309.1961,308.722,308.2106,307.6613,307.0736,306.4469,305.7806,305.0741,304.3264,303.5369,302.7045,301.8283,300.9073,299.9401,298.9256,297.8624,296.7491,295.584,294.3658,293.0929,291.7638,290.3774,288.9326,287.4291,285.8675,284.2492,282.5776,280.8585,279.1021,277.333,275.5953
229.0,270.2293,271.8375,273.4674,275.5698,277.7779,279.8582,281.7731,283.5447,285.2026,286.7698,288.2618,289.6885,291.0559,292.3681,293.628,294.8374,295.9981,297.1114,298.1784,299.2003,300.178,301.1124,302.0045,302.8549,303.6645,304.4339,305.1638,305.8548,306.5075,307.1223,307.6997,308.2402,308.7442,309.2119,309.6439,310.0403,310.4014,310.7275,311.0188,311.2754,311.4975,311.6853,311.8388,311.9581,312.0433,312.0944,312.1113,312.0941,312.0428,311.9572,311.8372,311.6827,311.4937,311.2698,311.0108,310.7167,310.387,310.0215,309.6198,309.1816,308.7065,308.1941,307.6438,307.0551,306.4274,305.7601,305.0526,304.3039,303.5134,302.68,301.8028,300.8808,299.9126,298.8971,297.833,296.7186,295.5527,294.3336,293.0597,291.7298,290.3425,288.8969,287.3926,285.8302,284.2111,282.5387,280.8185,279.0615,277.293,275.556
230.0,270.4022,271.9567,273.5333,275.6236,277.8204,279.8952,281.8082,283.5794,285.2373,286.8043,288.2959,289.7219,291.0885,292.3999,293.6587,294.8672,296.0269,297.1391,298.2051,299.2259,300.2026,301.136,302.027,302.8764,303.685,304.4534,305.1823,305.8723,306.5239,307.1377,307.7141,308.2536,308.7565,309.2233,309.6542,310.0496,310.4097,310.7348,311.0251,311.2807,311.5018,311.6886,311.841,311.9594,312.0435,312.0936,312.1095,312.0914,312.039,311.9524,311.8314,311.6759,311.4858,311.2609,311.001,310.7058,310.3751,310.0086,309.6059,309.1668,308.6907,308.1772,307.6259,307.0362,306.4075,305.7392,305.0307,304.281,303.4895,302.6551,301.7769,300.8538,299.8847,298.8682,297.803,296.6877,295.5208,294.3008,293.0261,291.6953,290.3071,288.8607,287.3557,285.7925,284.1726,282.4993,280.7783,279.0208,277.2531,275.5167
231.0,270.5737,272.0756,273.5996,275.6783,277.864,279.9331,281.8441,283.6149,285.2726,286.8394,288.3305,289.7558,291.1216,292.432,293.6899,294.8974,296.056,297.1672,298.2321,299.2519,300.2275,301.1599,302.0498,302.8982,303.7057,304.4731,305.2009,305.8899,306.5405,307.1532,307.7286,308.2671,308.769,309.2347,309.6646,310.059,310.4181,310.7421,311.0313,311.2859,311.506,311.6917,311.8432,311.9605,312.0436,312.0927,312.1076,312.0884,312.035,311.9474,311.8254,311.6689,311.4778,311.2519,310.9909,310.6947,310.363,309.9955,309.5918,309.1516,308.6745,308.16,307.6076,307.0169,306.3872,305.718,305.0084,304.2577,303.4651,302.6297,301.7505,300.8264,299.8563,298.8388,297.7727,296.6564,295.4885,294.2676,292.9919,291.6603,290.2713,288.8241,287.3183,285.7543,284.1337,282.4595,280.7378,278.9798,277.2131,275.4775
232.0,270.7439,272.1939,273.6663,275.7338,277.9086,279.972,281.8809,283.651,285.3085,286.875,288.3656,289.7902,291.1552,292.4647,293.7216,294.9279,296.0855,297.1956,298.2595,299.2782,300.2527,301.184,302.0729,302.9202,303.7266,304.493,305.2198,305.9076,306.5572,307.1689,307.7432,308.2806,308.7815,309.2462,309.675,310.0683,310.4264,310.7494,311.0376,311.2911,311.5102,311.6948,311.8453,311.9615,312.0436,312.0916,312.1055,312.0853,312.0308,311.9422,311.8191,311.6616,311.4695,311.2425,310.9805,310.6833,310.3506,309.982,309.5773,309.1361,308.6579,308.1424,307.5891,306.9973,306.3666,305.6963,304.9857,304.234,303.4404,302.604,301.7237,300.7986,299.8275,298.809,297.7418,296.6246,295.4558,294.2339,292.9574,291.6248,290.235,288.787,287.2805,285.7157,284.0943,282.4194,280.697,278.9387,277.1732,275.4382
233.0,270.9126,272.3119,273.7338,275.79,277.9542,280.0118,281.9184,283.6878,285.345,286.9112,288.4013,289.8251,291.1892,292.4977,293.7536,294.9589,296.1154,297.2244,298.2871,299.3047,300.2782,301.2084,302.0962,302.9424,303.7478,304.513,305.2387,305.9255,306.574,307.1846,307.7579,308.2942,308.794,309.2576,309.6854,310.0777,310.4347,310.7566,311.0438,311.2962,311.5142,311.6979,311.8472,311.9624,312.0435,312.0904,312.1033,312.082,312.0265,311.9368,311.8127,311.6541,311.4609,311.2329,310.9699,310.6717,310.3379,309.9683,309.5625,309.1202,308.641,308.1245,307.5701,306.9773,306.3456,305.6742,304.9626,304.2098,303.4152,302.5778,301.6965,300.7704,299.7982,298.7787,297.7106,296.5924,295.4226,294.1998,292.9223,291.5889,290.1983,288.7495,287.2422,285.6768,284.0546,282.379,280.6559,278.8975,277.1332,275.399
234.0,271.08,272.43,273.8032,275.8471,278.0007,280.0526,281.9567,283.7253,285.3821,286.9479,288.4374,289.8605,291.2237,292.5313,293.786,294.9903,296.1456,297.2535,298.3151,299.3316,300.3039,301.233,302.1197,302.9648,303.7691,304.5332,305.2579,305.9436,306.591,307.2005,307.7727,308.3079,308.8066,309.2692,309.6959,310.0871,310.443,310.7639,311.0499,311.3013,311.5182,311.7008,311.8491,311.9632,312.0432,312.0891,312.1009,312.0785,312.022,311.9312,311.806,311.6464,311.4522,311.2231,310.959,310.6597,310.3249,309.9542,309.5474,309.1041,308.6239,308.1063,307.5508,306.957,306.3242,305.6518,304.9391,304.1853,303.3897,302.5512,301.6689,300.7417,299.7685,298.748,297.6789,296.5597,295.389,294.1652,292.8869,291.5526,290.1612,288.7116,287.2036,285.6374,284.0145,282.3382,280.6145,278.8562,277.0932,275.3598
235.0,271.2463,272.5483,273.8742,275.9051,278.0482,280.0943,281.9959,283.7635,285.4198,286.9851,288.4741,289.8964,291.2587,292.5652,293.8189,295.022,296.1762,297.283,298.3435,299.3588,300.33,301.2579,302.1435,302.9875,303.7906,304.5536,305.2772,305.9618,306.608,307.2165,307.7875,308.3217,308.8193,309.2807,309.7064,310.0964,310.4513,310.771,311.056,311.3063,311.5222,311.7036,311.8509,311.9639,312.0428,312.0876,312.0983,312.0749,312.0173,311.9254,311.7992,311.6385,311.4432,311.213,310.9479,310.6475,310.3116,309.9399,309.532,309.0876,308.6063,308.0877,307.5312,306.9363,306.3025,305.629,304.9153,304.1604,303.3637,302.5242,301.6409,300.7127,299.7385,298.7169,297.6468,296.5266,295.3549,294.1302,292.851,291.5159,290.1236,288.6733,287.1645,285.5976,283.9741,282.2971,280.5729,278.8148,277.0533,275.3206
236.0,271.4116,272.6669,273.947,275.9639,278.0967,280.1368,282.0358,283.8023,285.4581,287.0229,288.5112,289.9327,291.2941,292.5995,293.8521,295.0541,296.2072,297.3128,298.3721,299.3863,300.3563,301.2831,302.1675,303.0103,303.8123,304.5742,305.2966,305.9801,306.6252,307.2325,307.8025,308.3355,308.832,309.2924,309.7169,310.1058,310.4595,310.7782,311.0621,311.3113,311.526,311.7064,311.8525,311.9645,312.0423,312.086,312.0956,312.0711,312.0124,311.9194,311.7921,311.6304,311.4339,311.2027,310.9365,310.6351,310.2981,309.9253,309.5163,309.0709,308.5885,308.0688,307.5112,306.9153,306.2804,305.6059,304.8911,304.1352,303.3374,302.4968,301.6125,300.6832,299.708,298.6854,297.6143,296.4931,295.3205,294.0948,292.8147,291.4787,290.0857,288.6346,287.1251,285.5575,283.9333,282.2557,280.5311,278.7734,277.0133,275.2814
237.0,271.572,272.7717,274.021,276.0236,278.146,280.1802,282.0764,283.8418,285.497,287.0612,288.5488,289.9695,291.3299,292.6343,293.8858,295.0866,296.2385,297.3429,298.401,299.414,300.3828,301.3084,302.1917,303.0334,303.8342,304.595,305.3162,305.9985,306.6425,307.2487,307.8175,308.3494,308.8448,309.304,309.7274,310.1152,310.4678,310.7854,311.0681,311.3162,311.5298,311.7091,311.8541,311.9649,312.0416,312.0842,312.0927,312.0671,312.0073,311.9133,311.7849,311.622,311.4245,311.1922,310.9249,310.6223,310.2843,309.9104,309.5004,309.0538,308.5704,308.0496,307.491,306.8939,306.258,305.5824,304.8665,304.1096,303.3107,302.4691,301.5837,300.6534,299.6771,298.6535,297.5814,296.4592,295.2856,294.059,292.778,291.4412,290.0473,288.5955,287.0852,285.517,283.8921,282.214,280.4891,278.7319,276.9734,275.2422
238.0,271.7207,272.8476,274.0956,276.0841,278.1963,280.2245,282.1178,283.8819,285.5364,287.1,288.5869,290.0067,291.3661,292.6694,293.9198,295.1194,296.2701,297.3733,298.4302,299.442,300.4096,301.3341,302.2161,303.0566,303.8563,304.6158,305.3359,306.0171,306.6599,307.2649,307.8326,308.3634,308.8576,309.3156,309.7379,310.1246,310.476,310.7925,311.0741,311.321,311.5335,311.7117,311.8556,311.9653,312.0409,312.0823,312.0897,312.063,312.0021,311.9069,311.7774,311.6134,311.4148,311.1814,310.913,310.6094,310.2702,309.8952,309.4841,309.0365,308.552,308.0301,307.4704,306.8723,306.2352,305.5585,304.8416,304.0836,303.2837,302.441,301.5545,300.6232,299.6458,298.6212,297.5481,296.4249,295.2504,294.0229,292.741,291.4033,290.0086,288.556,287.045,285.4761,283.8507,282.172,280.4469,278.6903,276.9334,275.2031
239.0,271.8601,272.9209,274.1706,276.1455,278.2474,280.2696,282.1599,283.9226,285.5764,287.1393,288.6254,290.0444,291.4027,292.7049,293.9541,295.1526,296.302,297.404,298.4597,299.4703,300.4367,301.3599,302.2407,303.08,303.8785,304.6369,305.3558,306.0358,306.6774,307.2813,307.8478,308.3774,308.8704,309.3273,309.7484,310.134,310.4843,310.7995,311.08,311.3258,311.5372,311.7142,311.8569,311.9655,312.04,312.0803,312.0866,312.0587,311.9967,311.9004,311.7698,311.6047,311.4049,311.1704,310.9009,310.5961,310.2559,309.8798,309.4676,309.0189,308.5332,308.0103,307.4494,306.8502,306.2121,305.5344,304.8163,304.0572,303.2563,302.4125,301.5249,300.5926,299.6142,298.5886,297.5144,296.3903,295.2147,293.9863,292.7035,291.365,289.9695,288.5161,287.0045,285.4349,283.8089,282.1298,280.4045,278.6487,276.8934,275.1639
240.0,271.9922,272.9932,274.2461,276.2077,278.2994,280.3155,282.2028,283.964,285.6169,287.1791,288.6644,290.0825,291.4398,292.7408,293.9888,295.186,296.3343,297.435,298.4895,299.4988,300.464,301.3859,302.2656,303.1037,303.9009,304.6581,305.3758,306.0546,306.695,307.2977,307.863,308.3914,308.8833,309.339,309.759,310.1433,310.4925,310.8066,311.0859,311.3306,311.5408,311.7166,311.8582,311.9656,312.0389,312.0781,312.0833,312.0543,311.9911,311.8937,311.7619,311.5957,311.3948,311.1592,310.8886,310.5827,310.2413,309.8641,309.4508,309.001,308.5142,307.9901,307.4282,306.8279,306.1887,305.5099,304.7907,304.0306,303.2285,302.3837,301.495,300.5616,299.5822,298.5555,297.4803,296.3552,295.1787,293.9494,292.6657,291.3263,289.93,288.4759,286.9636,285.3934,283.7669,282.0873,280.362,278.6071,276.8534,275.1248
241.0,272.1186,273.0651,274.322,276.2707,278.3522,280.3622,282.2463,284.006,285.6579,287.2194,288.7039,290.1209,291.4772,292.7771,294.0239,295.2198,296.3668,297.4663,298.5195,299.5275,300.4915,301.4122,302.2906,303.1274,303.9235,304.6794,305.3959,306.0735,306.7127,307.3142,307.8783,308.4055,308.8962,309.3508,309.7695,310.1527,310.5007,310.8136,311.0917,311.3352,311.5443,311.7189,311.8594,311.9656,312.0378,312.0758,312.0798,312.0497,311.9853,311.8868,311.7539,311.5865,311.3845,311.1478,310.876,310.569,310.2265,309.8482,309.4337,308.9828,308.4949,307.9697,307.4067,306.8053,306.165,305.485,304.7648,304.0035,303.2004,302.3545,301.4648,300.5303,299.5498,298.5221,297.4459,296.3198,295.1424,293.9121,292.6275,291.2873,289.8902,288.4354,286.9224,285.3516,283.7245,282.0446,280.3193,278.5654,276.8134,275.0857
242.0,272.2406,273.1367,274.3982,276.3344,278.4058,280.4096,282.2905,284.0485,285.6995,287.2601,288.7437,290.1598,291.5149,292.8137,294.0593,295.254,296.3997,297.4978,298.5498,299.5565,300.5192,301.4387,302.3158,303.1514,303.9462,304.7009,305.4161,306.0925,306.7305,307.3308,307.8937,308.4197,308.9092,309.3625,309.78,310.1621,310.5088,310.8206,311.0975,311.3398,311.5477,311.7212,311.8605,311.9656,312.0365,312.0734,312.0762,312.0449,311.9794,311.8797,311.7457,311.5772,311.374,311.1361,310.8632,310.5551,310.2114,309.832,309.4164,308.9643,308.4754,307.949,307.3849,306.7824,306.1409,305.4599,304.7386,303.9762,303.172,302.325,301.4342,300.4987,299.5171,298.4884,297.4112,296.2841,295.1056,293.8744,292.589,291.2479,289.8501,288.3945,286.8809,285.3095,283.6819,282.0017,280.2765,278.5238,276.7734,275.0466
243.0,272.3591,273.2081,274.4748,276.3989,278.4603,280.4579,282.3354,284.0916,285.7415,287.3013,288.784,290.199,291.5531,292.8506,294.095,295.2884,296.4328,297.5297,298.5803,299.5858,300.5471,301.4653,302.3412,303.1755,303.9691,304.7225,305.4365,306.1116,306.7484,307.3474,307.9091,308.4339,308.9221,309.3743,309.7906,310.1714,310.517,310.8275,311.1033,311.3444,311.551,311.7234,311.8614,311.9654,312.0352,312.0709,312.0725,312.04,311.9734,311.8725,311.7373,311.5676,311.3633,311.1243,310.8502,310.5409,310.1961,309.8155,309.3988,308.9456,308.4555,307.9281,307.3628,306.7592,306.1166,305.4345,304.712,303.9486,303.1432,302.2952,301.4033,300.4667,299.4841,298.4543,297.3761,296.248,295.0686,293.8365,292.5501,291.2082,289.8096,288.3534,286.8391,285.2671,283.6391,281.9586,280.2335,278.4821,276.7334,275.0074
244.0,272.4747,273.2795,274.5518,276.4641,278.5155,280.5068,282.3809,284.1353,285.7841,287.3429,288.8247,290.2387,291.5916,292.8879,294.131,295.3231,296.4662,297.5617,298.611,299.6152,300.5753,301.4922,302.3667,303.1998,303.9921,304.7442,305.457,306.1308,306.7664,307.3641,307.9246,308.4481,308.9352,309.3861,309.8012,310.1807,310.5251,310.8344,311.109,311.3489,311.5543,311.7255,311.8623,311.9651,312.0337,312.0682,312.0686,312.035,311.9671,311.8651,311.7287,311.5579,311.3524,311.1122,310.837,310.5265,310.1806,309.7989,309.381,308.9267,308.4354,307.9068,307.3404,306.7357,306.092,305.4087,304.6852,303.9206,303.1142,302.265,301.3721,300.4344,299.4507,298.4199,297.3407,296.2116,295.0312,293.7982,292.5109,291.1682,289.7688,288.3119,286.797,285.2245,283.596,281.9152,280.1904,278.4405,276.6934,274.9684
245.0,272.5879,273.3509,274.6291,276.5299,278.5714,280.5565,282.4271,284.1796,285.8271,287.385,288.8657,290.2787,291.6304,292.9255,294.1673,295.3581,296.4999,297.5941,298.642,299.6449,300.6036,301.5192,302.3925,303.2242,304.0152,304.7661,305.4775,306.1501,306.7844,307.3809,307.9401,308.4624,308.9482,309.3979,309.8117,310.1901,310.5332,310.8413,311.1146,311.3533,311.5576,311.7275,311.8631,311.9647,312.0321,312.0654,312.0646,312.0298,311.9608,311.8575,311.72,311.548,311.3413,311.0999,310.8236,310.5119,310.1648,309.7819,309.3629,308.9074,308.4151,307.8854,307.3178,306.7119,306.0671,305.3827,304.6581,303.8924,303.0849,302.2346,301.3406,300.4018,299.4171,298.3852,297.3049,296.1749,294.9935,293.7595,292.4715,291.1279,289.7278,288.2701,286.7546,285.1815,283.5526,281.8717,280.1473,278.3988,276.6534,274.9293
246.0,272.6991,273.4223,274.7067,276.5964,278.6281,280.6069,282.4739,284.2243,285.8706,287.4274,288.9071,290.319,291.6696,292.9634,294.2039,295.3934,296.5338,297.6266,298.6733,299.6747,300.6322,301.5464,302.4183,303.2488,304.0385,304.788,305.4982,306.1695,306.8025,307.3978,307.9557,308.4767,308.9612,309.4097,309.8223,310.1994,310.5413,310.8481,311.1202,311.3577,311.5607,311.7294,311.8639,311.9642,312.0304,312.0625,312.0605,312.0245,311.9543,311.8498,311.7111,311.5379,311.3301,311.0875,310.8099,310.4971,310.1489,309.7648,309.3447,308.888,308.3945,307.8636,307.2949,306.6879,306.042,305.3564,304.6307,303.8639,303.0552,302.2038,301.3087,300.3689,299.3831,298.3502,297.2689,296.1378,294.9555,293.7206,292.4317,291.0873,289.6864,288.2281,286.7119,285.1384,283.5091,281.828,280.104,278.3571,276.6133,274.8902
247.0,272.7799,273.4933,274.7845,276.6635,278.6855,280.6579,282.5212,284.2696,285.9146,287.4703,288.949,290.3597,291.709,293.0016,294.2408,295.4289,296.5679,297.6594,298.7047,299.7048,300.6609,301.5738,302.4444,303.2735,304.0618,304.8101,305.519,306.189,306.8207,307.4147,307.9713,308.4911,308.9743,309.4215,309.8328,310.2087,310.5493,310.8549,311.1258,311.362,311.5638,311.7312,311.8645,311.9636,312.0285,312.0594,312.0563,312.019,311.9476,311.842,311.702,311.5276,311.3186,311.0749,310.7961,310.4821,310.1327,309.7475,309.3261,308.8683,308.3736,307.8416,307.2718,306.6636,306.0165,305.3299,304.603,303.8351,303.0253,302.1728,301.2766,300.3357,299.3488,298.3149,297.2326,296.1005,294.9173,293.6814,292.3916,291.0464,289.6448,288.1857,286.669,285.095,283.4653,281.7842,280.0607,278.3155,276.5733,274.8511
248.0,272.8501,273.5639,274.8627,276.7312,278.7436,280.7096,282.5692,284.3154,285.959,287.5135,288.9911,290.4007,291.7488,293.0401,294.2779,295.4647,296.6023,297.6925,298.7363,299.7351,300.6898,301.6013,302.4706,303.2983,304.0853,304.8323,305.5398,306.2085,306.839,307.4316,307.987,308.5054,308.9874,309.4333,309.8434,310.218,310.5573,310.8617,311.1313,311.3663,311.5668,311.733,311.865,311.9629,312.0266,312.0563,312.0519,312.0134,311.9408,311.8339,311.6928,311.5172,311.307,311.062,310.7821,310.4669,310.1163,309.7299,309.3074,308.8484,308.3526,307.8194,307.2484,306.6391,305.9909,305.3031,304.575,303.806,302.9951,302.1415,301.2442,300.3022,299.3143,298.2793,297.196,296.0629,294.8787,293.642,292.3513,291.0053,289.6029,288.1432,286.6258,285.0513,283.4214,281.7402,280.0173,278.2738,276.5333,274.8121
249.0,272.9177,273.6342,274.941,276.7995,278.8023,280.7619,282.6177,284.3617,286.0038,287.5572,289.0336,290.442,291.7889,293.0789,294.3153,295.5007,296.637,297.7257,298.7681,299.7655,300.7188,301.629,302.4969,303.3233,304.109,304.8546,305.5608,306.2282,306.8573,307.4486,308.0027,308.5198,309.0005,309.4451,309.8539,310.2272,310.5653,310.8684,311.1368,311.3705,311.5698,311.7347,311.8655,311.9621,312.0246,312.053,312.0474,312.0077,311.9338,311.8258,311.6834,311.5066,311.2952,311.049,310.7679,310.4516,310.0997,309.7122,309.2885,308.8283,308.3313,307.7969,307.2248,306.6143,305.9649,305.276,304.5468,303.7767,302.9647,302.11,301.2116,300.2685,299.2795,298.2435,297.1591,296.025,294.8399,293.6022,292.3106,290.9639,289.5607,288.1003,286.5824,285.0075,283.3772,281.6961,279.9739,278.2321,276.4932,274.773
250.0,272.9841,273.7042,275.0195,276.8683,278.8616,280.8149,282.6668,284.4085,286.049,287.6012,289.0764,290.4836,291.8292,293.1179,294.353,295.537,296.6718,297.7591,298.8002,299.7961,300.748,301.6568,302.5233,303.3484,304.1327,304.877,305.5818,306.2479,306.8757,307.4657,308.0184,308.5343,309.0137,309.457,309.8645,310.2365,310.5733,310.8751,311.1422,311.3746,311.5727,311.7364,311.8658,311.9612,312.0225,312.0497,312.0428,312.0018,311.9268,311.8175,311.6739,311.4959,311.2832,311.0359,310.7535,310.436,310.083,309.6942,309.2693,308.808,308.3098,307.7743,307.201,306.5893,305.9388,305.2487,304.5184,303.7471,302.934,302.0782,301.1787,300.2345,299.2444,298.2074,297.122,295.9869,294.8008,293.5622,292.2698,290.9222,289.5183,288.0573,286.5388,284.9634,283.3329,281.6518,279.9304,278.1905,276.4532,274.734
251.0,273.0499,273.7749,275.0982,276.9377,278.9216,280.8684,282.7164,284.4557,286.0946,287.6455,289.1196,290.5255,291.8698,293.1572,294.3908,295.5734,296.7069,297.7927,298.8324,299.8269,300.7774,301.6848,302.5499,303.3736,304.1565,304.8994,305.6029,306.2676,306.8941,307.4828,308.0342,308.5487,309.0268,309.4688,309.875,310.2457,310.5812,310.8818,311.1476,311.3787,311.5755,311.7379,311.8661,311.9602,312.0202,312.0462,312.0381,311.9959,311.9196,311.809,311.6642,311.485,311.2711,311.0225,310.739,310.4202,310.066,309.6761,309.25,308.7875,308.2881,307.7514,307.1769,306.5641,305.9124,305.2212,304.4897,303.7173,302.903,302.0461,301.1455,300.2002,299.2091,298.171,297.0846,295.9485,294.7615,293.522,292.2287,290.8803,289.4757,288.014,286.495,284.9192,283.2884,281.6075,279.8869,278.1488,276.4131,274.695
252.0,273.1155,273.8464,275.1771,277.0075,278.9821,280.9225,282.7665,284.5033,286.1406,287.6902,289.163,290.5677,291.9107,293.1967,294.429,295.6101,296.7421,297.8265,298.8647,299.8578,300.8069,301.7129,302.5766,303.3989,304.1804,304.922,305.6241,306.2875,306.9126,307.4999,308.05,308.5632,309.04,309.4806,309.8855,310.255,310.5892,310.8884,311.1529,311.3828,311.5782,311.7394,311.8664,311.9592,312.0179,312.0426,312.0332,311.9898,311.9122,311.8005,311.6544,311.4739,311.2589,311.0091,310.7243,310.4043,310.0489,309.6577,309.2305,308.7668,308.2662,307.7283,307.1527,306.5387,305.8858,305.1934,304.4608,303.6872,302.8719,302.0138,301.1121,300.1657,299.1736,298.1344,297.0469,295.9099,294.7219,293.4815,292.1873,290.8382,289.4328,287.9705,286.451,284.8748,283.2438,281.563,279.8433,278.1071,276.373,274.656
253.0,273.1809,273.9186,275.2561,277.0778,279.0432,280.9771,282.8171,284.5514,286.187,287.7352,289.2067,290.6102,291.9518,293.2364,294.4673,295.647,296.7776,297.8605,298.8973,299.8889,300.8366,301.7411,302.6034,303.4243,304.2045,304.9446,305.6454,306.3074,306.9311,307.5171,308.0658,308.5777,309.0531,309.4925,309.896,310.2642,310.5971,310.895,311.1582,311.3868,311.581,311.7408,311.8665,311.958,312.0155,312.0389,312.0283,311.9836,311.9048,311.7918,311.6445,311.4628,311.2465,310.9954,310.7094,310.3883,310.0316,309.6392,309.2108,308.7459,308.2441,307.705,307.1282,306.5131,305.859,305.1655,304.4317,303.657,302.8405,301.9813,301.0785,300.131,299.1378,298.0976,297.0091,295.8711,294.6821,293.4408,292.1458,290.7958,289.3898,287.9269,286.4068,284.8302,283.1991,281.5185,279.7997,278.0654,276.333,274.617
254.0,273.2463,273.9916,275.3353,277.1485,279.1048,281.0323,282.8681,284.5999,286.2337,287.7805,289.2507,290.6529,291.9932,293.2764,294.5058,295.6841,296.8132,297.8947,298.93,299.9202,300.8664,301.7695,302.6303,303.4498,304.2286,304.9673,305.6667,306.3273,306.9497,307.5343,308.0817,308.5922,309.0663,309.5043,309.9066,310.2733,310.6049,310.9016,311.1634,311.3907,311.5836,311.7422,311.8666,311.9568,312.013,312.0352,312.0233,311.9773,311.8972,311.783,311.6344,311.4515,311.2339,310.9817,310.6944,310.372,310.0142,309.6206,309.1909,308.7248,308.2218,307.6816,307.1036,306.4872,305.832,305.1373,304.4024,303.6265,302.8089,301.9486,301.0447,300.0961,299.1018,298.0605,296.971,295.832,294.6421,293.3999,292.104,290.7533,289.3465,287.883,286.3624,284.7854,283.1542,281.4738,279.7562,278.0237,276.2929,274.578
255.0,273.3118,274.0653,275.4147,277.2197,279.1669,281.0879,282.9197,284.6488,286.2807,287.8261,289.295,290.6958,292.0348,293.3165,294.5445,295.7214,296.849,297.929,298.9628,299.9515,300.8963,301.7979,302.6574,303.4754,304.2527,304.9901,305.6881,306.3473,306.9683,307.5516,308.0976,308.6067,309.0795,309.5161,309.9171,310.2825,310.6128,310.9081,311.1686,311.3946,311.5862,311.7435,311.8666,311.9555,312.0105,312.0313,312.0182,311.9709,311.8896,311.7741,311.6243,311.44,311.2213,310.9677,310.6793,310.3557,309.9966,309.6018,309.1709,308.7035,308.1994,307.6579,307.0787,306.4612,305.8049,305.109,304.3729,303.5959,302.7771,301.9157,301.0107,300.061,299.0656,298.0233,296.9328,295.7928,294.6019,293.3588,292.0621,290.7106,289.3031,287.839,286.3179,284.7405,283.1092,281.4291,279.7126,277.982,276.2528,274.539
256.0,273.3773,274.1395,275.4942,277.2912,279.2295,281.1441,282.9716,284.698,286.3281,287.872,289.3395,290.739,292.0765,293.3569,294.5834,295.7588,296.8849,297.9634,298.9957,299.983,300.9263,301.8265,302.6845,303.5011,304.277,305.0129,305.7095,306.3673,306.9869,307.5688,308.1135,308.6213,309.0927,309.528,309.9275,310.2917,310.6206,310.9146,311.1738,311.3985,311.5887,311.7447,311.8665,311.9542,312.0078,312.0274,312.0129,311.9644,311.8818,311.765,311.614,311.4285,311.2085,310.9537,310.664,310.3391,309.9788,309.5828,309.1507,308.6822,308.1768,307.6341,307.0537,306.4351,305.7775,305.0805,304.3432,303.5651,302.7451,301.8826,300.9765,300.0257,299.0292,297.9859,296.8943,295.7533,294.5615,293.3175,292.02,290.6677,289.2595,287.7948,286.2732,284.6955,283.0641,281.3844,279.669,277.9403,276.2128,274.5
257.0,273.4428,274.2143,275.5739,277.3631,279.2926,281.2006,283.0239,284.7476,286.3758,287.9181,289.3843,290.7823,292.1185,293.3974,294.6225,295.7964,296.921,297.998,299.0288,300.0146,300.9564,301.8551,302.7117,303.5268,304.3013,305.0358,305.731,306.3874,307.0056,307.5861,308.1294,308.6358,309.1059,309.5398,309.938,310.3008,310.6284,310.921,311.1789,311.4023,311.5912,311.7459,311.8664,311.9528,312.0051,312.0234,312.0076,311.9578,311.874,311.7559,311.6036,311.4168,311.1955,310.9395,310.6486,310.3225,309.961,309.5637,309.1304,308.6606,308.154,307.6102,307.0286,306.4087,305.75,305.0518,304.3134,303.5341,302.713,301.8493,300.9421,299.9902,298.9927,297.9482,296.8557,295.7137,294.5209,293.2761,291.9777,290.6246,289.2158,287.7504,286.2284,284.6504,283.0189,281.3396,279.6253,277.8986,276.1727,274.461
258.0,273.5084,274.2897,275.6536,277.4353,279.356,281.2576,283.0767,284.7975,286.4238,287.9645,289.4292,290.8259,292.1607,293.4381,294.6618,295.8341,296.9572,298.0327,299.0621,300.0463,300.9866,301.8839,302.739,303.5527,304.3257,305.0588,305.7526,306.4076,307.0244,307.6035,308.1453,308.6504,309.1191,309.5516,309.9485,310.3099,310.6362,310.9275,311.184,311.4061,311.5937,311.747,311.8662,311.9513,312.0023,312.0193,312.0022,311.9512,311.866,311.7467,311.5931,311.4051,311.1825,310.9253,310.6331,310.3057,309.9429,309.5444,309.1099,308.6389,308.1311,307.5861,307.0033,306.3822,305.7223,305.0229,304.2834,303.5029,302.6807,301.8159,300.9075,299.9546,298.956,297.9105,296.8169,295.6739,294.4802,293.2344,291.9352,290.5814,289.1718,287.7059,286.1834,284.6051,282.9736,281.2947,279.5817,277.8569,276.1326,274.422
259.0,273.5741,274.3655,275.7335,277.5078,279.4199,281.3151,283.1298,284.8478,286.472,288.0111,289.4744,290.8697,292.203,293.479,294.7011,295.872,296.9936,298.0676,299.0954,300.0781,301.0169,301.9127,302.7663,303.5786,304.3502,305.0818,305.7741,306.4277,307.0431,307.6208,308.1613,308.665,309.1323,309.5635,309.959,310.319,310.6439,310.9339,311.1891,311.4098,311.5961,311.7481,311.8659,311.9497,311.9994,312.0151,311.9968,311.9444,311.858,311.7373,311.5825,311.3932,311.1694,310.9109,310.6174,310.2888,309.9248,309.5251,309.0893,308.6171,308.1081,307.5619,306.9779,306.3556,305.6945,304.9939,304.2532,303.4716,302.6482,301.7823,300.8728,299.9188,298.9191,297.8725,296.7779,295.634,294.4394,293.1927,291.8926,290.538,289.1278,287.6613,286.1383,284.5598,282.9282,281.2498,279.5381,277.8152,276.0925,274.3831
260.0,273.6399,274.4417,275.8134,277.5805,279.4841,281.3728,283.1832,284.8983,286.5205,288.058,289.5198,290.9136,292.2455,293.52,294.7406,295.91,297.03,298.1025,299.1288,300.1101,301.0474,301.9416,302.7938,303.6045,304.3747,305.1049,305.7958,306.4479,307.0619,307.6382,308.1773,308.6796,309.1455,309.5753,309.9694,310.3281,310.6516,310.9403,311.1941,311.4135,311.5984,311.7491,311.8657,311.9481,311.9965,312.0109,311.9912,311.9376,311.8498,311.7279,311.5718,311.3812,311.1562,310.8964,310.6017,310.2718,309.9066,309.5056,309.0686,308.5952,308.085,307.5375,306.9523,306.3288,305.6666,304.9648,304.2229,303.4401,302.6156,301.7486,300.838,299.8828,298.882,297.8345,296.7389,295.5939,294.3983,293.1508,291.8499,290.4945,289.0836,287.6166,286.0931,284.5143,282.8828,281.2048,279.4945,277.7734,276.0524,274.3441
261.0,273.7057,274.5183,275.8934,277.6535,279.5487,281.431,283.237,284.9492,286.5692,288.105,289.5653,290.9577,292.2881,293.5612,294.7803,295.9481,297.0666,298.1376,299.1623,300.142,301.0778,301.9706,302.8213,303.6306,304.3992,305.128,305.8174,306.4682,307.0807,307.6556,308.1933,308.6942,309.1587,309.5871,309.9799,310.3372,310.6593,310.9466,311.1991,311.4171,311.6007,311.7501,311.8653,311.9464,311.9935,312.0066,311.9856,311.9307,311.8416,311.7185,311.561,311.3692,311.1428,310.8818,310.5858,310.2547,309.8882,309.486,309.0478,308.5731,308.0617,307.513,306.9266,306.302,305.6385,304.9356,304.1925,303.4085,302.5829,301.7147,300.803,299.8467,298.8449,297.7963,296.6996,295.5537,294.3572,293.1087,291.8071,290.4509,289.0394,287.5717,286.0479,284.4688,282.8373,281.1599,279.4509,277.7317,276.0123,274.3052
262.0,273.772,274.5952,275.9735,277.7267,279.6135,281.4895,283.2911,285.0003,286.6182,288.1522,289.611,291.0019,292.3309,293.6024,294.82,295.9863,297.1033,298.1727,299.1959,300.1741,301.1084,301.9997,302.8488,303.6566,304.4238,305.1511,305.8391,306.4884,307.0995,307.673,308.2093,308.7088,309.1718,309.5989,309.9903,310.3462,310.667,310.9529,311.2041,311.4208,311.603,311.751,311.8649,311.9447,311.9905,312.0022,311.98,311.9237,311.8334,311.7089,311.5502,311.3571,311.1294,310.8671,310.5699,310.2375,309.8698,309.4663,309.0268,308.551,308.0383,307.4884,306.9008,306.275,305.6103,304.9062,304.1619,303.3768,302.55,301.6807,300.7679,299.8105,298.8076,297.7579,296.6603,295.5134,294.3159,293.0666,291.7641,290.4072,288.995,287.5268,286.0025,284.4232,282.7917,281.1149,279.4074,277.69,275.9722,274.2663
263.0,273.8388,274.6724,276.0536,277.8,279.6787,281.5482,283.3454,285.0516,286.6673,288.1996,289.6569,291.0463,292.3738,293.6438,294.8599,296.0246,297.14,298.2079,299.2296,300.2063,301.139,302.0288,302.8764,303.6827,304.4485,305.1743,305.8608,306.5087,307.1184,307.6904,308.2253,308.7233,309.185,309.6107,310.0007,310.3553,310.6747,310.9592,311.209,311.4243,311.6053,311.7519,311.8645,311.9429,311.9874,311.9978,311.9743,311.9167,311.825,311.6993,311.5392,311.3449,311.116,310.8524,310.5539,310.2203,309.8513,309.4466,309.0058,308.5287,308.0148,307.4637,306.8749,306.2479,305.582,304.8767,304.1313,303.345,302.5171,301.6466,300.7327,299.7742,298.7702,297.7195,296.6209,295.473,294.2746,293.0244,291.721,290.3634,288.9505,287.4818,285.9571,284.3775,282.7461,281.0699,279.3638,277.6482,275.9321,274.2273
264.0,273.9061,274.7499,276.1336,277.8735,279.7441,281.6073,283.4001,285.1032,286.7166,288.2472,289.7029,291.0908,292.4167,293.6853,294.8998,296.063,297.1769,298.2432,299.2633,300.2384,301.1697,302.0579,302.9041,303.7089,304.4731,305.1975,305.8826,306.529,307.1372,307.7079,308.2413,308.7379,309.1982,309.6225,310.0111,310.3643,310.6823,310.9655,311.214,311.4279,311.6075,311.7528,311.864,311.9411,311.9842,311.9933,311.9685,311.9096,311.8167,311.6896,311.5283,311.3326,311.1024,310.8376,310.5378,310.2029,309.8327,309.4267,308.9847,308.5064,307.9913,307.439,306.8489,306.2207,305.5536,304.8471,304.1006,303.3131,302.484,301.6124,300.6974,299.7378,298.7328,297.681,296.5813,295.4325,294.2331,292.982,291.6779,290.3195,288.906,287.4367,285.9116,284.3318,282.7005,281.0249,279.3202,277.6065,275.892,274.1884
265.0,273.9737,274.8276,276.2137,277.9471,279.8097,281.6666,283.4549,285.1549,286.7662,288.2949,289.749,291.1354,292.4598,293.7268,294.9398,296.1014,297.2138,298.2785,299.2971,300.2707,301.2004,302.0871,302.9317,303.7351,304.4978,305.2207,305.9044,306.5493,307.1561,307.7253,308.2573,308.7525,309.2114,309.6343,310.0215,310.3733,310.69,310.9718,311.2188,311.4314,311.6096,311.7536,311.8635,311.9393,311.981,311.9888,311.9627,311.9025,311.8082,311.6798,311.5172,311.3203,311.0888,310.8227,310.5216,310.1855,309.814,309.4068,308.9636,308.484,307.9677,307.4141,306.8229,306.1934,305.5252,304.8175,304.0697,303.2811,302.4509,301.5782,300.662,299.7014,298.6952,297.6424,296.5417,295.3919,294.1916,292.9396,291.6347,290.2756,288.8614,287.3915,285.866,284.2861,282.6549,280.9799,279.2767,277.5647,275.8519,274.1495
266.0,274.0418,274.9055,276.2937,278.0208,279.8756,281.7262,283.51,285.2069,286.8158,288.3427,289.7952,291.18,292.503,293.7685,294.9799,296.14,297.2507,298.3139,299.3309,300.303,301.2311,302.1163,302.9595,303.7613,304.5226,305.244,305.9261,306.5696,307.175,307.7427,308.2733,308.7671,309.2246,309.6461,310.0319,310.3823,310.6976,310.978,311.2237,311.4349,311.6118,311.7544,311.8629,311.9374,311.9778,311.9843,311.9568,311.8953,311.7997,311.67,311.5061,311.3079,311.0751,310.8077,310.5054,310.168,309.7952,309.3868,308.9423,308.4615,307.944,307.3892,306.7967,306.1661,305.4966,304.7878,304.0388,303.2491,302.4177,301.5438,300.6265,299.6648,298.6576,297.6037,296.502,295.3512,294.15,292.8972,291.5914,290.2315,288.8167,287.3463,285.8204,284.2403,282.6092,280.9349,279.2331,277.523,275.8118,274.1106
267.0,274.1103,274.9835,276.3737,278.0946,279.9416,281.7859,283.5652,285.259,286.8656,288.3907,289.8415,291.2248,292.5462,293.8101,295.02,296.1785,297.2878,298.3494,299.3648,300.3353,301.2619,302.1456,302.9872,303.7875,304.5473,305.2672,305.9479,306.59,307.1939,307.7602,308.2893,308.7817,309.2378,309.6579,310.0423,310.3913,310.7052,310.9842,311.2286,311.4384,311.6139,311.7552,311.8624,311.9355,311.9746,311.9797,311.9509,311.8881,311.7912,311.6602,311.495,311.2955,311.0614,310.7927,310.4892,310.1505,309.7765,309.3668,308.9211,308.439,307.9202,307.3642,306.7705,306.1387,305.468,304.758,304.0079,303.217,302.3844,301.5094,300.591,299.6282,298.6199,297.565,296.4623,295.3105,294.1084,292.8546,291.5481,290.1875,288.772,287.3011,285.7748,284.1945,282.5636,280.8899,279.1896,277.4812,275.7717,274.0717
268.0,274.179,275.0617,276.4536,278.1684,280.0077,281.8458,283.6207,285.3113,286.9155,288.4387,289.8879,291.2696,292.5895,293.8519,295.0602,296.2172,297.3248,298.3848,299.3987,300.3677,301.2927,302.1749,303.015,303.8138,304.5721,305.2905,305.9697,306.6103,307.2128,307.7776,308.3053,308.7963,309.251,309.6696,310.0526,310.4003,310.7128,310.9904,311.2334,311.4419,311.616,311.7559,311.8618,311.9335,311.9713,311.9751,311.945,311.8808,311.7826,311.6503,311.4838,311.283,311.0477,310.7777,310.4729,310.1329,309.7576,309.3467,308.8997,308.4164,307.8964,307.3392,306.7443,306.1112,305.4394,304.7282,303.9769,303.1848,302.3511,301.475,300.5554,299.5915,298.5822,297.5262,296.4225,295.2697,294.0667,292.8121,291.5047,290.1434,288.7273,287.2558,285.7291,284.1487,282.5179,280.845,279.1461,277.4395,275.7315,274.0328
269.0,274.2481,275.1399,276.5333,278.2422,280.0739,281.9059,283.6763,285.3636,286.9655,288.4868,289.9343,291.3145,292.6328,293.8936,295.1004,296.2558,297.3619,298.4203,299.4327,300.4,301.3236,302.2042,303.0427,303.84,304.5968,305.3138,305.9915,306.6307,307.2317,307.7951,308.3214,308.8109,309.2641,309.6814,310.063,310.4092,310.7203,310.9966,311.2382,311.4453,311.6181,311.7567,311.8611,311.9316,311.968,311.9705,311.939,311.8735,311.774,311.6404,311.4726,311.2705,311.0339,310.7627,310.4565,310.1153,309.7388,309.3265,308.8784,308.3938,307.8726,307.3141,306.718,306.0837,305.4107,304.6983,303.9458,303.1526,302.3177,301.4405,300.5198,299.5548,298.5444,297.4874,296.3827,295.2289,294.025,292.7695,291.4613,290.0993,288.6825,287.2105,285.6835,284.1029,282.4723,280.8,279.1026,277.3977,275.6914,273.9939
270.0,274.3174,275.2182,276.6129,278.3159,280.1403,281.9661,283.732,285.4161,287.0156,288.535,289.9808,291.3593,292.6761,293.9354,295.1406,296.2944,297.3989,298.4559,299.4666,300.4324,301.3544,302.2335,303.0705,303.8663,304.6216,305.3371,306.0134,306.651,307.2506,307.8125,308.3374,308.8255,309.2773,309.6931,310.0733,310.4182,310.7279,311.0028,311.243,311.4488,311.6202,311.7574,311.8605,311.9296,311.9647,311.9658,311.933,311.8662,311.7654,311.6305,311.4614,311.258,311.0201,310.7476,310.4402,310.0977,309.7199,309.3064,308.857,308.3712,307.8487,307.289,306.6917,306.0562,305.382,304.6684,303.9148,303.1203,302.2844,301.406,300.4842,299.5181,298.5066,297.4486,296.3428,295.1881,293.9832,292.7269,291.4179,290.0551,288.6377,287.1652,285.6378,284.057,282.4267,280.7551,279.0591,277.356,275.6513,273.955
271.0,274.3868,275.2964,276.6924,278.3896,280.2066,282.0264,283.7878,285.4687,287.0658,288.5832,290.0273,291.4043,292.7195,293.9772,295.1809,296.3331,297.436,298.4914,299.5006,300.4648,301.3852,302.2628,303.0983,303.8926,304.6464,305.3604,306.0352,306.6713,307.2694,307.83,308.3534,308.8401,309.2904,309.7049,310.0837,310.4271,310.7355,311.009,311.2478,311.4522,311.6222,311.7581,311.8598,311.9276,311.9613,311.9612,311.927,311.8589,311.7568,311.6206,311.4502,311.2455,311.0063,310.7325,310.4238,310.0801,309.701,309.2862,308.8356,308.3485,307.8248,307.2639,306.6654,306.0287,305.3533,304.6385,303.8837,303.0881,302.251,301.3714,300.4486,299.4814,298.4688,297.4097,296.303,295.1473,293.9415,292.6843,291.3745,290.011,288.5929,287.1199,285.5922,284.0113,282.3811,280.7102,279.0156,277.3143,275.6112,273.9162
272.0,274.4565,275.3747,276.7716,278.4632,280.273,282.0867,283.8437,285.5213,287.116,288.6314,290.0738,291.4492,292.7628,294.019,295.2211,296.3718,297.4731,298.5269,299.5345,300.4972,301.4161,302.2921,303.1261,303.9188,304.6711,305.3836,306.057,306.6917,307.2883,307.8474,308.3694,308.8546,309.3036,309.7166,310.094,310.436,310.743,311.0151,311.2526,311.4556,311.6243,311.7588,311.8592,311.9256,311.958,311.9565,311.921,311.8516,311.7482,311.6106,311.4389,311.2329,310.9925,310.7174,310.4074,310.0624,309.6821,309.2661,308.8141,308.3259,307.8009,307.2388,306.6391,306.0012,305.3245,304.6086,303.8526,303.0558,302.2176,301.3369,300.4129,299.4446,298.431,297.3709,296.2631,295.1065,293.8998,292.6417,291.3311,289.9669,288.5482,287.0747,285.5466,283.9655,282.3355,280.6654,278.9722,277.2725,275.5711,273.8773
273.0,274.5263,275.4528,276.8507,278.5366,280.3394,282.1472,283.8996,285.574,287.1662,288.6797,290.1203,291.4941,292.8062,294.0608,295.2613,296.4104,297.5102,298.5624,299.5684,300.5296,301.4469,302.3214,303.1538,303.9451,304.6959,305.4069,306.0787,306.712,307.3072,307.8648,308.3853,308.8692,309.3167,309.7283,310.1043,310.445,310.7505,311.0213,311.2574,311.459,311.6263,311.7595,311.8585,311.9236,311.9547,311.9518,311.915,311.8443,311.7395,311.6007,311.4277,311.2204,310.9786,310.7022,310.391,310.0447,309.6631,309.2459,308.7927,308.3032,307.777,307.2137,306.6127,305.9736,305.2958,304.5787,303.8215,303.0236,302.1842,301.3024,300.3773,299.4079,298.3932,297.332,296.2233,295.0657,293.858,292.5991,291.2877,289.9228,288.5035,287.0294,285.501,283.9198,282.29,280.6206,278.9288,277.2308,275.5309,273.8384
274.0,274.5961,275.5309,276.9295,278.6099,280.4058,282.2076,283.9556,285.6267,287.2165,288.7279,290.1668,291.539,292.8495,294.1025,295.3015,296.449,297.5472,298.5978,299.6023,300.5619,301.4777,302.3506,303.1816,303.9713,304.7206,305.4301,306.1005,306.7323,307.326,307.8822,308.4013,308.8837,309.3299,309.74,310.1146,310.4539,310.7581,311.0274,311.2621,311.4624,311.6284,311.7601,311.8578,311.9216,311.9513,311.9471,311.909,311.837,311.7309,311.5908,311.4165,311.2079,310.9648,310.6871,310.3747,310.0271,309.6442,309.2257,308.7713,308.2806,307.7532,307.1886,306.5864,305.9461,305.2671,304.5488,303.7904,302.9914,302.1508,301.2679,300.3417,299.3712,298.3554,297.2932,296.1835,295.0249,293.8164,292.5566,291.2443,289.8787,288.4588,286.9842,285.4554,283.8741,282.2445,280.5758,278.8854,277.189,275.4908,273.7996
275.0,274.666,275.6088,277.008,278.683,280.4721,282.268,284.0116,285.6794,287.2667,288.7761,290.2133,291.5838,292.8927,294.1442,295.3416,296.4876,297.5842,298.6333,299.6362,300.5942,301.5085,302.3799,303.2093,303.9975,304.7453,305.4534,306.1223,306.7526,307.3449,307.8996,308.4173,308.8983,309.343,309.7517,310.1249,310.4628,310.7656,311.0335,311.2669,311.4658,311.6304,311.7608,311.8572,311.9195,311.948,311.9424,311.903,311.8296,311.7223,311.5808,311.4052,311.1953,310.951,310.6721,310.3583,310.0095,309.6253,309.2056,308.7499,308.258,307.7293,307.1635,306.5602,305.9186,305.2384,304.5189,303.7594,302.9592,302.1175,301.2334,300.3061,299.3345,298.3177,297.2545,296.1437,294.9842,293.7747,292.5141,291.201,289.8347,288.4141,286.9391,285.4099,283.8285,282.1991,280.5311,278.842,277.1473,275.4507,273.7607
276.0,274.736,275.6865,277.0862,278.7559,280.5383,282.3284,284.0675,285.7321,287.3169,288.8243,290.2597,291.6286,292.9359,294.1859,295.3817,296.5261,297.6212,298.6687,299.67,300.6265,301.5392,302.4091,303.237,304.0237,304.77,305.4766,306.144,306.7729,307.3637,307.917,308.4332,308.9128,309.3561,309.7634,310.1352,310.4717,310.7731,311.0397,311.2717,311.4692,311.6324,311.7615,311.8565,311.9175,311.9446,311.9378,311.897,311.8223,311.7137,311.5709,311.394,311.1828,310.9372,310.657,310.342,309.9919,309.6065,309.1855,308.7286,308.2354,307.7055,307.1385,306.5339,305.8912,305.2098,304.4891,303.7284,302.927,302.0842,301.199,300.2706,299.2979,298.28,297.2158,296.104,294.9435,293.7331,292.4716,291.1578,289.7907,288.3695,286.894,285.3645,283.7829,282.1537,280.4865,278.7986,277.1055,275.4105,273.7219
277.0,274.8059,275.7641,277.1641,278.8286,280.6043,282.3888,284.1235,285.7848,287.367,288.8724,290.3061,291.6733,292.9791,294.2275,295.4217,296.5646,297.6581,298.704,299.7038,300.6588,301.5699,302.4382,303.2646,304.0499,304.7947,305.4998,306.1657,306.7931,307.3825,307.9343,308.4491,308.9273,309.3692,309.7751,310.1455,310.4806,310.7806,311.0458,311.2764,311.4726,311.6345,311.7622,311.8559,311.9156,311.9413,311.9331,311.8911,311.8151,311.7051,311.561,311.3828,311.1704,310.9235,310.642,310.3257,309.9743,309.5877,309.1654,308.7073,308.2129,307.6817,307.1135,306.5077,305.8638,305.1812,304.4593,303.6975,302.895,302.051,301.1646,300.2351,299.2614,298.2424,297.1771,296.0644,294.9029,293.6916,292.4292,291.1146,289.7468,288.325,286.8489,285.3191,283.7374,282.1085,280.4419,278.7553,277.0638,275.3704,273.683
278.0,274.8757,275.8413,277.2417,278.901,280.6703,282.449,284.1794,285.8374,287.4171,288.9205,290.3523,291.718,293.0221,294.269,295.4617,296.603,297.6949,298.7393,299.7375,300.6909,301.6006,302.4674,303.2922,304.076,304.8193,305.5229,306.1874,306.8133,307.4013,307.9517,308.465,308.9418,309.3822,309.7868,310.1558,310.4895,310.7881,311.0519,311.2812,311.476,311.6365,311.7629,311.8552,311.9136,311.938,311.9285,311.8851,311.8078,311.6965,311.5512,311.3717,311.1579,310.9097,310.627,310.3094,309.9568,309.5689,309.1454,308.686,308.1904,307.658,307.0886,306.4816,305.8365,305.1527,304.4296,303.6666,302.8629,302.0178,301.1304,300.1997,299.2249,298.2049,297.1386,296.0248,294.8624,293.6502,292.3869,291.0715,289.703,288.2806,286.804,285.2738,283.692,282.0633,280.3973,278.7119,277.0221,275.3303,273.6442
279.0,274.9455,275.9184,277.3188,278.9731,280.736,282.5092,284.2352,285.8899,287.4671,288.9685,290.3985,291.7625,293.0651,294.3104,295.5016,296.6413,297.7317,298.7745,299.7712,300.7231,301.6311,302.4964,303.3198,304.102,304.8439,305.546,306.209,306.8335,307.42,307.969,308.4809,308.9562,309.3953,309.7985,310.1661,310.4984,310.7956,311.0581,311.286,311.4794,311.6386,311.7636,311.8546,311.9116,311.9347,311.9239,311.8792,311.8006,311.688,311.5413,311.3606,311.1455,310.8961,310.612,310.2932,309.9393,309.5502,309.1255,308.6648,308.1679,307.6344,307.0637,306.4555,305.8092,305.1242,304.4,303.6358,302.831,301.9847,301.0961,300.1644,299.1885,298.1674,297.1001,295.9853,294.822,293.6088,292.3447,291.0285,289.6593,288.2362,286.7591,285.2286,283.6467,282.0181,280.3528,278.6687,276.9804,275.2901,273.6052
280.0,275.0151,275.9951,277.3956,279.0448,280.8015,282.5692,284.2909,285.9424,287.517,289.0163,290.4446,291.8069,293.108,294.3517,295.5413,296.6795,297.7683,298.8096,299.8048,300.7551,301.6617,302.5254,303.3473,304.128,304.8684,305.5691,306.2306,306.8537,307.4387,307.9863,308.4968,308.9707,309.4084,309.8101,310.1763,310.5072,310.8031,311.0642,311.2907,311.4828,311.6407,311.7644,311.854,311.9097,311.9315,311.9193,311.8733,311.7934,311.6795,311.5316,311.3495,311.1332,310.8824,310.5971,310.277,309.9219,309.5315,309.1056,308.6437,308.1456,307.6108,307.0389,306.4295,305.782,305.0959,304.3704,303.6051,302.7991,301.9517,301.062,300.1292,299.1522,298.1301,297.0617,295.9459,294.7816,293.5676,292.3026,290.9856,289.6156,288.192,286.7144,285.1835,283.6014,281.9731,280.3085,278.6254,276.9386,275.25,273.5646
281.0,275.0846,276.0714,277.4719,279.1162,280.8669,282.6291,284.3464,285.9947,287.5668,289.0641,290.4906,291.8513,293.1507,294.3929,295.581,296.7176,297.8049,298.8447,299.8383,300.7871,301.6921,302.5544,303.3747,304.154,304.8929,305.5921,306.2522,306.8738,307.4574,308.0035,308.5126,308.9851,309.4214,309.8218,310.1866,310.5161,310.8106,311.0704,311.2955,311.4863,311.6428,311.7651,311.8534,311.9078,311.9283,311.9148,311.8675,311.7863,311.6711,311.5218,311.3385,311.1209,310.8689,310.5823,310.2609,309.9046,309.5129,309.0857,308.6226,308.1233,307.5873,307.0142,306.4036,305.7549,305.0676,304.341,303.5745,302.7674,301.9188,301.028,300.0941,299.116,298.0928,297.0234,295.9067,294.7414,293.5264,292.2606,290.9428,289.5721,288.1478,286.6697,285.1385,283.5563,281.9282,280.2641,278.5822,276.8969,275.2098,273.5224
282.0,275.1538,276.1474,277.5478,279.1873,280.9319,282.6888,284.4019,286.0468,287.6165,289.1116,290.5364,291.8954,293.1933,294.434,295.6205,296.7556,297.8414,298.8796,299.8717,300.819,301.7225,302.5832,303.4021,304.1799,304.9173,305.615,306.2737,306.8939,307.476,308.0208,308.5285,308.9995,309.4344,309.8334,310.1968,310.525,310.8182,311.0765,311.3003,311.4897,311.6449,311.7659,311.8529,311.9059,311.9251,311.9103,311.8617,311.7792,311.6627,311.5122,311.3275,311.1087,310.8554,310.5675,310.2449,309.8873,309.4944,309.066,308.6017,308.1011,307.5639,306.9896,306.3778,305.7279,305.0394,304.3117,303.544,302.7357,301.886,300.9941,300.0591,299.08,298.0557,296.9853,295.8675,294.7013,293.4854,292.2188,290.9002,289.5288,288.1038,286.6252,285.0936,283.5113,281.8833,280.2199,278.539,276.8552,275.1695,273.4783
283.0,275.2228,276.2229,277.6232,279.2579,280.9967,282.7482,284.4571,286.0989,287.666,289.1591,290.582,291.9395,293.2358,294.4749,295.6599,296.7935,297.8777,298.9144,299.905,300.8507,301.7528,302.612,303.4294,304.2057,304.9417,305.6379,306.2952,306.9139,307.4947,308.038,308.5442,309.0139,309.4474,309.845,310.2071,310.5339,310.8257,311.0827,311.3052,311.4932,311.647,311.7667,311.8524,311.9041,311.9219,311.9059,311.8559,311.7721,311.6543,311.5026,311.3166,311.0965,310.842,310.5529,310.229,309.8701,309.476,309.0464,308.5808,308.079,307.5406,306.9651,306.3521,305.701,305.0113,304.2824,303.5136,302.7042,301.8534,300.9604,300.0242,299.044,298.0187,296.9473,295.8285,294.6613,293.4446,292.177,290.8577,289.4855,288.06,286.5809,285.0489,283.4664,281.8386,280.1757,278.4958,276.8135,275.1292,273.432
284.0,275.2915,276.298,277.698,279.328,281.0611,282.8075,284.5122,286.1507,287.7153,289.2064,290.6275,291.9833,293.2781,294.5157,295.6992,296.8312,297.9139,298.9491,299.9382,300.8824,301.783,302.6407,303.4566,304.2315,304.966,305.6608,306.3166,306.9339,307.5132,308.0551,308.56,309.0283,309.4604,309.8566,310.2173,310.5428,310.8332,311.0889,311.31,311.4967,311.6492,311.7676,311.8519,311.9023,311.9188,311.9015,311.8503,311.7651,311.6461,311.493,311.3058,311.0844,310.8286,310.5383,310.2132,309.8531,309.4577,309.0268,308.56,308.057,307.5174,306.9407,306.3265,305.6743,304.9834,304.2533,303.4834,302.6728,301.8209,300.9267,299.9895,299.0082,297.9819,296.9094,295.7897,294.6215,293.4039,292.1355,290.8153,289.4424,288.0162,286.5366,285.0043,283.4217,281.794,280.1317,278.4527,276.7718,275.0887,273.3833
285.0,275.3599,276.3727,277.7723,279.3978,281.1252,282.8665,284.567,286.2023,287.7644,289.2534,290.6728,292.027,293.3202,294.5563,295.7383,296.8688,297.95,298.9837,299.9713,300.914,301.813,302.6693,303.4838,304.2571,304.9902,305.6836,306.3379,306.9538,307.5318,308.0722,308.5757,309.0427,309.4734,309.8682,310.2276,310.5517,310.8407,311.0951,311.3149,311.5002,311.6514,311.7684,311.8515,311.9006,311.9158,311.8971,311.8446,311.7582,311.6379,311.4836,311.2951,311.0724,310.8154,310.5238,310.1974,309.8361,309.4395,309.0074,308.5394,308.0352,307.4944,306.9165,306.3011,305.6477,304.9556,304.2244,303.4533,302.6416,301.7885,300.8933,299.9549,298.9726,297.9452,296.8717,295.751,294.5819,293.3633,292.094,290.7731,289.3995,287.9727,286.4925,284.9599,283.3771,281.7496,280.0877,278.4096,276.7301,275.0481,273.3317
286.0,275.428,276.4468,277.8461,279.467,281.189,282.9252,284.6216,286.2538,287.8134,289.3003,290.7179,292.0705,293.3622,294.5967,295.7772,296.9062,297.986,299.0181,300.0042,300.9455,301.843,302.6978,303.5108,304.2827,305.0143,305.7063,306.3592,306.9737,307.5502,308.0893,308.5914,309.057,309.4863,309.8798,310.2378,310.5605,310.8483,311.1013,311.3197,311.5038,311.6536,311.7694,311.8511,311.8989,311.9128,311.8929,311.8391,311.7514,311.6298,311.4742,311.2845,311.0605,310.8022,310.5094,310.1818,309.8192,309.4214,308.9881,308.5189,308.0134,307.4714,306.8924,306.2758,305.6212,304.928,304.1956,303.4233,302.6105,301.7563,300.86,299.9205,298.9371,297.9087,296.8342,295.7125,294.5424,293.3229,292.0528,290.731,289.3567,287.9293,286.4486,284.9156,283.3327,281.7053,280.0439,278.3666,276.6884,275.0073,273.2768
287.0,275.4956,276.5204,277.9192,279.5356,281.2523,282.9836,284.676,286.305,287.8621,289.347,290.7628,292.1138,293.4039,294.6369,295.8159,296.9435,298.0217,299.0524,300.037,300.9768,301.8729,302.7262,303.5378,304.3082,305.0384,305.7289,306.3805,306.9935,307.5687,308.1064,308.6071,309.0713,309.4993,309.8914,310.248,310.5694,310.8558,311.1075,311.3246,311.5074,311.6559,311.7703,311.8508,311.8973,311.9099,311.8887,311.8336,311.7446,311.6217,311.4649,311.2739,311.0487,310.7892,310.4951,310.1663,309.8025,309.4034,308.9689,308.4985,307.9919,307.4486,306.8684,306.2506,305.5948,304.9005,304.1669,303.3935,302.5796,301.7243,300.8268,299.8863,298.9018,297.8724,296.7968,295.6741,294.5031,293.2827,292.0118,290.6892,289.3142,287.8861,286.4049,284.8715,283.2884,281.6611,280.0001,278.3236,276.6467,274.9663,273.2176
288.0,275.5628,276.5933,277.9917,279.6038,281.3153,283.0416,284.7301,286.3559,287.9105,289.3934,290.8075,292.1568,293.4454,294.677,295.8545,296.9806,298.0573,299.0865,300.0697,301.008,301.9026,302.7545,303.5646,304.3336,305.0624,305.7515,306.4016,307.0133,307.587,308.1234,308.6227,309.0855,309.5122,309.903,310.2582,310.5783,310.8634,311.1137,311.3295,311.511,311.6582,311.7713,311.8505,311.8957,311.907,311.8845,311.8282,311.7379,311.6138,311.4557,311.2635,311.037,310.7762,310.4809,310.1509,309.7858,309.3856,308.9498,308.4782,307.9704,307.426,306.8446,306.2256,305.5687,304.8732,304.1385,303.3639,302.5488,301.6924,300.7939,299.8523,298.8667,297.8362,296.7597,295.636,294.4641,293.2427,291.9709,290.6475,289.2718,287.8431,286.3613,284.8276,283.2443,281.617,279.9565,278.2807,276.605,274.925,273.1533
289.0,275.6296,276.6657,278.0635,279.6714,281.3778,283.0994,284.7839,286.4066,287.9587,289.4396,290.8519,292.1997,293.4867,294.7168,295.8929,297.0175,298.0928,299.1205,300.1022,301.039,301.9322,302.7827,303.5913,304.3589,305.0863,305.774,306.4227,307.033,307.6054,308.1403,308.6383,309.0998,309.5251,309.9145,310.2685,310.5872,310.871,311.12,311.3345,311.5146,311.6605,311.7724,311.8502,311.8942,311.9042,311.8804,311.8228,311.7313,311.6059,311.4466,311.2531,311.0254,310.7634,310.4669,310.1356,309.7694,309.3679,308.9309,308.4581,307.9491,307.4035,306.8209,306.2008,305.5427,304.846,304.1102,303.3345,302.5183,301.6608,300.7611,299.8185,298.8318,297.8003,296.7227,295.5981,294.4252,293.203,291.9303,290.6061,289.2296,287.8002,286.318,284.7838,283.2004,281.5732,279.913,278.2379,276.5633,274.8834,273.082
290.0,275.6959,276.7375,278.1346,279.7383,281.4398,283.1567,284.8373,286.4569,288.0066,289.4855,290.8961,292.2422,293.5278,294.7564,295.931,297.0542,298.128,299.1543,300.1345,301.0699,301.9617,302.8107,303.6179,304.3841,305.1101,305.7964,306.4437,307.0526,307.6236,308.1572,308.6539,309.114,309.5379,309.9261,310.2787,310.5961,310.8785,311.1263,311.3394,311.5183,311.6629,311.7735,311.85,311.8927,311.9015,311.8764,311.8176,311.7248,311.5982,311.4376,311.2429,311.014,310.7507,310.453,310.1205,309.753,309.3503,308.9122,308.4382,307.928,307.3812,306.7974,306.1761,305.5169,304.8191,304.0821,303.3053,302.4879,301.6293,300.7286,299.7848,298.7972,297.7646,296.686,295.5603,294.3865,293.1634,291.8898,290.5649,289.1877,287.7576,286.2749,284.7403,283.1566,281.5295,279.8696,278.1951,276.5215,274.8413,273.001
291.0,275.7616,276.8085,278.2051,279.8047,281.5013,283.2137,284.8904,286.507,288.0543,289.5311,290.94,292.2845,293.5686,294.7958,295.9689,297.0907,298.1631,299.1879,300.1667,301.1007,301.991,302.8386,303.6444,304.4092,305.1338,305.8187,306.4646,307.0722,307.6418,308.1741,308.6694,309.1282,309.5508,309.9376,310.2889,310.605,310.8861,311.1325,311.3444,311.522,311.6653,311.7746,311.8499,311.8913,311.8988,311.8725,311.8124,311.7184,311.5905,311.4287,311.2328,311.0026,310.7382,310.4392,310.1055,309.7368,309.333,308.8936,308.4184,307.907,307.3591,306.7741,306.1517,305.4913,304.7923,304.0542,303.2762,302.4578,301.5981,300.6962,299.7514,298.7627,297.7291,296.6495,295.5229,294.3481,293.1241,291.8497,290.5239,289.1459,287.7153,286.2319,284.697,283.1131,281.486,279.8264,278.1523,276.4797,274.7985,272.9049
292.0,275.8267,276.8789,278.2747,279.8704,281.5624,283.2702,284.9432,286.5567,288.1016,289.5765,290.9836,292.3266,293.6092,294.8349,296.0066,297.1269,298.1979,299.2213,300.1987,301.1312,302.0201,302.8663,303.6708,304.4342,305.1573,305.8409,306.4855,307.0917,307.66,308.1909,308.6849,309.1423,309.5636,309.9491,310.2991,310.6139,310.8937,311.1389,311.3495,311.5257,311.6678,311.7758,311.8499,311.89,311.8963,311.8687,311.8073,311.7121,311.583,311.4199,311.2228,310.9914,310.7257,310.4255,310.0906,309.7208,309.3157,308.8752,308.3988,307.8862,307.3371,306.751,306.1274,305.4659,304.7657,304.0265,303.2474,302.4279,301.5671,300.6641,299.7183,298.7285,297.6938,296.6132,295.4856,294.3099,293.085,291.8097,290.4831,289.1045,287.6731,286.1893,284.6539,283.0697,281.4426,279.7833,278.1097,276.4379,274.7549,272.7809
293.0,275.8913,276.9485,278.3437,279.9355,281.6229,283.3263,284.9956,286.6061,288.1486,289.6215,291.0269,292.3683,293.6495,294.8737,296.044,297.1629,298.2325,299.2545,300.2305,301.1616,302.0491,302.894,303.697,304.459,305.1808,305.863,306.5062,307.1111,307.678,308.2076,308.7003,309.1564,309.5764,309.9606,310.3093,310.6228,310.9013,311.1452,311.3545,311.5295,311.6703,311.7771,311.8499,311.8887,311.8938,311.865,311.8024,311.7059,311.5756,311.4113,311.2129,310.9803,310.7135,310.4121,310.076,309.7049,309.2987,308.8569,308.3794,307.8657,307.3154,306.7281,306.1034,305.4407,304.7394,303.999,303.2189,302.3982,301.5363,300.6323,299.6853,298.6945,297.6588,296.5772,295.4487,294.272,293.0461,291.77,290.4427,289.0632,287.6312,286.1468,284.611,283.0266,281.3995,279.7403,278.0671,276.3959,274.7093,272.577
294.0,275.9552,277.0173,278.4118,279.9999,281.6828,283.3819,285.0475,286.6551,288.1952,289.6662,291.0699,292.4098,293.6895,294.9123,296.0812,297.1987,298.2669,299.2875,300.2621,301.1919,302.078,302.9214,303.7231,304.4837,305.2042,305.885,306.5269,307.1304,307.6961,308.2243,308.7156,309.1705,309.5892,309.972,310.3195,310.6317,310.909,311.1515,311.3596,311.5334,311.6729,311.7784,311.8499,311.8876,311.8914,311.8613,311.7975,311.6998,311.5683,311.4027,311.2032,310.9694,310.7013,310.3987,310.0614,309.6892,309.2818,308.8389,308.3602,307.8453,307.2938,306.7054,306.0795,305.4157,304.7133,303.9718,303.1905,302.3688,301.5057,300.6007,299.6527,298.6608,297.6241,296.5415,295.4119,294.2343,293.0076,291.7306,290.4024,289.0223,287.5896,286.1046,284.5684,282.9837,281.3565,279.6976,278.0245,276.3537,274.6556,271.8598
295.0,276.0184,277.0853,278.4791,280.0635,281.7422,283.4371,285.0991,286.7038,288.2415,289.7105,291.1126,292.4509,293.7292,294.9506,296.1181,297.2343,298.3011,299.3203,300.2935,301.2219,302.1066,302.9487,303.749,304.5083,305.2274,305.9069,306.5475,307.1497,307.714,308.2409,308.731,309.1845,309.6019,309.9835,310.3296,310.6406,310.9166,311.1579,311.3647,311.5372,311.6755,311.7798,311.8501,311.8865,311.8891,311.8578,311.7928,311.6939,311.5611,311.3944,311.1936,310.9586,310.6893,310.3856,310.0471,309.6737,309.2651,308.821,308.3411,307.8251,307.2725,306.6829,306.0559,305.3909,304.6874,303.9448,303.1624,302.3396,301.4755,300.5693,299.6203,298.6274,297.5896,296.506,295.3755,294.197,292.9693,291.6915,290.3625,288.9816,287.5482,286.0627,284.526,282.9411,281.3138,279.6549,277.9821,276.3111,274.5964,271.3319
296.0,276.081,277.1525,278.5455,280.1264,281.801,283.4918,285.1502,286.752,288.2874,289.7545,291.1549,292.4917,293.7686,294.9886,296.1548,297.2695,298.335,299.3529,300.3247,301.2517,302.1351,302.9758,303.7748,304.5327,305.2505,305.9287,306.5679,307.1688,307.7318,308.2575,308.7462,309.1985,309.6146,309.9949,310.3398,310.6495,310.9243,311.1643,311.3699,311.5411,311.6782,311.7812,311.8503,311.8855,311.8868,311.8544,311.7881,311.688,311.554,311.3861,311.1841,310.948,310.6775,310.3726,310.0329,309.6583,309.2486,308.8033,308.3223,307.8051,307.2514,306.6607,306.0325,305.3664,304.6618,303.9181,303.1346,302.3106,301.4455,300.5383,299.5881,298.5942,297.5554,296.4708,295.3394,294.1599,292.9313,291.6526,290.3228,288.9411,287.5072,286.021,284.4839,282.8987,281.2713,279.6125,277.9397,276.2681,274.5335,270.9381
297.0,276.1428,277.2189,278.6111,280.1886,281.8592,283.5459,285.2009,286.7998,288.333,289.7981,291.1969,292.5322,293.8076,295.0263,296.1911,297.3045,298.3686,299.3852,300.3556,301.2813,302.1634,303.0028,303.8004,304.557,305.2735,305.9504,306.5883,307.1879,307.7496,308.274,308.7614,309.2124,309.6273,310.0063,310.35,310.6584,310.9319,311.1707,311.3751,311.5451,311.6809,311.7827,311.8506,311.8846,311.8847,311.851,311.7836,311.6823,311.5471,311.378,311.1748,310.9375,310.6659,310.3598,310.0189,309.6432,309.2323,308.7859,308.3037,307.7854,307.2305,306.6387,306.0094,305.3422,304.6365,303.8916,303.107,302.282,301.4157,300.5075,299.5563,298.5613,297.5215,296.436,295.3035,294.1231,292.8936,291.6141,290.2835,288.901,287.4664,285.9797,284.4421,282.8565,281.229,279.5702,277.8973,276.2245,274.4683,270.6393
298.0,276.2038,277.2843,278.6758,280.2501,281.9167,283.5995,285.251,286.8472,288.3781,289.8413,291.2385,292.5723,293.8464,295.0637,296.2272,297.3393,298.402,299.4172,300.3864,301.3107,302.1914,303.0295,303.8258,304.5812,305.2963,305.9719,306.6085,307.2068,307.7673,308.2904,308.7766,309.2263,309.6399,310.0177,310.3601,310.6673,310.9396,311.1772,311.3803,311.5491,311.6837,311.7843,311.851,311.8837,311.8827,311.8478,311.7792,311.6767,311.5403,311.37,311.1657,310.9272,310.6544,310.3471,310.0051,309.6283,309.2162,308.7687,308.2853,307.7659,307.2099,306.6169,305.9865,305.3182,304.6114,303.8654,303.0797,302.2536,301.3863,300.477,299.5248,298.5287,297.488,296.4014,295.268,294.0866,292.8562,291.5758,290.2444,288.8612,287.4259,285.9386,284.4005,282.8147,281.187,279.5281,277.8551,276.1805,274.4015,270.4078
299.0,276.264,277.3489,278.7395,280.3107,281.9735,283.6525,285.3007,286.8941,288.4228,289.8842,291.2797,292.6121,293.8847,295.1007,296.2629,297.3737,298.4351,299.449,300.4169,301.3399,302.2193,303.0561,303.8511,304.6052,305.319,305.9933,306.6287,307.2257,307.7849,308.3067,308.7917,309.2402,309.6525,310.0291,310.3702,310.6762,310.9473,311.1837,311.3856,311.5532,311.6866,311.786,311.8514,311.883,311.8807,311.8447,311.7749,311.6712,311.5337,311.3622,311.1567,310.9171,310.6431,310.3347,309.9916,309.6135,309.2003,308.7516,308.2672,307.7466,307.1895,306.5954,305.9639,305.2945,304.5865,303.8395,303.0527,302.2256,301.3572,300.4468,299.4935,298.4965,297.4547,296.3671,295.2327,294.0505,292.8192,291.5379,290.2057,288.8217,287.3857,285.8978,284.3593,282.7731,281.1452,279.4862,277.8128,276.136,274.3339,270.2241
300.0,276.3233,277.4125,278.8023,280.3705,282.0297,283.705,285.3499,286.9406,288.467,289.9266,291.3205,292.6515,293.9228,295.1374,296.2983,297.4078,298.468,299.4806,300.4471,301.3689,302.247,303.0825,303.8762,304.629,305.3415,306.0146,306.6487,307.2445,307.8024,308.323,308.8067,309.2539,309.6651,310.0404,310.3804,310.6851,310.955,311.1902,311.3909,311.5573,311.6895,311.7877,311.852,311.8823,311.8789,311.8417,311.7707,311.6659,311.5272,311.3546,311.1479,310.9071,310.632,310.3224,309.9782,309.599,309.1847,308.7349,308.2493,307.7276,307.1693,306.5742,305.9415,305.271,304.562,303.8139,303.026,302.1978,301.3283,300.4169,299.4626,298.4645,297.4217,296.3332,295.1979,294.0146,292.7825,291.5003,290.1673,288.7826,287.3459,285.8574,284.3183,282.7318,281.1036,279.4445,277.7706,276.0911,274.2659,270.0744
301.0,276.3818,277.475,278.8641,280.4295,282.0852,283.7568,285.3985,286.9866,288.5108,289.9686,291.3609,292.6905,293.9604,295.1738,296.3334,297.4416,298.5005,299.5118,300.4771,301.3976,302.2744,303.1086,303.9011,304.6526,305.3639,306.0357,306.6686,307.2631,307.8198,308.3392,308.8217,309.2677,309.6776,310.0518,310.3905,310.6941,310.9627,311.1967,311.3962,311.5614,311.6925,311.7895,311.8526,311.8818,311.8772,311.8388,311.7667,311.6607,311.5209,311.3471,311.1393,310.8973,310.6211,310.3104,309.965,309.5847,309.1692,308.7183,308.2316,307.7088,307.1495,306.5532,305.9195,305.2478,304.5377,303.7885,302.9996,302.1703,301.2998,300.3873,299.432,298.4329,297.3891,296.2996,295.1633,293.9792,292.7461,291.4631,290.1292,288.7438,287.3064,285.8173,284.2777,282.6908,281.0623,279.403,277.7285,276.0457,274.1978,269.9489
302.0,276.4394,277.5366,278.925,280.4877,282.14,283.8081,285.4466,287.0321,288.5542,290.0101,291.4009,292.7291,293.9977,295.2098,296.3681,297.4751,298.5328,299.5428,300.5068,301.4261,302.3017,303.1346,303.9258,304.6761,305.3861,306.0567,306.6883,307.2816,307.8371,308.3553,308.8366,309.2814,309.6901,310.0631,310.4006,310.703,310.9704,311.2033,311.4016,311.5656,311.6955,311.7914,311.8533,311.8814,311.8756,311.8361,311.7628,311.6556,311.5147,311.3398,311.1308,310.8877,310.6104,310.2985,309.952,309.5706,309.154,308.702,308.2142,307.6903,307.1299,306.5325,305.8977,305.225,304.5138,303.7635,302.9736,302.1432,301.2716,300.3581,299.4018,298.4017,297.3569,296.2664,295.1291,293.944,292.7101,291.4262,290.0915,288.7053,287.2672,285.7775,284.2374,282.65,281.0213,279.3617,277.6864,276.0,274.1297,269.8407
303.0,276.4961,277.5972,278.9848,280.5451,282.1941,283.8587,285.4942,287.077,288.597,290.0512,291.4405,292.7672,294.0346,295.2454,296.4025,297.5083,298.5647,299.5735,300.5363,301.4543,302.3286,303.1603,303.9503,304.6994,305.4082,306.0775,306.708,307.3001,307.8543,308.3713,308.8514,309.295,309.7025,310.0743,310.4107,310.7119,310.9782,311.2098,311.407,311.5699,311.6986,311.7933,311.8541,311.881,311.8741,311.8334,311.759,311.6507,311.5086,311.3326,311.1225,310.8783,310.5998,310.2869,309.9393,309.5567,309.1391,308.6859,308.1971,307.672,307.1105,306.5121,305.8762,305.2024,304.4901,303.7388,302.9478,302.1164,301.2438,300.3292,299.3718,298.3708,297.325,296.2335,295.0953,293.9093,292.6744,291.3897,290.0542,288.6672,287.2284,285.7381,284.1974,282.6097,280.9806,279.3207,277.6444,275.9539,274.0619,269.7449
304.0,276.5517,277.6567,279.0436,280.6015,282.2474,283.9087,285.5411,287.1215,288.6394,290.0918,291.4796,292.805,294.071,295.2807,296.4366,297.5411,298.5963,299.6039,300.5655,301.4822,302.3554,303.1859,303.9746,304.7225,305.4301,306.0982,306.7275,307.3183,307.8714,308.3872,308.8661,309.3086,309.7149,310.0856,310.4207,310.7208,310.9859,311.2164,311.4124,311.5742,311.7018,311.7953,311.855,311.8808,311.8727,311.8309,311.7554,311.646,311.5028,311.3256,311.1144,310.8691,310.5895,310.2755,309.9267,309.5431,309.1244,308.6701,308.1802,307.6541,307.0915,306.4919,305.855,305.1801,304.4668,303.7144,302.9224,302.0899,301.2163,300.3007,299.3423,298.3402,297.2934,296.201,295.0618,293.8749,292.6392,291.3536,290.0173,288.6295,287.19,285.699,284.1578,282.5696,280.9402,279.2798,277.6025,275.9074,273.9944,269.6581
305.0,276.6064,277.7151,279.1013,280.6571,282.2999,283.958,285.5875,287.1654,288.6812,290.132,291.5182,292.8423,294.1071,295.3155,296.4702,297.5736,298.6276,299.634,300.5944,301.5099,302.3819,303.2112,303.9987,304.7454,305.4518,306.1188,306.7468,307.3365,307.8884,308.4031,308.8808,309.3221,309.7273,310.0968,310.4308,310.7297,310.9937,311.223,311.4179,311.5785,311.705,311.7974,311.8559,311.8806,311.8715,311.8286,311.7519,311.6414,311.4971,311.3188,311.1065,310.8601,310.5794,310.2643,309.9145,309.5298,309.1099,308.6546,308.1636,307.6364,307.0727,306.4721,305.8341,305.1582,304.4438,303.6904,302.8973,302.0638,301.1891,300.2725,299.3131,298.31,297.2623,296.1689,295.0288,293.8409,292.6043,291.3178,289.9807,288.5922,287.1519,285.6603,284.1186,282.5299,280.9001,279.2392,277.5606,275.8607,273.9273,269.5778
306.0,276.66,277.7723,279.158,280.7118,282.3517,284.0066,285.6332,287.2087,288.7225,290.1716,291.5564,292.8792,294.1427,295.35,296.5035,297.6057,298.6585,299.6638,300.623,301.5374,302.4081,303.2362,304.0226,304.7681,305.4734,306.1391,306.766,307.3546,307.9053,308.4188,308.8954,309.3355,309.7396,310.1079,310.4408,310.7386,311.0015,311.2297,311.4235,311.5829,311.7083,311.7996,311.857,311.8806,311.8703,311.8263,311.7485,311.6369,311.4915,311.3122,311.0988,310.8513,310.5695,310.2533,309.9024,309.5166,309.0957,308.6393,308.1472,307.619,307.0542,306.4526,305.8135,305.1366,304.4211,303.6667,302.8725,302.038,301.1623,300.2447,299.2843,298.2802,297.2315,296.1371,294.9961,293.8073,292.5698,291.2825,289.9445,288.5552,287.1143,285.622,284.0797,282.4905,280.8603,279.1988,277.5188,275.8137,273.8606,269.5021
307.0,276.7126,277.8285,279.2135,280.7656,282.4026,284.0545,285.6784,287.2514,288.7633,290.2107,291.5941,292.9156,294.1779,295.384,296.5364,297.6374,298.6891,299.6932,300.6513,301.5645,302.4341,303.261,304.0463,304.7906,305.4947,306.1593,306.7851,307.3725,307.9221,308.4344,308.9099,309.3489,309.7518,310.119,310.4508,310.7475,311.0093,311.2364,311.429,311.5874,311.7116,311.8019,311.8582,311.8806,311.8693,311.8242,311.7453,311.6327,311.4861,311.3057,311.0913,310.8427,310.5599,310.2426,309.8906,309.5038,309.0818,308.6243,308.1312,307.6019,307.0361,306.4334,305.7933,305.1153,304.3988,303.6433,302.8481,302.0126,301.1359,300.2173,299.2559,298.2508,297.2011,296.1058,294.9638,293.7741,292.5357,291.2475,289.9088,288.5187,287.077,285.5841,284.0412,282.4515,280.8208,279.1587,277.4771,275.7665,273.7944,269.43
308.0,276.7641,277.8834,279.268,280.8184,282.4528,284.1017,285.7229,287.2936,288.8035,290.2493,291.6313,292.9515,294.2127,295.4176,296.5689,297.6688,298.7194,299.7224,300.6792,301.5913,302.4598,303.2856,304.0697,304.8129,305.5159,306.1793,306.804,307.3902,307.9388,308.45,308.9243,309.3622,309.764,310.1301,310.4608,310.7564,311.017,311.2431,311.4346,311.5919,311.7151,311.8042,311.8594,311.8808,311.8684,311.8222,311.7423,311.6285,311.481,311.2995,311.084,310.8343,310.5504,310.2321,309.879,309.4911,309.0681,308.6096,308.1154,307.5851,307.0182,306.4145,305.7733,305.0943,304.3768,303.6203,302.8241,301.9875,301.1098,300.1902,299.2279,298.2218,297.1712,296.0749,294.932,293.7414,292.5021,291.213,289.8734,288.4826,287.0402,285.5465,284.0031,282.4128,280.7816,279.1188,277.4355,275.7191,273.7286,269.3605
309.0,276.8145,277.9372,279.3214,280.8703,282.5022,284.1482,285.7667,287.3352,288.8432,290.2874,291.668,292.987,294.247,295.4508,296.601,297.6998,298.7493,299.7511,300.7069,301.6179,302.4852,303.3099,304.0929,304.8349,305.5368,306.1992,306.8227,307.4079,307.9553,308.4654,308.9386,309.3754,309.7762,310.1412,310.4708,310.7652,311.0248,311.2498,311.4403,311.5965,311.7186,311.8066,311.8608,311.8811,311.8676,311.8204,311.7394,311.6246,311.4759,311.2934,311.0768,310.8262,310.5412,310.2218,309.8677,309.4788,309.0547,308.5952,308.0999,307.5686,307.0007,306.3959,305.7538,305.0737,304.3552,303.5977,302.8005,301.9629,301.0842,300.1636,299.2002,298.1932,297.1416,296.0444,294.9005,293.709,292.4688,291.179,289.8385,288.4469,287.0037,285.5094,283.9654,282.3746,280.7428,279.0792,277.394,275.6716,273.6632,269.293
310.0,276.8637,277.9898,279.3736,280.9213,282.5507,284.1939,285.8099,287.3761,288.8823,290.325,291.7042,293.022,294.2808,295.4835,296.6326,297.7304,298.7788,299.7796,300.7342,301.6441,302.5104,303.334,304.1158,304.8568,305.5576,306.2189,306.8413,307.4254,307.9717,308.4807,308.9529,309.3886,309.7882,310.1522,310.4807,310.7741,311.0326,311.2565,311.4459,311.6011,311.7221,311.8091,311.8622,311.8815,311.867,311.8187,311.7366,311.6208,311.4711,311.2875,311.0699,310.8182,310.5322,310.2118,309.8567,309.4667,309.0416,308.5811,308.0848,307.5524,306.9835,306.3777,305.7345,305.0535,304.334,303.5754,302.7772,301.9386,301.0589,300.1374,299.173,298.165,297.1125,296.0143,294.8695,293.6771,292.436,291.1453,289.8041,288.4116,286.9677,285.4728,283.9281,282.3367,280.7043,279.0399,277.3526,275.624,273.5983,269.2271
311.0,276.9117,278.0411,279.4247,280.9713,282.5983,284.2389,285.8523,287.4164,288.9208,290.3619,291.7399,293.0564,294.3142,295.5158,296.6639,297.7605,298.8079,299.8076,300.7612,301.6701,302.5352,303.3578,304.1385,304.8784,305.5781,306.2383,306.8597,307.4427,307.9879,308.4959,308.967,309.4017,309.8003,310.1631,310.4906,310.783,311.0404,311.2633,311.4517,311.6058,311.7257,311.8117,311.8638,311.882,311.8664,311.8171,311.734,311.6172,311.4664,311.2818,311.0632,310.8105,310.5234,310.202,309.8459,309.4549,309.0288,308.5672,308.0699,307.5365,306.9666,306.3598,305.7156,305.0336,304.3131,303.5535,302.7543,301.9148,301.0341,300.1115,299.1462,298.1373,297.0838,295.9847,294.839,293.6457,292.4037,291.1121,289.77,288.3768,286.9322,285.4365,283.8912,282.2992,280.6662,279.0008,277.3113,275.5762,273.5306,269.1615
312.0,276.9585,278.0911,279.4747,281.0203,282.6451,284.2831,285.8941,287.4561,288.9587,290.3984,291.775,293.0904,294.3471,295.5477,296.6946,297.7903,298.8366,299.8353,300.7879,301.6957,302.5598,303.3813,304.161,304.8998,305.5985,306.2576,306.8779,307.4599,308.0041,308.511,308.981,309.4146,309.8122,310.1741,310.5005,310.7918,311.0482,311.27,311.4574,311.6105,311.7294,311.8144,311.8654,311.8826,311.866,311.8157,311.7316,311.6137,311.462,311.2763,311.0567,310.803,310.5149,310.1925,309.8353,309.4433,309.0162,308.5537,308.0554,307.521,306.9501,306.3423,305.6971,305.014,304.2925,303.532,302.7318,301.8913,301.0097,300.0861,299.1199,298.11,297.0555,295.9555,294.8089,293.6147,292.3718,291.0794,289.7365,288.3425,286.8971,285.4007,283.8547,282.2622,280.6285,278.9621,277.2702,275.5281,273.4587,269.0949
313.0,277.0041,278.1398,279.5235,281.0683,282.691,284.3266,285.9352,287.4951,288.996,290.4342,291.8096,293.1238,294.3794,295.579,296.725,297.8197,298.865,299.8627,300.8142,301.721,302.5841,303.4045,304.1832,304.921,305.6186,306.2767,306.8959,307.4769,308.02,308.5259,308.995,309.4276,309.8241,310.1849,310.5103,310.8006,311.0561,311.2768,311.4632,311.6152,311.7332,311.8171,311.8672,311.8833,311.8658,311.8144,311.7293,311.6104,311.4577,311.2711,311.0504,310.7957,310.5066,310.1832,309.8251,309.4321,309.004,308.5404,308.0411,307.5057,306.9339,306.3251,305.6789,304.9949,304.2724,303.5109,302.7098,301.8682,300.9856,300.0612,299.0939,298.0831,297.0277,295.9267,294.7792,293.5841,292.3404,291.0471,289.7034,288.3086,286.8625,285.3654,283.8187,282.2255,280.5911,278.9236,277.2293,275.4798,273.3818,269.0264
314.0,277.0484,278.1873,279.5712,281.1152,282.736,284.3692,285.9756,287.5335,289.0327,290.4695,291.8436,293.1567,294.4113,295.6099,296.7549,297.8486,298.8929,299.8896,300.8402,301.7459,302.608,303.4274,304.2051,304.9419,305.6385,306.2956,306.9138,307.4937,308.0359,308.5407,309.0088,309.4404,309.8359,310.1957,310.5201,310.8094,311.0639,311.2836,311.469,311.6201,311.737,311.8199,311.869,311.8842,311.8656,311.8133,311.7272,311.6073,311.4536,311.266,311.0444,310.7886,310.4986,310.1742,309.8151,309.4211,308.992,308.5275,308.0272,307.4909,306.918,306.3083,305.6611,304.9761,304.2527,303.4902,302.6881,301.8456,300.9621,300.0366,299.0685,298.0567,297.0003,295.8985,294.7501,293.5541,292.3095,291.0153,289.6708,288.2752,286.8283,285.3305,283.7832,282.1893,280.5542,278.8855,277.1885,275.4311,273.2985,268.9546
315.0,277.0915,278.2334,279.6177,281.1612,282.7802,284.4111,286.0152,287.5712,289.0688,290.5041,291.877,293.1891,294.4427,295.6403,296.7843,297.8771,298.9204,299.9162,300.8658,301.7705,302.6316,303.4501,304.2267,304.9625,305.6581,306.3142,306.9315,307.5104,308.0516,308.5554,309.0225,309.4531,309.8476,310.2065,310.5299,310.8182,311.0717,311.2905,311.4748,311.6249,311.7409,311.8229,311.8709,311.8851,311.8656,311.8123,311.7252,311.6044,311.4497,311.2611,311.0385,310.7818,310.4908,310.1654,309.8053,309.4104,308.9803,308.5149,308.0136,307.4763,306.9025,306.2918,305.6437,304.9577,304.2333,303.4699,302.6668,301.8234,300.9389,300.0125,299.0434,298.0307,296.9735,295.8707,294.7214,293.5245,292.279,290.984,289.6387,288.2423,286.7947,285.2962,283.7481,282.1535,280.5176,278.8477,277.1478,275.3818,273.207,268.8783
316.0,277.1332,278.2781,279.6631,281.2062,282.8234,284.4521,286.0541,287.6082,289.1041,290.5381,291.9099,293.2209,294.4735,295.6702,296.8133,297.9051,298.9475,299.9423,300.891,301.7948,302.6549,303.4724,304.2481,304.9829,305.6775,306.3327,306.9489,307.5269,308.0671,308.57,309.0361,309.4657,309.8593,310.2172,310.5396,310.827,311.0795,311.2973,311.4807,311.6298,311.7448,311.8258,311.8729,311.8862,311.8657,311.8114,311.7234,311.6016,311.446,311.2564,311.0329,310.7752,310.4833,310.1569,309.7959,309.4,308.969,308.5026,308.0004,307.4621,306.8873,306.2757,305.6266,304.9397,304.2144,303.45,302.646,301.8016,300.9162,299.9889,299.0189,298.0052,296.9471,295.8434,294.6932,293.4954,292.2491,290.9533,289.6071,288.2099,286.7615,285.2623,283.7135,282.1182,280.4815,278.8102,277.1073,275.3317,273.1043,268.7957
317.0,277.1735,278.3215,279.7073,281.2501,282.8657,284.4923,286.0922,287.6445,289.1389,290.5716,291.9422,293.2522,294.5038,295.6995,296.8418,297.9327,298.9742,299.9681,300.9158,301.8187,302.6779,303.4944,304.2692,305.003,305.6967,306.3509,306.9662,307.5432,308.0825,308.5844,309.0495,309.4782,309.8709,310.2278,310.5493,310.8357,311.0872,311.3041,311.4866,311.6348,311.7488,311.8289,311.8751,311.8874,311.8659,311.8107,311.7218,311.599,311.4424,311.2519,311.0275,310.7689,310.476,310.1487,309.7867,309.3899,308.9579,308.4906,307.9875,307.4482,306.8725,306.2599,305.61,304.9221,304.1958,303.4305,302.6256,301.7803,300.8939,299.9657,298.9947,297.9802,296.9211,295.8166,294.6655,293.4668,292.2196,290.923,289.576,288.178,286.7288,285.2289,283.6794,282.0834,280.4457,278.773,277.0668,275.2805,272.9845,268.7039
318.0,277.2125,278.3635,279.7503,281.293,282.907,284.5316,286.1296,287.6801,289.173,290.6044,291.9738,293.2829,294.5336,295.7284,296.8698,297.9598,299.0005,299.9934,300.9403,301.8422,302.7005,303.5161,304.29,305.0229,305.7157,306.3689,306.9833,307.5594,308.0977,308.5987,309.0629,309.4907,309.8824,310.2383,310.5589,310.8444,311.095,311.311,311.4925,311.6398,311.7529,311.832,311.8773,311.8887,311.8663,311.8102,311.7203,311.5966,311.4391,311.2477,311.0223,310.7628,310.469,310.1407,309.7778,309.3801,308.9472,308.4789,307.9749,307.4347,306.8581,306.2446,305.5937,304.9049,304.1777,303.4115,302.6056,301.7594,300.8721,299.943,298.9711,297.9557,296.8957,295.7902,294.6383,293.4388,292.1907,290.8932,289.5454,288.1466,286.6967,285.196,283.6458,282.049,280.4104,278.7362,277.0265,275.2276,272.8344,268.5973
319.0,277.2501,278.4041,279.7921,281.3348,282.9475,284.5701,286.1661,287.7149,289.2064,290.6365,292.0049,293.313,294.5628,295.7568,296.8973,297.9864,299.0262,300.0184,300.9643,301.8654,302.7228,303.5375,304.3105,305.0425,305.7343,306.3867,307.0002,307.5753,308.1127,308.6128,309.0761,309.503,309.8938,310.2488,310.5685,310.8531,311.1028,311.3178,311.4985,311.6448,311.757,311.8353,311.8796,311.8901,311.8668,311.8098,311.7189,311.5944,311.4359,311.2436,311.0173,310.7569,310.4622,310.133,309.7692,309.3706,308.9368,308.4676,307.9626,307.4216,306.844,306.2296,305.5778,304.8881,304.16,303.3929,302.5861,301.739,300.8508,299.9207,298.948,297.9316,296.8708,295.7644,294.6116,293.4112,292.1623,290.864,289.5153,288.1158,286.6651,285.1636,283.6127,282.0151,280.3756,278.6997,276.9861,275.1713,272.6076,268.459
320.0,277.2863,278.4433,279.8328,281.3756,282.9869,284.6078,286.2019,287.7491,289.2391,290.668,292.0354,293.3425,294.5914,295.7846,296.9242,298.0126,299.0516,300.0429,300.988,301.8882,302.7448,303.5586,304.3307,305.0618,305.7528,306.4042,307.0168,307.5911,308.1276,308.6268,309.0892,309.5152,309.9051,310.2593,310.5781,310.8617,311.1105,311.3247,311.5044,311.6499,311.7612,311.8386,311.882,311.8916,311.8674,311.8095,311.7178,311.5923,311.433,311.2398,311.0126,310.7513,310.4557,310.1256,309.7609,309.3614,308.9267,308.4566,307.9507,307.4088,306.8304,306.215,305.5623,304.8717,304.1427,303.3747,302.567,301.719,300.8299,299.899,298.9253,297.9081,296.8463,295.7391,294.5854,293.3842,292.1344,290.8353,289.4858,288.0855,286.634,285.1318,283.5801,281.9817,280.3411,278.6635,276.9452,275.0993,271.8572,268.1545
321.0,277.321,278.481,279.8723,281.4153,283.0254,284.6446,286.2369,287.7824,289.2711,290.6988,292.0652,293.3714,294.6195,295.8118,296.9507,298.0383,299.0765,300.067,301.0112,301.9106,302.7663,303.5793,304.3505,305.0808,305.7709,306.4215,307.0332,307.6066,308.1423,308.6406,309.1022,309.5273,309.9163,310.2696,310.5875,310.8703,311.1183,311.3316,311.5104,311.655,311.7655,311.8419,311.8845,311.8932,311.8682,311.8094,311.7168,311.5904,311.4302,311.2362,311.0081,310.7459,310.4494,310.1185,309.7529,309.3525,308.9169,308.4459,307.9392,307.3964,306.817,306.2008,305.5472,304.8557,304.1258,303.3569,302.5484,301.6995,300.8095,299.8777,298.9031,297.885,296.8224,295.7143,294.5598,293.3577,292.1071,290.8071,289.4568,288.0557,286.6035,285.1005,283.548,281.9488,280.3072,278.6277,276.9036,275.0202,271.4227,267.8181
322.0,277.3543,278.5173,279.9106,281.4539,283.063,284.6805,286.2711,287.8151,289.3024,290.729,292.0944,293.3997,294.647,295.8386,296.9767,298.0635,299.1009,300.0906,301.0341,301.9327,302.7875,303.5997,304.3701,305.0995,305.7888,306.4386,307.0494,307.622,308.1568,308.6543,309.115,309.5392,309.9274,310.2799,310.5969,310.8789,311.126,311.3384,311.5164,311.6602,311.7698,311.8454,311.8871,311.895,311.869,311.8094,311.7159,311.5887,311.4277,311.2327,311.0038,310.7407,310.4434,310.1116,309.7452,309.3439,308.9074,308.4356,307.928,307.3843,306.8041,306.187,305.5325,304.8402,304.1094,303.3396,302.5302,301.6804,300.7896,299.8569,298.8815,297.8625,296.799,295.6901,294.5347,293.3317,292.0803,290.7795,289.4284,288.0265,286.5735,285.0697,283.5165,281.9164,280.2737,278.5921,276.8612,274.9378,271.1364,267.4996
323.0,277.3861,278.5522,279.9478,281.4915,283.0996,284.7155,286.3045,287.847,289.333,290.7585,292.1229,293.4274,294.6739,295.8647,297.0021,298.0882,299.1248,300.1138,301.0565,301.9543,302.8084,303.6198,304.3893,305.118,305.8064,306.4554,307.0654,307.6372,308.1711,308.6678,309.1277,309.5511,309.9384,310.2901,310.6063,310.8874,311.1337,311.3453,311.5225,311.6654,311.7741,311.8489,311.8898,311.8968,311.8701,311.8095,311.7153,311.5872,311.4253,311.2295,310.9997,310.7358,310.4377,310.105,309.7377,309.3356,308.8983,308.4256,307.9171,307.3726,306.7915,306.1736,305.5183,304.8251,304.0934,303.3228,302.5125,301.6619,300.7701,299.8366,298.8603,297.8405,296.7762,295.6664,294.5101,293.3063,292.0541,290.7525,289.4006,287.9979,286.5441,285.0395,283.4855,281.8846,280.2406,278.5567,276.8182,274.854,270.9241,267.2142
324.0,277.4164,278.5857,279.9837,281.5279,283.1351,284.7496,286.3371,287.8781,289.3629,290.7873,292.1508,293.4545,294.7003,295.8903,297.027,298.1124,299.1483,300.1365,301.0785,301.9755,302.8288,303.6394,304.4082,305.1361,305.8237,306.4719,307.0811,307.6521,308.1853,308.6811,309.1402,309.5628,309.9493,310.3002,310.6156,310.8959,311.1413,311.3521,311.5285,311.6706,311.7785,311.8525,311.8925,311.8988,311.8712,311.8098,311.7148,311.5859,311.4232,311.2265,310.9959,310.7312,310.4322,310.0987,309.7306,309.3276,308.8895,308.4159,307.9067,307.3613,306.7794,306.1606,305.5044,304.8104,304.0779,303.3064,302.4952,301.6438,300.7512,299.8168,298.8397,297.819,296.7538,295.6432,294.4861,293.2815,292.0285,290.726,289.3733,287.9698,286.5152,285.0099,283.4551,281.8532,280.208,278.5216,276.7745,274.7699,270.7522,266.9634
325.0,277.4451,278.6177,280.0184,281.5633,283.1697,284.7828,286.3688,287.9084,289.392,290.8155,292.1781,293.481,294.726,295.9154,297.0514,298.136,299.1713,300.1588,301.1,301.9964,302.8489,303.6588,304.4268,305.1539,305.8408,306.4882,307.0966,307.6668,308.1992,308.6943,309.1526,309.5744,309.9601,310.3102,310.6248,310.9043,311.149,311.359,311.5345,311.6758,311.783,311.8561,311.8954,311.9008,311.8724,311.8103,311.7144,311.5847,311.4212,311.2238,310.9923,310.7268,310.427,310.0927,309.7238,309.32,308.881,308.4066,307.8965,307.3503,306.7676,306.148,305.491,304.7961,304.0628,303.2905,302.4785,301.6262,300.7328,299.7975,298.8196,297.7981,296.732,295.6206,294.4626,293.2572,292.0034,290.7001,289.3466,287.9423,286.487,284.9808,283.4252,281.8224,280.1759,278.4867,276.7302,274.686,270.6049,266.7441
326.0,277.4723,278.6484,280.052,281.5976,283.2033,284.8151,286.3996,287.938,289.4204,290.8429,292.2047,293.5068,294.7511,295.9398,297.0752,298.1592,299.1937,300.1806,301.1211,302.0168,302.8686,303.6777,304.4451,305.1714,305.8575,306.5042,307.1119,307.6813,308.2129,308.7073,309.1648,309.5858,309.9708,310.3201,310.634,310.9127,311.1566,311.3658,311.5406,311.6811,311.7875,311.8599,311.8983,311.903,311.8738,311.8109,311.7142,311.5837,311.4194,311.2212,310.989,310.7226,310.422,310.0869,309.7172,309.3126,308.8729,308.3977,307.8868,307.3397,306.7562,306.1358,305.478,304.7823,304.0481,303.275,302.4622,301.609,300.7148,299.7787,298.8,297.7776,296.7108,295.5985,294.4398,293.2335,291.9789,290.6748,289.3205,287.9154,286.4593,284.9524,283.3959,281.7922,280.1443,278.452,276.6855,274.6029,270.4741,266.5518
327.0,277.4979,278.6776,280.0843,281.6308,283.2359,284.8465,286.4297,287.9667,289.4481,290.8696,292.2306,293.532,294.7756,295.9637,297.0984,298.1818,299.2157,300.2019,301.1418,302.0367,302.8879,303.6963,304.4629,305.1886,305.874,306.5199,307.1269,307.6956,308.2265,308.7201,309.1768,309.5971,309.9814,310.3299,310.643,310.921,311.1642,311.3726,311.5467,311.6864,311.792,311.8637,311.9014,311.9052,311.8753,311.8116,311.7142,311.5829,311.4178,311.2189,310.9859,310.7187,310.4173,310.0815,309.711,309.3056,308.865,308.3891,307.8774,307.3295,306.7452,306.124,305.4654,304.7689,304.0339,303.26,302.4464,301.5924,300.6974,299.7605,298.7809,297.7578,296.6901,295.577,294.4174,293.2104,291.9549,290.6501,289.295,287.8891,286.4322,284.9245,283.3672,281.7625,280.1131,278.4176,276.6405,274.5206,270.3554,266.382
328.0,277.522,278.7054,280.1154,281.6628,283.2675,284.877,286.4589,287.9947,289.475,290.8956,292.2558,293.5565,294.7995,295.987,297.1211,298.2039,299.2372,300.2227,301.162,302.0563,302.9068,303.7146,304.4805,305.2054,305.8901,306.5353,307.1416,307.7096,308.2398,308.7327,309.1887,309.6083,309.9918,310.3396,310.652,310.9293,311.1717,311.3794,311.5527,311.6917,311.7966,311.8675,311.9045,311.9076,311.8769,311.8125,311.7143,311.5823,311.4165,311.2167,310.983,310.7151,310.4129,310.0763,309.705,309.2989,308.8576,308.3808,307.8683,307.3197,306.7346,306.1126,305.4532,304.7559,304.0202,303.2454,302.431,301.5763,300.6804,299.7428,298.7624,297.7384,296.67,295.5561,294.3957,293.1879,291.9316,290.626,289.2701,287.8635,286.4058,284.8973,283.3391,281.7334,280.0824,278.3833,276.5952,274.4394,270.2462,266.2309
329.0,277.5444,278.7317,280.1453,281.6938,283.2981,284.9065,286.4872,288.0219,289.5011,290.9209,292.2803,293.5804,294.8228,296.0097,297.1432,298.2254,299.2581,300.2431,301.1817,302.0754,302.9253,303.7324,304.4977,305.2219,305.906,306.5505,307.1561,307.7234,308.2529,308.7451,309.2004,309.6193,310.0021,310.3492,310.6609,310.9375,311.1792,311.3862,311.5588,311.6971,311.8013,311.8714,311.9077,311.9101,311.8787,311.8135,311.7146,311.5818,311.4153,311.2148,310.9803,310.7117,310.4088,310.0714,309.6994,309.2925,308.8504,308.3729,307.8597,307.3103,306.7244,306.1017,305.4415,304.7434,304.0069,303.2314,302.4162,301.5607,300.664,299.7256,298.7444,297.7196,296.6504,295.5357,294.3746,293.166,291.9089,290.6025,289.2458,287.8384,286.3799,284.8706,283.3116,281.7048,280.0521,278.3493,276.5496,274.3595,270.1447,266.0954
330.0,277.5652,278.7567,280.174,281.7237,283.3277,284.9351,286.5146,288.0482,289.5265,290.9454,292.3041,293.6036,294.8454,296.0318,297.1647,298.2464,299.2786,300.263,301.201,302.0941,302.9434,303.7498,304.5145,305.2381,305.9215,306.5654,307.1703,307.737,308.2658,308.7573,309.212,309.6302,310.0123,310.3587,310.6697,310.9456,311.1866,311.393,311.5648,311.7025,311.8059,311.8754,311.9109,311.9126,311.8805,311.8146,311.715,311.5816,311.4143,311.2131,310.9779,310.7085,310.4049,310.0668,309.694,309.2864,308.8436,308.3654,307.8514,307.3013,306.7146,306.0911,305.4302,304.7314,303.9941,303.2178,302.4018,301.5455,300.6481,299.7089,298.7269,297.7014,296.6314,295.5159,294.354,293.1446,291.8868,290.5796,289.2222,287.814,286.3547,284.8446,283.2847,281.6768,280.0224,278.3155,276.504,274.2808,270.0498,265.9726
331.0,277.5844,278.7803,280.2015,281.7524,283.3562,284.9627,286.5412,288.0737,289.5511,290.9692,292.3273,293.6261,294.8674,296.0532,297.1857,298.2668,299.2985,300.2823,301.2198,302.1123,302.961,303.7669,304.5309,305.2539,305.9367,306.58,307.1843,307.7503,308.2784,308.7693,309.2233,309.6409,310.0224,310.3681,310.6785,310.9537,311.194,311.3997,311.5709,311.7078,311.8106,311.8794,311.9143,311.9153,311.8825,311.8159,311.7156,311.5814,311.4135,311.2116,310.9756,310.7056,310.4012,310.0624,309.689,309.2806,308.8371,308.3581,307.8434,307.2926,306.7053,306.081,305.4193,304.7198,303.9817,303.2047,302.388,301.5309,300.6328,299.6928,298.7101,297.6838,296.613,295.4967,294.334,293.1239,291.8653,290.5573,289.1992,287.7902,286.3301,284.8192,283.2584,281.6494,279.9931,278.282,276.4583,274.2035,269.9606,265.8605
332.0,277.6019,278.8026,280.2277,281.7801,283.3837,284.9894,286.5669,288.0984,289.5749,290.9923,292.3497,293.648,294.8887,296.0741,297.206,298.2867,299.3178,300.3012,301.2382,302.1301,302.9782,303.7835,304.547,305.2694,305.9516,306.5942,307.1979,307.7633,308.2909,308.7811,309.2345,309.6514,310.0323,310.3774,310.6871,310.9617,311.2014,311.4064,311.5769,311.7132,311.8154,311.8835,311.9177,311.918,311.8846,311.8173,311.7163,311.5815,311.4128,311.2103,310.9737,310.7029,310.3979,310.0584,309.6842,309.2752,308.831,308.3513,307.8359,307.2843,306.6963,306.0713,305.4089,304.7086,303.9699,303.1921,302.3746,301.5168,300.6179,299.6772,298.6937,297.6667,296.5951,295.4781,294.3147,293.1038,291.8444,290.5357,289.1768,287.767,286.3062,284.7945,283.2328,281.6226,279.9644,278.2488,276.4127,274.1277,269.8762,265.7575
333.0,277.6177,278.8235,280.2528,281.8066,283.4102,285.0152,286.5917,288.1223,289.5979,291.0146,292.3714,293.6691,294.9094,296.0943,297.2258,298.306,299.3367,300.3195,301.256,302.1474,302.995,303.7998,304.5627,305.2845,305.9662,306.6082,307.2113,307.7761,308.3031,308.7927,309.2455,309.6618,310.0421,310.3866,310.6956,310.9696,311.2086,311.413,311.583,311.7186,311.8201,311.8876,311.9211,311.9208,311.8867,311.8189,311.7172,311.5817,311.4124,311.2092,310.9719,310.7005,310.3948,310.0546,309.6798,309.27,308.8251,308.3448,307.8287,307.2764,306.6877,306.062,305.3989,304.6979,303.9585,303.18,302.3618,301.5033,300.6036,299.6621,298.6779,297.6502,296.5779,295.4601,294.2959,293.0843,291.8242,290.5147,289.155,287.7445,286.2829,284.7704,283.2078,281.5964,279.9361,278.2158,276.3673,274.0533,269.7962,265.662
334.0,277.6319,278.843,280.2766,281.832,283.4356,285.04,286.6156,288.1453,289.6201,291.0362,292.3924,293.6896,294.9294,296.1139,297.245,298.3247,299.355,300.3373,301.2733,302.1643,303.0114,303.8156,304.578,305.2993,305.9804,306.6219,307.2244,307.7886,308.315,308.8041,309.2563,309.672,310.0517,310.3956,310.7041,310.9774,311.2159,311.4197,311.589,311.724,311.8249,311.8918,311.9247,311.9238,311.889,311.8205,311.7182,311.5821,311.4122,311.2083,310.9704,310.6983,310.392,310.0511,309.6756,309.2652,308.8197,308.3387,307.8219,307.269,306.6795,306.0531,305.3894,304.6877,303.9475,303.1683,302.3494,301.4902,300.5899,299.6476,298.6627,297.6342,296.5612,295.4427,294.2778,293.0654,291.8046,290.4944,289.1339,287.7227,286.2603,284.7469,283.1834,281.5707,279.9083,278.1831,276.322,273.9804,269.7202,265.573
335.0,277.6443,278.8612,280.2992,281.8562,283.46,285.0638,286.6386,288.1675,289.6416,291.057,292.4127,293.7094,294.9488,296.1328,297.2635,298.3429,299.3727,300.3546,301.2902,302.1807,303.0273,303.831,304.5929,305.3137,305.9942,306.6352,307.2372,307.8009,308.3267,308.8152,309.2669,309.6821,310.0611,310.4045,310.7124,310.9852,311.223,311.4262,311.595,311.7294,311.8297,311.896,311.9283,311.9268,311.8914,311.8223,311.7194,311.5827,311.4121,311.2076,310.9691,310.6964,310.3894,310.0479,309.6718,309.2607,308.8145,308.3329,307.8154,307.2619,306.6718,306.0447,305.3803,304.6779,303.937,303.1572,302.3376,301.4777,300.5766,299.6337,298.6481,297.6189,296.5451,295.426,294.2603,293.0472,291.7856,290.4747,289.1135,287.7015,286.2383,284.7242,283.1597,281.5457,279.881,278.1508,276.2769,273.9091,269.6478,265.4898
336.0,277.6551,278.8781,280.3206,281.8794,283.4834,285.0867,286.6607,288.1888,289.6622,291.077,292.4322,293.7285,294.9675,296.1512,297.2815,298.3604,299.3899,300.3714,301.3065,302.1966,303.0427,303.846,304.6074,305.3277,306.0078,306.6482,307.2497,307.8129,308.3382,308.8262,309.2773,309.6919,310.0705,310.4133,310.7206,310.9928,311.2301,311.4328,311.601,311.7348,311.8345,311.9002,311.932,311.9299,311.8939,311.8242,311.7207,311.5834,311.4122,311.2071,310.968,310.6947,310.3871,310.045,309.6682,309.2566,308.8097,308.3274,307.8094,307.2551,306.6644,306.0367,305.3716,304.6686,303.9271,303.1465,302.3263,301.4657,300.5639,299.6203,298.634,297.6041,296.5297,295.4098,294.2434,293.0296,291.7673,290.4556,289.0937,287.681,286.2171,284.7021,283.1366,281.5213,279.8543,278.1188,276.2322,273.8392,269.5788,265.4116
337.0,277.6642,278.8937,280.3407,281.9014,283.5057,285.1086,286.6819,288.2093,289.682,291.0963,292.451,293.7469,294.9855,296.1688,297.2988,298.3774,299.4065,300.3876,301.3224,302.212,303.0577,303.8606,304.6215,305.3414,306.0209,306.6609,307.2619,307.8246,308.3494,308.8369,309.2875,309.7016,310.0796,310.4219,310.7287,311.0004,311.2372,311.4393,311.6069,311.7402,311.8394,311.9045,311.9357,311.933,311.8966,311.8263,311.7222,311.5843,311.4125,311.2069,310.9671,310.6932,310.385,310.0424,309.665,309.2527,308.8053,308.3224,307.8037,307.2488,306.6575,306.0291,305.3634,304.6597,303.9176,303.1363,302.3154,301.4542,300.5518,299.6075,298.6205,297.5899,296.5148,295.3942,294.2271,293.0126,291.7496,290.4372,289.0746,287.6611,286.1965,284.6806,283.1142,281.4975,279.8281,278.0872,276.1879,273.771,269.5128,265.3381
338.0,277.6716,278.908,280.3597,281.9223,283.527,285.1295,286.7022,288.2289,289.701,291.1147,292.469,293.7646,295.0029,296.1858,297.3155,298.3938,299.4225,300.4033,301.3377,302.227,303.0723,303.8747,304.6352,305.3546,306.0337,306.6733,307.2738,307.836,308.3603,308.8473,309.2974,309.7111,310.0886,310.4304,310.7367,311.0079,311.2441,311.4457,311.6128,311.7456,311.8442,311.9088,311.9395,311.9363,311.8993,311.8284,311.7238,311.5853,311.413,311.2068,310.9665,310.692,310.3833,310.04,309.6621,309.2492,308.8012,308.3176,307.7983,307.2429,306.6509,306.022,305.3556,304.6513,303.9085,303.1267,302.3051,301.4432,300.5402,299.5952,298.6076,297.5763,296.5005,295.3793,294.2115,292.9963,291.7326,290.4195,289.0562,287.642,286.1765,284.6599,283.0924,281.4744,279.8024,278.0559,276.144,273.7043,269.4497,265.2689
339.0,277.6773,278.921,280.3775,281.9421,283.5472,285.1494,286.7215,288.2477,289.7192,291.1325,292.4863,293.7815,295.0195,296.2022,297.3316,298.4096,299.438,300.4185,301.3525,302.2414,303.0863,303.8884,304.6485,305.3675,306.0462,306.6853,307.2854,307.8471,308.371,308.8576,309.3072,309.7203,310.0974,310.4387,310.7445,311.0152,311.251,311.4521,311.6187,311.751,311.8491,311.9132,311.9433,311.9396,311.902,311.8307,311.7255,311.5866,311.4137,311.2069,310.9661,310.691,310.3817,310.0379,309.6594,309.246,308.7974,308.3133,307.7934,307.2374,306.6448,306.0152,305.3483,304.6434,303.9,303.1175,302.2954,301.4328,300.5291,299.5835,298.5952,297.5633,296.4869,295.3649,294.1965,292.9806,291.7163,290.4025,289.0385,287.6235,286.1573,284.6398,283.0714,281.4519,279.7772,278.0251,276.1005,273.6391,269.3895,265.2037
340.0,277.6814,278.9327,280.3941,281.9607,283.5664,285.1684,286.74,288.2655,289.7366,291.1494,292.5029,293.7978,295.0355,296.2179,297.347,298.4247,299.4529,300.4331,301.3668,302.2554,303.1,303.9016,304.6614,305.38,306.0583,306.697,307.2967,307.858,308.3814,308.8675,309.3167,309.7294,310.106,310.4469,310.7523,311.0225,311.2578,311.4584,311.6245,311.7563,311.854,311.9176,311.9472,311.943,311.9049,311.8331,311.7274,311.5879,311.4145,311.2072,310.9658,310.6903,310.3804,310.0361,309.657,309.2431,308.7939,308.3093,307.7888,307.2322,306.6391,306.0089,305.3414,304.6359,303.8919,303.1089,302.2861,301.4229,300.5186,299.5724,298.5835,297.5509,296.4738,295.3512,294.1822,292.9656,291.7006,290.3861,289.0214,287.6058,286.1388,284.6205,283.051,281.43,279.7526,277.9947,276.0576,273.5749,269.3316,265.1422
341.0,277.6838,278.9432,280.4094,281.9783,283.5846,285.1864,286.7576,288.2826,289.7531,291.1655,292.5187,293.8133,295.0507,296.2329,297.3618,298.4393,299.4672,300.4471,301.3805,302.2688,303.1131,303.9144,304.6738,305.3921,306.07,306.7083,307.3076,307.8685,308.3916,308.8773,309.326,309.7383,310.1145,310.4549,310.7598,311.0296,311.2645,311.4646,311.6303,311.7617,311.8588,311.922,311.9511,311.9464,311.9079,311.8356,311.7294,311.5894,311.4155,311.2077,310.9658,310.6898,310.3794,310.0346,309.655,309.2405,308.7908,308.3056,307.7846,307.2275,306.6338,306.0031,305.335,304.6289,303.8843,303.1007,302.2773,301.4136,300.5087,299.5619,298.5723,297.5391,296.4614,295.3382,294.1685,292.9513,291.6856,290.3704,289.005,287.5887,286.121,284.6018,283.0313,281.4088,279.7286,277.9648,276.0151,273.5079,269.2747,265.084
342.0,277.6846,278.9523,280.4236,281.9947,283.6017,285.2034,286.7742,288.2987,289.7689,291.1808,292.5337,293.8281,295.0653,296.2473,297.376,298.4533,299.4809,300.4606,301.3938,302.2817,303.1257,303.9268,304.6858,305.4037,306.0813,306.7193,307.3182,307.8787,308.4014,308.8867,309.3351,309.747,310.1228,310.4628,310.7673,311.0366,311.2711,311.4708,311.636,311.767,311.8637,311.9264,311.9551,311.95,311.911,311.8381,311.7315,311.5911,311.4167,311.2084,310.9661,310.6895,310.3787,310.0333,309.6532,309.2382,308.788,308.3023,307.7808,307.2231,306.6289,305.9976,305.329,304.6224,303.8772,303.093,302.2691,301.4047,300.4993,299.5519,298.5617,297.5279,296.4496,295.3258,294.1554,292.9376,291.6712,290.3555,288.9894,287.5723,286.1039,284.5839,283.0123,281.3882,279.7051,277.9353,275.9729,273.4378,269.2177,265.0282
343.0,277.6838,278.9602,280.4366,282.01,283.6177,285.2195,286.7899,288.314,289.7837,291.1954,292.548,293.8421,295.0792,296.261,297.3895,298.4666,299.494,300.4735,301.4064,302.2942,303.1379,303.9386,304.6974,305.415,306.0923,306.7299,307.3285,307.8887,308.411,308.8959,309.3439,309.7555,310.1308,310.4705,310.7746,311.0436,311.2776,311.4769,311.6417,311.7722,311.8686,311.9308,311.9591,311.9535,311.9141,311.8408,311.7338,311.5929,311.4181,311.2093,310.9665,310.6895,310.3781,310.0323,309.6517,309.2362,308.7855,308.2993,307.7773,307.2191,306.6244,305.9926,305.3234,304.6163,303.8706,303.0859,302.2614,301.3965,300.4904,299.5424,298.5517,297.5173,296.4384,295.314,294.143,292.9246,291.6576,290.3412,288.9744,287.5567,286.0875,284.5667,282.994,281.3683,279.6822,277.9063,275.9308,273.3639,269.1599,264.9743
344.0,277.6813,278.9668,280.4484,282.0242,283.6328,285.2345,286.8046,288.3284,289.7978,291.2091,292.5615,293.8554,295.0923,296.274,297.4023,298.4793,299.5066,300.4859,301.4186,302.3061,303.1496,303.9501,304.7085,305.4259,306.1028,306.7401,307.3384,307.8983,308.4203,308.9049,309.3525,309.7637,310.1387,310.478,310.7818,311.0503,311.284,311.4829,311.6474,311.7775,311.8734,311.9353,311.9632,311.9572,311.9173,311.8436,311.7361,311.5948,311.4196,311.2104,310.9671,310.6897,310.3779,310.0316,309.6505,309.2346,308.7834,308.2967,307.7742,307.2155,306.6203,305.988,305.3183,304.6107,303.8645,303.0792,302.2542,301.3887,300.4821,299.5336,298.5423,297.5074,296.4279,295.3028,294.1313,292.9122,291.6446,290.3276,288.9602,287.5418,286.0719,284.5502,282.9765,281.349,279.66,277.8778,275.8888,273.2856,269.1005,264.9216
345.0,277.6773,278.9722,280.459,282.0372,283.6467,285.2486,286.8185,288.3419,289.811,291.2221,292.5742,293.868,295.1048,296.2863,297.4145,298.4914,299.5185,300.4976,301.4302,302.3175,303.1607,303.961,304.7192,305.4363,306.113,306.75,307.348,307.9076,308.4293,308.9135,309.3609,309.7717,310.1464,310.4853,310.7888,311.057,311.2903,311.4889,311.653,311.7827,311.8782,311.9397,311.9672,311.9608,311.9206,311.8465,311.7386,311.5969,311.4212,311.2116,310.9679,310.6901,310.3778,310.0311,309.6496,309.2332,308.7816,308.2944,307.7715,307.2123,306.6166,305.9839,305.3137,304.6055,303.8588,303.073,302.2475,301.3815,300.4744,299.5253,298.5335,297.498,296.4179,295.2923,294.1202,292.9005,291.6323,290.3147,288.9467,287.5276,286.0569,284.5344,282.9596,281.3305,279.6383,277.8497,275.8467,273.2016,269.0386,264.8693
346.0,277.6717,278.9763,280.4684,282.0492,283.6596,285.2617,286.8314,288.3545,289.8233,291.2342,292.5862,293.8798,295.1165,296.2979,297.4261,298.5028,299.5298,300.5088,301.4412,302.3283,303.1714,303.9715,304.7295,305.4463,306.1228,306.7595,307.3573,307.9165,308.4379,308.9219,309.369,309.7795,310.1539,310.4925,310.7956,311.0635,311.2965,311.4947,311.6585,311.7879,311.8831,311.9442,311.9713,311.9646,311.924,311.8495,311.7412,311.5991,311.4231,311.2131,310.969,310.6907,310.3781,310.0309,309.649,309.2322,308.7801,308.2925,307.7691,307.2095,306.6133,305.9802,305.3095,304.6008,303.8537,303.0674,302.2414,301.3749,300.4672,299.5176,298.5253,297.4892,296.4086,295.2825,294.1098,292.8895,291.6208,290.3025,288.9338,287.5141,286.0427,284.5194,282.9434,281.3126,279.6172,277.822,275.8043,273.1099,268.9729,264.8168
347.0,277.6646,278.9792,280.4767,282.06,283.6715,285.2738,286.8434,288.3663,289.8349,291.2455,292.5974,293.8909,295.1275,296.3089,297.437,298.5136,299.5405,300.5194,301.4517,302.3387,303.1816,303.9815,304.7393,305.4559,306.1321,306.7687,307.3661,307.9252,308.4463,308.9301,309.3768,309.7871,310.1612,310.4995,310.8023,311.0699,311.3026,311.5005,311.6639,311.793,311.8878,311.9486,311.9754,311.9683,311.9274,311.8526,311.7439,311.6015,311.425,311.2147,310.9702,310.6915,310.3785,310.031,309.6487,309.2314,308.7789,308.2909,307.7671,307.2071,306.6105,305.9768,305.3057,304.5966,303.849,303.0622,302.2357,301.3688,300.4606,299.5105,298.5176,297.4811,296.3999,295.2733,294.1,292.8792,291.6099,290.291,288.9218,287.5014,286.0293,284.5051,282.928,281.2954,279.5967,277.7948,275.7611,273.0074,268.9016,264.7628
348.0,277.656,278.9809,280.4838,282.0698,283.6824,285.2849,286.8545,288.3772,289.8455,291.2561,292.6078,293.9012,295.1378,296.3191,297.4472,298.5238,299.5506,300.5294,301.4616,302.3485,303.1912,303.991,304.7486,305.4651,306.1411,306.7774,307.3747,307.9335,308.4544,308.9379,309.3844,309.7944,310.1683,310.5063,310.8088,311.0761,311.3085,311.5062,311.6693,311.798,311.8926,311.9531,311.9796,311.9722,311.9309,311.8557,311.7468,311.6039,311.4272,311.2164,310.9716,310.6926,310.3792,310.0313,309.6486,309.231,308.7781,308.2897,307.7655,307.205,306.608,305.974,305.3024,304.5929,303.8448,303.0576,302.2306,301.3632,300.4546,299.504,298.5106,297.4736,296.3919,295.2647,294.0909,292.8696,291.5997,290.2803,288.9104,287.4894,286.0166,284.4915,282.9133,281.2788,279.5768,277.7679,275.7168,272.8876,268.8211,264.7055
349.0,277.6459,278.9813,280.4898,282.0784,283.6922,285.2951,286.8646,288.3871,289.8554,291.2658,292.6174,293.9108,295.1473,296.3287,297.4567,298.5333,299.5601,300.5389,301.471,302.3577,303.2004,304.0,304.7575,305.4738,306.1496,306.7858,307.3829,307.9415,308.4622,308.9454,309.3917,309.8015,310.1751,310.5129,310.8152,311.0822,311.3144,311.5117,311.6746,311.8031,311.8973,311.9575,311.9837,311.976,311.9344,311.859,311.7497,311.6065,311.4295,311.2184,310.9732,310.6939,310.3801,310.0318,309.6488,309.2308,308.7776,308.2888,307.7642,307.2034,306.6059,305.9715,305.2995,304.5896,303.8411,303.0534,302.226,301.3582,300.4491,299.498,298.5042,297.4667,296.3845,295.2568,294.0825,292.8606,291.5902,290.2702,288.8998,287.4781,286.0046,284.4787,282.8994,281.263,279.5575,277.7413,275.6703,272.734,268.7236,264.6417
350.0,277.6344,278.9806,280.4946,282.086,283.7009,285.3042,286.8738,288.3962,289.8643,291.2746,292.6262,293.9197,295.1562,296.3375,297.4656,298.5421,299.569,300.5477,301.4797,302.3665,303.209,304.0085,304.7659,305.4821,306.1578,306.7938,307.3907,307.9491,308.4696,308.9527,309.3988,309.8083,310.1817,310.5193,310.8214,311.0882,311.3201,311.5172,311.6798,311.808,311.902,311.962,311.9879,311.9799,311.938,311.8623,311.7527,311.6093,311.4319,311.2205,310.975,310.6953,310.3813,310.0327,309.6493,309.231,308.7774,308.2883,307.7633,307.2021,306.6043,305.9694,305.2971,304.5868,303.8379,303.0498,302.222,301.3537,300.4442,299.4927,298.4984,297.4604,296.3777,295.2495,294.0748,292.8524,291.5814,290.2609,288.8899,287.4676,285.9934,284.4667,282.8861,281.2479,279.5388,277.7147,275.618,272.4698,268.5762,264.56
351.0,277.6214,278.9786,280.4982,282.0925,283.7087,285.3124,286.882,288.4044,289.8725,291.2827,292.6343,293.9277,295.1643,296.3457,297.4738,298.5504,299.5772,300.5559,301.4879,302.3746,303.2171,304.0165,304.7738,305.4899,306.1655,306.8013,307.3981,307.9564,308.4767,308.9596,309.4056,309.8149,310.1881,310.5255,310.8274,311.094,311.3256,311.5225,311.6849,311.8129,311.9067,311.9664,311.992,311.9838,311.9417,311.8657,311.7558,311.6121,311.4344,311.2228,310.977,310.697,310.3827,310.0337,309.6501,309.2314,308.7775,308.288,307.7627,307.2012,306.603,305.9678,305.2951,304.5844,303.8351,303.0467,302.2184,301.3497,300.4398,299.4879,298.4931,297.4547,296.3716,295.2429,294.0677,292.8448,291.5733,290.2523,288.8807,287.4579,285.983,284.4554,282.8737,281.2335,279.5207,277.6877,275.5557,272.0691,268.3519,264.4448
352.0,277.6071,278.9755,280.5007,282.0979,283.7154,285.3196,286.8894,288.4118,289.8797,291.29,292.6416,293.935,295.1717,296.3531,297.4813,298.5579,299.5848,300.5636,301.4956,302.3822,303.2247,304.0241,304.7813,305.4973,306.1728,306.8085,307.4052,307.9633,308.4835,308.9663,309.4121,309.8213,310.1943,310.5315,310.8332,311.0996,311.3311,311.5278,311.6899,311.8177,311.9113,311.9708,311.9962,311.9877,311.9454,311.8691,311.759,311.615,311.4371,311.2252,310.9792,310.6989,310.3843,310.0351,309.6511,309.2321,308.7779,308.2881,307.7625,307.2006,306.6022,305.9666,305.2936,304.5825,303.8328,303.044,302.2154,301.3463,300.436,299.4836,298.4885,297.4496,296.3661,295.237,294.0613,292.8379,291.566,290.2444,288.8723,287.4489,285.9733,284.4449,282.8619,281.2197,279.503,277.6603,275.4906,271.8591,268.1564,264.3139
353.0,277.5914,278.9712,280.5021,282.1022,283.721,285.3259,286.8958,288.4182,289.8862,291.2964,292.6481,293.9416,295.1783,296.3599,297.4881,298.5648,299.5918,300.5706,301.5026,302.3893,303.2318,304.0311,304.7883,305.5042,306.1796,306.8153,307.4118,307.9699,308.49,308.9726,309.4183,309.8274,310.2002,310.5373,310.8388,311.1051,311.3364,311.5329,311.6949,311.8225,311.9159,311.9751,312.0004,311.9917,311.9491,311.8726,311.7623,311.6181,311.44,311.2278,310.9815,310.701,310.3861,310.0366,309.6524,309.2331,308.7786,308.2886,307.7626,307.2005,306.6017,305.9658,305.2924,304.581,303.831,303.0419,302.2129,301.3434,300.4327,299.48,298.4845,297.4452,296.3613,295.2317,294.0556,292.8318,291.5593,290.2373,288.8646,287.4406,285.9644,284.4351,282.8509,281.2067,279.4858,277.6326,275.4257,271.7254,268.0014,264.1834
354.0,277.5743,278.9657,280.5024,282.1054,283.7257,285.3311,286.9013,288.4237,289.8917,291.302,292.6537,293.9474,295.1842,296.3659,297.4943,298.5711,299.5981,300.577,301.5091,302.3958,303.2383,304.0376,304.7948,305.5107,306.1861,306.8217,307.4181,307.9761,308.4961,308.9787,309.4242,309.8332,310.2059,310.5428,310.8442,311.1104,311.3415,311.5379,311.6997,311.8272,311.9204,311.9795,312.0045,311.9956,311.9529,311.8762,311.7657,311.6213,311.4429,311.2305,310.984,310.7033,310.3881,310.0384,309.6539,309.2344,308.7797,308.2893,307.7631,307.2007,306.6016,305.9654,305.2918,304.58,303.8297,303.0402,302.2109,301.3411,300.43,299.477,298.481,297.4414,296.357,295.2271,294.0505,292.8263,291.5534,290.2308,288.8577,287.4331,285.9563,284.4261,282.8407,281.1943,279.4692,277.6046,275.3621,271.6272,267.8794,264.0628
355.0,277.556,278.9591,280.5016,282.1076,283.7293,285.3354,286.9058,288.4284,289.8965,291.3068,292.6586,293.9524,295.1894,296.3712,297.4997,298.5767,299.6039,300.5828,301.515,302.4018,303.2443,304.0436,304.8008,305.5167,306.192,306.8276,307.424,307.982,308.5019,308.9844,309.4298,309.8387,310.2114,310.5482,310.8495,311.1155,311.3465,311.5428,311.7045,311.8318,311.9248,311.9838,312.0087,311.9996,311.9567,311.8799,311.7692,311.6245,311.446,311.2334,310.9867,310.7057,310.3904,310.0404,309.6557,309.236,308.781,308.2904,307.764,307.2013,306.6019,305.9655,305.2915,304.5795,303.8289,303.0391,302.2094,301.3393,300.4279,299.4745,298.4782,297.4382,296.3535,295.2231,294.0461,292.8215,291.5482,290.2252,288.8515,287.4264,285.9489,284.4179,282.8312,281.1827,279.4529,277.5766,275.3004,271.5485,267.7823,263.9564
356.0,277.5365,278.9513,280.4996,282.1087,283.7319,285.3387,286.9095,288.4322,289.9003,291.3108,292.6628,293.9567,295.1938,296.3758,297.5045,298.5816,299.6089,300.588,301.5203,302.4071,303.2497,304.0491,304.8063,305.5222,306.1976,306.8331,307.4296,307.9875,308.5074,308.9898,309.4352,309.844,310.2166,310.5533,310.8545,311.1204,311.3514,311.5475,311.7091,311.8363,311.9292,311.988,312.0128,312.0036,311.9605,311.8835,311.7727,311.6279,311.4492,311.2364,310.9895,310.7084,310.3928,310.0427,309.6578,309.2379,308.7826,308.2918,307.7651,307.2022,306.6026,305.9659,305.2917,304.5794,303.8285,303.0384,302.2085,301.338,300.4263,299.4726,298.4759,297.4356,296.3505,295.2198,294.0424,292.8174,291.5437,290.2202,288.8461,287.4204,285.9423,284.4105,282.8225,281.1717,279.4371,277.5486,275.2409,271.4825,267.704,263.8658
357.0,277.5157,278.9424,280.4966,282.1087,283.7335,285.3411,286.9122,288.4351,289.9034,291.314,292.6661,293.9602,295.1975,296.3797,297.5086,298.5859,299.6134,300.5926,301.525,302.4119,303.2546,304.0541,304.8114,305.5273,306.2027,306.8383,307.4347,307.9926,308.5125,308.9948,309.4402,309.849,310.2215,310.5582,310.8593,311.1252,311.356,311.5521,311.7136,311.8407,311.9335,311.9922,312.0169,312.0076,311.9644,311.8873,311.7763,311.6314,311.4525,311.2396,310.9925,310.7112,310.3955,310.0452,309.6601,309.24,308.7846,308.2936,307.7667,307.2035,306.6037,305.9667,305.2923,304.5797,303.8286,303.0382,302.208,301.3373,300.4253,299.4712,298.4743,297.4336,296.3482,295.2172,294.0394,292.814,291.5399,290.216,288.8414,287.4152,285.9365,284.4038,282.8145,281.1614,279.4218,277.5208,275.1838,271.4256,267.6406,263.7909
358.0,277.4938,278.9324,280.4925,282.1077,283.7342,285.3425,286.914,288.4371,289.9055,291.3163,292.6686,293.9629,295.2004,296.3829,297.5119,298.5895,299.6171,300.5965,301.5291,302.4162,303.259,304.0586,304.8159,305.5319,306.2073,306.843,307.4394,307.9973,308.5172,308.9996,309.4449,309.8537,310.2262,310.5629,310.8639,311.1298,311.3606,311.5566,311.718,311.845,311.9378,311.9964,312.021,312.0116,311.9683,311.8911,311.7799,311.6349,311.4559,311.2429,310.9957,310.7143,310.3984,310.0479,309.6627,309.2424,308.7868,308.2956,307.7685,307.2051,306.6051,305.968,305.2933,304.5805,303.8291,303.0385,302.2081,301.3371,300.4248,299.4705,298.4733,297.4323,296.3466,295.2152,294.0371,292.8113,291.5368,290.2125,288.8375,287.4108,285.9314,284.3979,282.8073,281.1517,279.407,277.4934,275.1291,271.3762,267.5895,263.7309
359.0,277.4707,278.9213,280.4873,282.1057,283.7338,285.3429,286.9148,288.4382,289.9069,291.3178,292.6703,293.9648,295.2026,296.3853,297.5146,298.5924,299.6203,300.5999,301.5326,302.4199,303.2628,304.0625,304.8199,305.536,306.2115,306.8472,307.4437,308.0017,308.5216,309.004,309.4494,309.8581,310.2306,310.5673,310.8683,311.1341,311.3649,311.5609,311.7223,311.8492,311.9419,312.0005,312.025,312.0156,311.9722,311.8949,311.7837,311.6386,311.4595,311.2463,310.999,310.7175,310.4015,310.0509,309.6655,309.245,308.7893,308.2979,307.7707,307.2072,306.6069,305.9696,305.2947,304.5818,303.8302,303.0394,302.2087,301.3374,300.4249,299.4703,298.4728,297.4315,296.3455,295.2138,294.0354,292.8093,291.5345,290.2098,288.8344,287.4072,285.9272,284.3928,282.8009,281.1428,279.3926,277.4663,275.0769,271.3331,267.5489,263.6851
360.0,277.4465,278.9091,280.4811,282.1026,283.7324,285.3424,286.9148,288.4385,289.9073,291.3185,292.6713,293.966,295.2041,296.387,297.5166,298.5946,299.6228,300.6026,301.5355,302.423,303.2661,304.0659,304.8235,305.5397,306.2153,306.851,307.4476,308.0056,308.5256,309.0081,309.4535,309.8623,310.2348,310.5715,310.8725,311.1383,311.3691,311.5651,311.7264,311.8534,311.946,312.0046,312.029,312.0195,311.9761,311.8987,311.7875,311.6423,311.4631,311.2499,311.0025,310.7208,310.4047,310.054,309.6685,309.2479,308.7921,308.3006,307.7732,307.2095,306.6091,305.9717,305.2966,304.5835,303.8317,303.0406,302.2097,301.3383,300.4255,299.4707,298.473,297.4314,296.3451,295.2132,294.0345,292.808,291.5328,290.2078,288.832,287.4043,285.9237,284.3885,282.7952,281.1345,279.3788,277.4398,275.0272,271.2957,267.5177,263.6526
361.0,277.4213,278.8958,280.4738,282.0985,283.73,285.341,286.9138,288.4378,289.907,291.3184,292.6714,293.9665,295.2048,296.3881,297.5179,298.5962,299.6246,300.6047,301.5378,302.4255,303.2688,304.0688,304.8265,305.5428,306.2186,306.8544,307.4511,308.0092,308.5293,309.0118,309.4573,309.8661,310.2387,310.5754,310.8765,311.1423,311.3731,311.5691,311.7304,311.8574,311.95,312.0086,312.033,312.0235,311.98,311.9026,311.7913,311.6461,311.4668,311.2535,311.0061,310.7244,310.4082,310.0574,309.6718,309.2511,308.7951,308.3036,307.776,307.2122,306.6117,305.9741,305.2989,304.5856,303.8336,303.0424,302.2113,301.3397,300.4267,299.4717,298.4737,297.4319,296.3454,295.2131,294.0342,292.8074,291.5319,290.2066,288.8303,287.4022,285.921,284.3849,282.7902,281.1269,279.3655,277.4139,274.98,271.2635,267.495,263.6324
362.0,277.395,278.8815,280.4654,282.0934,283.7267,285.3386,286.912,288.4363,289.9058,291.3175,292.6708,293.9661,295.2048,296.3884,297.5185,298.5971,299.6258,300.6061,301.5396,302.4274,303.2709,304.0711,304.829,305.5455,306.2214,306.8574,307.4542,308.0124,308.5326,309.0152,309.4607,309.8697,310.2423,310.5791,310.8802,311.1461,311.3769,311.5729,311.7343,311.8613,311.954,312.0125,312.0369,312.0274,311.9839,311.9065,311.7952,311.6499,311.4707,311.2573,311.0098,310.728,310.4118,310.061,309.6753,309.2546,308.7985,308.3068,307.7792,307.2153,306.6147,305.9769,305.3016,304.5881,303.836,303.0447,302.2134,301.3416,300.4284,299.4732,298.475,297.433,296.3463,295.2138,294.0346,292.8076,291.5317,290.206,288.8294,287.4009,285.9191,284.3822,282.786,281.12,279.3527,277.3888,274.9354,271.2362,267.4801,263.6235
363.0,277.3678,278.8662,280.4561,282.0873,283.7223,285.3352,286.9092,288.434,289.9037,291.3157,292.6693,293.965,295.204,296.3879,297.5185,298.5974,299.6263,300.607,301.5407,302.4288,303.2725,304.0729,304.831,305.5477,306.2238,306.8599,307.4569,308.0152,308.5355,309.0182,309.4639,309.8729,310.2456,310.5825,310.8837,311.1497,311.3805,311.5766,311.7381,311.8651,311.9578,312.0163,312.0408,312.0313,311.9878,311.9104,311.7991,311.6538,311.4746,311.2612,311.0137,310.7319,310.4156,310.0647,309.679,309.2582,308.8021,308.3104,307.7827,307.2187,306.618,305.9801,305.3047,304.5911,303.8389,303.0474,302.216,301.344,300.4307,299.4753,298.4769,297.4347,296.3478,295.2151,294.0356,292.8084,291.5323,290.2063,288.8293,287.4003,285.918,284.3802,282.7826,281.1137,279.3406,277.3644,274.8934,271.2135,267.4724,263.6253
364.0,277.3397,278.8498,280.4457,282.0802,283.717,285.331,286.9056,288.4307,289.9008,291.3132,292.6671,293.9632,295.2025,296.3868,297.5177,298.5969,299.6262,300.6072,301.5412,302.4295,303.2735,304.0742,304.8325,305.5494,306.2257,306.862,307.4591,308.0176,308.538,309.0209,309.4667,309.8758,310.2487,310.5856,310.887,311.153,311.384,311.5801,311.7417,311.8687,311.9615,312.0201,312.0447,312.0352,311.9917,311.9144,311.8031,311.6578,311.4786,311.2652,311.0177,310.7359,310.4196,310.0687,309.683,309.2622,308.806,308.3142,307.7865,307.2224,306.6216,305.9837,305.3082,304.5945,303.8422,303.0506,302.2191,301.347,300.4335,299.478,298.4794,297.4371,296.3499,295.217,294.0374,292.8099,291.5335,290.2072,288.83,287.4005,285.9176,284.379,282.7799,281.1081,279.329,277.3409,274.8539,271.1953,267.4714,263.6368
365.0,277.3107,278.8325,280.4343,282.0721,283.7108,285.3258,286.901,288.4266,289.8971,291.3098,292.6641,293.9605,295.2003,296.3849,297.5162,298.5958,299.6255,300.6067,301.541,302.4297,303.274,304.0749,304.8335,305.5506,306.2271,306.8636,307.4609,308.0196,308.5402,309.0233,309.4692,309.8785,310.2515,310.5885,310.89,311.1561,311.3872,311.5835,311.7451,311.8723,311.9651,312.0238,312.0484,312.039,311.9956,311.9183,311.8071,311.6619,311.4827,311.2694,311.0219,310.7401,310.4238,310.0729,309.6872,309.2663,308.8101,308.3183,307.7906,307.2265,306.6256,305.9877,305.3121,304.5984,303.8459,303.0543,302.2227,301.3504,300.4369,299.4812,298.4825,297.44,296.3527,295.2196,294.0398,292.8121,291.5355,290.209,288.8314,287.4016,285.9181,284.3786,282.778,281.1033,279.3181,277.3183,274.8169,271.1812,267.4768,263.6575
