day,-81.4509,-75.1649,-70.8119,-67.2531,-64.1581,-61.3754,-58.8212,-56.4427,-54.2046,-52.0818,-50.0555,-48.1114,-46.2383,-44.427,-42.6702,-40.9618,-39.2965,-37.6699,-36.0782,-34.5181,-32.9867,-31.4814,-30.0,-28.5404,-27.1007,-25.6793,-24.2747,-22.8854,-21.5102,-20.1479,-18.7974,-17.4576,-16.1276,-14.8065,-13.4934,-12.1875,-10.8879,-9.5941,-8.3051,-7.0204,-5.7392,-4.4608,-3.1847,-1.9102,-0.6366,0.6366,1.9102,3.1847,4.4608,5.7392,7.0204,8.3051,9.5941,10.8879,12.1875,13.4934,14.8065,16.1276,17.4576,18.7974,20.1479,21.5102,22.8854,24.2747,25.6793,27.1007,28.5404,30.0,31.4814,32.9867,34.5181,36.0782,37.6699,39.2965,40.9618,42.6702,44.427,46.2383,48.1114,50.0555,52.0818,54.2046,56.4427,58.8212,61.3754,64.1581,67.2531,70.8119,75.1649,81.4509
0.9973,311.932,311.4084,310.8894,310.3795,309.8798,309.3908,308.913,308.4467,307.9921,307.5496,307.1192,306.7012,306.2959,305.9033,305.5236,305.1569,304.8032,304.4623,304.1343,303.8189,303.5157,303.2243,302.9444,302.6753,302.4165,302.1673,301.9271,301.6951,301.4706,301.2531,301.0418,300.8362,300.6356,300.4395,300.2474,300.0589,299.8736,299.6911,299.5111,299.3333,299.1575,298.9836,298.8113,298.6406,298.4714,298.3036,298.1374,297.9726,297.8093,297.6478,297.488,297.3303,297.1748,297.0219,296.8717,296.7247,296.5813,296.4418,296.3069,296.1771,296.0529,295.9349,295.8239,295.7204,295.6251,295.5388,295.4621,295.3957,295.3401,295.296,295.2637,295.2436,295.2362,295.2415,295.2597,295.291,295.3351,295.3922,295.4621,295.5445,295.6394,295.7465,295.8655,295.9964,296.1387,296.2921,296.4564,296.6308,296.8142,297.0024
1.9945,311.854,311.3417,310.8305,310.3269,309.8327,309.3486,308.8752,308.413,307.9622,307.5232,307.0962,306.6814,306.279,305.8892,305.5122,305.148,304.7966,304.458,304.1321,303.8186,303.5173,303.2277,302.9493,302.6818,302.4243,302.1764,301.9374,301.7065,301.4831,301.2665,301.0561,300.8513,300.6515,300.4561,300.2647,300.0769,299.8921,299.7101,299.5306,299.3533,299.178,299.0044,298.8324,298.662,298.4931,298.3256,298.1594,297.9948,297.8317,297.6702,297.5105,297.3527,297.1972,297.0441,296.8938,296.7466,296.6029,296.4632,296.328,296.1977,296.073,295.9545,295.8429,295.7387,295.6427,295.5555,295.4779,295.4104,295.3537,295.3082,295.2745,295.2529,295.2438,295.2473,295.2636,295.2928,295.3348,295.3895,295.4568,295.5365,295.6285,295.7325,295.8482,295.9753,296.1136,296.2626,296.4218,296.5904,296.7665,296.9437
2.9918,311.7743,311.2731,310.7697,310.2724,309.7837,309.3045,308.8356,308.3775,307.9306,307.4952,307.0715,306.6599,306.2605,305.8736,305.4993,305.1376,304.7886,304.4523,304.1285,303.817,303.5176,303.2298,302.9531,302.687,302.4311,302.1845,301.9467,301.7169,301.4946,301.2791,301.0696,300.8657,300.6667,300.4721,300.2815,300.0943,299.9102,299.7288,299.5498,299.373,299.1981,299.025,298.8534,298.6833,298.5147,298.3474,298.1815,298.0171,297.8541,297.6927,297.5331,297.3754,297.2198,297.0667,296.9163,296.7689,296.6251,296.4851,296.3496,296.219,296.0939,295.9749,295.8627,295.7579,295.6612,295.5732,295.4947,295.4262,295.3683,295.3216,295.2866,295.2635,295.2528,295.2546,295.269,295.2961,295.3359,295.3883,295.4532,295.5303,295.6194,295.7203,295.8327,295.9563,296.0906,296.2353,296.3895,296.5522,296.7211,296.8878
3.9891,311.6931,311.2027,310.7069,310.216,309.7328,309.2586,308.7942,308.3403,307.8972,307.4654,307.0452,306.6368,306.2404,305.8564,305.4848,305.1257,304.7792,304.4452,304.1236,303.8142,303.5167,303.2306,302.9557,302.6912,302.4367,302.1915,301.955,301.7265,301.5053,301.2908,301.0824,300.8794,300.6813,300.4875,300.2976,300.1111,299.9277,299.747,299.5686,299.3923,299.2179,299.0453,298.8741,298.7045,298.5362,298.3692,298.2036,298.0394,297.8766,297.7154,297.5559,297.3983,297.2427,297.0896,296.9391,296.7917,296.6477,296.5076,296.3718,296.2409,296.1154,295.996,295.8833,295.7779,295.6806,295.5918,295.5125,295.443,295.3841,295.3362,295.2998,295.2754,295.2631,295.2632,295.2758,295.301,295.3387,295.3888,295.4512,295.5257,295.6121,295.71,295.8192,295.9392,296.0697,296.21,296.3594,296.5164,296.6782,296.8348
4.9863,311.6108,311.1305,310.6424,310.1578,309.6801,309.2108,308.751,308.3012,307.8621,307.4339,307.0172,306.612,306.2188,305.8377,305.4688,305.1124,304.7684,304.4367,304.1174,303.81,303.5145,303.2303,302.9571,302.6943,302.4413,302.1975,301.9623,301.7351,301.5151,301.3017,301.0943,300.8923,300.6951,300.5022,300.3131,300.1274,299.9447,299.7647,299.5869,299.4113,299.2375,299.0653,298.8947,298.7254,298.5575,298.391,298.2257,298.0617,297.8992,297.7382,297.5789,297.4214,297.2659,297.1128,296.9624,296.8149,296.6708,296.5305,296.3946,296.2634,296.1376,296.0179,295.9047,295.7988,295.7008,295.6114,295.5312,295.4609,295.4009,295.3519,295.3143,295.2885,295.2747,295.2732,295.284,295.3073,295.343,295.3909,295.451,295.523,295.6066,295.7016,295.8076,295.9241,296.0508,296.1869,296.3315,296.4829,296.6378,296.7849
5.9836,311.5273,311.0566,310.5761,310.0978,309.6256,309.1613,308.706,308.2605,307.8253,307.4008,306.9875,306.5856,306.1955,305.8174,305.4514,305.0976,304.7561,304.4269,304.1097,303.8046,303.511,303.2288,302.9573,302.6962,302.4448,302.2025,301.9687,301.7427,301.524,301.3117,301.1054,300.9044,300.7082,300.5162,300.328,300.1431,299.9612,299.7819,299.6048,299.4298,299.2566,299.085,298.9149,298.7462,298.5788,298.4126,298.2477,298.0841,297.9219,297.7611,297.602,297.4447,297.2894,297.1364,296.986,296.8385,296.6944,296.554,296.4179,296.2865,296.1605,296.0404,295.9268,295.8205,295.7219,295.6319,295.5509,295.4798,295.4189,295.3688,295.33,295.3028,295.2876,295.2845,295.2937,295.3151,295.3488,295.3946,295.4524,295.5219,295.6029,295.695,295.7979,295.9111,296.034,296.166,296.3059,296.4518,296.6,296.7383
6.9809,311.4429,310.9812,310.5081,310.0361,309.5694,309.1101,308.6593,308.218,307.7867,307.366,306.9562,306.5577,306.1707,305.7956,305.4324,305.0813,304.7424,304.4156,304.1008,303.7978,303.5063,303.226,302.9563,302.6969,302.4471,302.2064,301.974,301.7494,301.5319,301.3208,301.1157,300.9158,300.7206,300.5295,300.3423,300.1583,299.9771,299.7986,299.6223,299.448,299.2754,299.1044,298.9349,298.7667,298.5998,298.4341,298.2696,298.1064,297.9445,297.7841,297.6252,297.4681,297.313,297.1602,297.0099,296.8625,296.7183,296.5779,296.4417,296.3102,296.184,296.0636,295.9497,295.8429,295.7439,295.6532,295.5716,295.4996,295.4379,295.3868,295.3469,295.3184,295.3018,295.2972,295.3047,295.3244,295.3562,295.3999,295.4555,295.5226,295.601,295.6903,295.7902,295.9001,296.0194,296.1473,296.2826,296.4232,296.5649,296.6952
7.9781,311.3578,310.9042,310.4384,309.9726,309.5114,309.0571,308.6109,308.1738,307.7465,307.3295,306.9233,306.5281,306.1443,305.7722,305.4119,305.0636,304.7272,304.4029,304.0905,303.7897,303.5003,303.2219,302.9542,302.6965,302.4484,302.2092,301.9783,301.7551,301.5389,301.3291,301.1251,300.9263,300.7321,300.5422,300.3558,300.1727,299.9925,299.8148,299.6392,299.4657,299.2938,299.1235,298.9546,298.787,298.6206,298.4554,298.2914,298.1287,297.9672,297.8071,297.6486,297.4917,297.3369,297.1842,297.0341,296.8868,296.7427,296.6023,296.4661,296.3345,296.2081,296.0875,295.9733,295.8662,295.7667,295.6755,295.5932,295.5205,295.4579,295.4059,295.3649,295.3353,295.3173,295.3113,295.3172,295.3352,295.3651,295.4068,295.4602,295.525,295.6009,295.6875,295.7844,295.8911,296.0069,296.1309,296.2617,296.3971,296.5325,296.6557
8.9754,311.2721,310.8259,310.3672,309.9075,309.4518,309.0024,308.5608,308.128,307.7047,307.2914,306.8887,306.4969,306.1164,305.7473,305.3899,305.0444,304.7107,304.3888,304.0788,303.7802,303.493,303.2166,302.9508,302.6949,302.4485,302.2109,301.9815,301.7597,301.5449,301.3364,301.1336,300.936,300.743,300.554,300.3687,300.1866,300.0073,299.8304,299.6557,299.4829,299.3118,299.1422,298.974,298.807,298.6413,298.4766,298.3131,298.1509,297.9898,297.8301,297.672,297.5155,297.3609,297.2085,297.0586,296.9114,296.7675,296.6272,296.491,296.3593,296.2328,296.1121,295.9976,295.8902,295.7903,295.6986,295.6158,295.5424,295.479,295.4261,295.384,295.3533,295.3341,295.3267,295.3311,295.3474,295.3755,295.4153,295.4667,295.5292,295.6026,295.6866,295.7807,295.8842,295.9965,296.1167,296.2432,296.3736,296.503,296.6199
9.9727,311.186,310.7462,310.2944,309.8408,309.3905,308.9461,308.5091,308.0805,307.6612,307.2517,306.8526,306.4642,306.0869,305.7209,305.3664,305.0237,304.6927,304.3734,304.0657,303.7695,303.4844,303.2101,302.9462,302.6922,302.4475,302.2115,301.9837,301.7634,301.55,301.3428,301.1413,300.9449,300.753,300.5651,300.3809,300.1998,300.0214,299.8455,299.6716,299.4997,299.3294,299.1606,298.9931,298.8268,298.6616,298.4976,298.3347,298.173,298.0124,297.8532,297.6955,297.5394,297.3851,297.233,297.0833,296.9364,296.7927,296.6524,296.5163,296.3847,296.2581,296.1372,296.0226,295.9149,295.8147,295.7226,295.6392,295.5652,295.5011,295.4473,295.4044,295.3726,295.3522,295.3434,295.3464,295.3611,295.3875,295.4255,295.4748,295.5351,295.6062,295.6876,295.7789,295.8794,295.9884,296.1048,296.2271,296.3526,296.4764,296.588
10.9699,311.0995,310.6654,310.2202,309.7726,309.3277,308.8881,308.4557,308.0314,307.6161,307.2104,306.8149,306.4299,306.0558,305.6929,305.3415,305.0015,304.6732,304.3565,304.0513,303.7573,303.4745,303.2023,302.9404,302.6882,302.4453,302.211,301.9848,301.766,301.554,301.3482,301.148,300.9529,300.7622,300.5755,300.3923,300.2123,300.0349,299.8599,299.687,299.516,299.3465,299.1785,299.0118,298.8462,298.6818,298.5184,298.3561,298.195,298.035,297.8763,297.719,297.5633,297.4095,297.2577,297.1083,296.9617,296.8181,296.6781,296.5421,296.4105,296.284,296.163,296.0483,295.9403,295.8398,295.7474,295.6636,295.589,295.5242,295.4696,295.4258,295.393,295.3715,295.3615,295.3631,295.3763,295.401,295.4372,295.4845,295.5428,295.6116,295.6905,295.7791,295.8767,295.9824,296.0952,296.2134,296.3343,296.4528,296.5602
11.9672,311.0129,310.5835,310.1447,309.7029,309.2632,308.8286,308.4007,307.9806,307.5693,307.1675,306.7755,306.394,306.0232,305.6635,305.315,304.9779,304.6523,304.3382,304.0355,303.7439,303.4633,303.1932,302.9333,302.683,302.4419,302.2094,301.9848,301.7676,301.5571,301.3527,301.1539,300.96,300.7706,300.5851,300.403,300.2241,300.0478,299.8738,299.7019,299.5318,299.3632,299.196,299.0301,298.8653,298.7016,298.539,298.3774,298.2168,298.0574,297.8993,297.7425,297.5873,297.4339,297.2826,297.1336,296.9872,296.844,296.7041,296.5683,296.4368,296.3104,296.1894,296.0746,295.9665,295.8658,295.773,295.6888,295.6137,295.5483,295.493,295.4484,295.4146,295.392,295.3808,295.3811,295.3929,295.416,295.4505,295.4959,295.5522,295.6188,295.6953,295.7813,295.876,295.9786,296.088,296.2023,296.3188,296.4323,296.5364
12.9645,310.9263,310.5006,310.0678,309.6317,309.1973,308.7675,308.3441,307.9283,307.521,307.123,306.7347,306.3566,305.9891,305.6325,305.287,304.9528,304.63,304.3185,304.0183,303.7291,303.4507,303.1828,302.925,302.6767,302.4374,302.2067,301.9838,301.7681,301.5592,301.3563,301.1588,300.9663,300.7781,300.5939,300.413,300.2352,300.06,299.8871,299.7162,299.547,299.3794,299.2131,299.0481,298.8841,298.7212,298.5593,298.3984,298.2385,298.0798,297.9222,297.7661,297.6114,297.4585,297.3076,297.159,297.013,296.8701,296.7305,296.5949,296.4636,296.3373,296.2164,296.1015,295.9933,295.8924,295.7994,295.7148,295.6393,295.5734,295.5175,295.472,295.4374,295.4138,295.4015,295.4005,295.4109,295.4326,295.4654,295.509,295.5633,295.6278,295.7021,295.7855,295.8775,295.9771,296.0831,296.1937,296.306,296.415,296.5169
13.9617,310.8397,310.4168,309.9896,309.5591,309.1299,308.7049,308.286,307.8744,307.4712,307.0769,306.6922,306.3176,305.9535,305.6,305.2576,304.9263,304.6063,304.2974,303.9997,303.713,303.4369,303.1712,302.9154,302.6691,302.4318,302.2028,301.9816,301.7676,301.5602,301.3588,301.1628,300.9716,300.7848,300.6018,300.4222,300.2455,300.0715,299.8997,299.7298,299.5617,299.3951,299.2297,299.0656,298.9025,298.7404,298.5793,298.4192,298.2601,298.102,297.9451,297.7896,297.6355,297.4831,297.3327,297.1846,297.0391,296.8965,296.7573,296.6219,296.4908,296.3647,296.2439,296.1291,296.0208,295.9198,295.8266,295.7417,295.6658,295.5994,295.5429,295.4968,295.4613,295.4368,295.4235,295.4213,295.4304,295.4506,295.4818,295.5238,295.5762,295.6387,295.7107,295.7918,295.8811,295.9778,296.0806,296.1876,296.296,296.4009,296.5016
14.959,310.7531,310.3323,309.9103,309.4852,309.061,308.6408,308.2263,307.819,307.4198,307.0293,306.6483,306.2771,305.9163,305.5661,305.2267,304.8983,304.5811,304.2749,303.9798,303.6955,303.4218,303.1583,302.9046,302.6603,302.4249,302.1978,301.9784,301.766,301.5602,301.3604,301.1658,300.9761,300.7906,300.609,300.4306,300.2552,300.0823,299.9116,299.7429,299.5758,299.4102,299.2459,299.0827,298.9205,298.7594,298.5991,298.4398,298.2814,298.1241,297.9679,297.813,297.6596,297.5078,297.358,297.2104,297.0653,296.9231,296.7843,296.6493,296.5185,296.3925,296.2719,296.1572,296.049,295.9479,295.8546,295.7695,295.6932,295.6264,295.5694,295.5226,295.4864,295.461,295.4467,295.4434,295.4513,295.4701,295.4999,295.5402,295.5908,295.6514,295.7213,295.8001,295.8869,295.9808,296.0805,296.1842,296.2889,296.3904,296.4906
15.9563,310.6666,310.2474,309.83,309.41,308.9908,308.5752,308.1652,307.7621,307.3668,306.9802,306.6028,306.2352,305.8777,305.5306,305.1943,304.8689,304.5545,304.251,303.9585,303.6766,303.4053,303.1441,302.8926,302.6503,302.4169,302.1916,301.974,301.7634,301.5592,301.3609,301.1679,300.9796,300.7956,300.6152,300.4382,300.2641,300.0924,299.9229,299.7553,299.5894,299.4248,299.2615,299.0993,298.9382,298.7779,298.6185,298.4601,298.3026,298.146,297.9906,297.8364,297.6837,297.5326,297.3833,297.2363,297.0917,296.9501,296.8117,296.677,296.5466,296.4209,296.3005,296.1859,296.0778,295.9767,295.8833,295.798,295.7215,295.6543,295.5968,295.5495,295.5126,295.4864,295.4712,295.4669,295.4736,295.4912,295.5195,295.5583,295.6072,295.6659,295.7338,295.8104,295.8948,295.9861,296.0829,296.1834,296.2847,296.3833,296.4839
16.9536,310.5801,310.162,309.7487,309.3336,308.9192,308.5083,308.1027,307.7037,307.3124,306.9296,306.5558,306.1917,305.8375,305.4937,305.1605,304.838,304.5265,304.2257,303.9358,303.6565,303.3875,303.1285,302.8792,302.6391,302.4076,302.1843,301.9685,301.7596,301.5571,301.3605,301.169,300.9822,300.7996,300.6207,300.445,300.2722,300.1018,299.9335,299.7671,299.6023,299.4389,299.2767,299.1155,298.9554,298.7961,298.6377,298.4801,298.3235,298.1678,298.0132,297.8598,297.7077,297.5573,297.4087,297.2623,297.1183,296.9772,296.8393,296.7051,296.575,296.4496,296.3295,296.2152,296.1072,296.0062,295.9127,295.8273,295.7506,295.6831,295.6252,295.5774,295.5399,295.513,295.4969,295.4917,295.4973,295.5137,295.5407,295.578,295.6253,295.6823,295.7483,295.8227,295.9049,295.9937,296.0878,296.1853,296.2836,296.3801,296.4814
17.9508,310.4938,310.0764,309.6665,309.256,308.8464,308.44,308.0387,307.6439,307.2565,306.8775,306.5074,306.1467,305.7959,305.4553,305.1252,304.8057,304.497,304.199,303.9117,303.6349,303.3684,303.1117,302.8646,302.6266,302.3972,302.1758,301.9618,301.7547,301.554,301.359,301.1691,300.9839,300.8027,300.6253,300.451,300.2795,300.1104,299.9434,299.7782,299.6146,299.4524,299.2913,299.1312,298.9721,298.8139,298.6564,298.4999,298.3441,298.1893,298.0356,297.883,297.7317,297.5821,297.4342,297.2884,297.1451,297.0045,296.8672,296.7334,296.6038,296.4788,296.359,296.2449,296.1372,296.0363,295.9428,295.8574,295.7806,295.7129,295.6546,295.6064,295.5683,295.5408,295.5239,295.5178,295.5224,295.5377,295.5634,295.5994,295.6452,295.7005,295.7647,295.8372,295.9171,296.0036,296.0951,296.1899,296.2855,296.3806,296.4831
18.9481,310.4074,309.9908,309.5835,309.1774,308.7723,308.3704,307.9733,307.5826,307.1992,306.824,306.4575,306.1003,305.7528,305.4155,305.0885,304.772,304.4662,304.171,303.8863,303.612,303.3479,303.0936,302.8488,302.6129,302.3855,302.1661,301.954,301.7488,301.5498,301.3564,301.1682,300.9845,300.8049,300.6289,300.4561,300.286,300.1182,299.9526,299.7887,299.6263,299.4653,299.3054,299.1464,298.9884,298.8312,298.6749,298.5193,298.3645,298.2106,298.0578,297.9061,297.7557,297.6068,297.4597,297.3146,297.172,297.032,296.8953,296.7621,296.633,296.5084,296.389,296.2752,296.1677,296.067,295.9737,295.8883,295.8114,295.7435,295.685,295.6363,295.5978,295.5697,295.5521,295.5452,295.5489,295.5631,295.5877,295.6224,295.6668,295.7205,295.783,295.8536,295.9316,296.0158,296.105,296.1973,296.2906,296.3852,296.489
19.9454,310.3212,309.9052,309.4998,309.0978,308.6971,308.2995,307.9067,307.52,307.1405,306.769,306.4061,306.0524,305.7083,305.3742,305.0503,304.7369,304.4339,304.1415,303.8595,303.5878,303.3262,303.0742,302.8316,302.5979,302.3726,302.1552,301.9451,301.7417,301.5445,301.3529,301.1663,300.9842,300.8062,300.6317,300.4603,300.2917,300.1253,299.961,299.7984,299.6374,299.4775,299.3188,299.1611,299.0043,298.8482,298.6929,298.5383,298.3846,298.2317,298.0798,297.929,297.7795,297.6315,297.4852,297.3409,297.1989,297.0597,296.9236,296.791,296.6625,296.5384,296.4194,296.306,296.1988,296.0983,296.0052,295.9199,295.843,295.7749,295.7163,295.6673,295.6284,295.5998,295.5816,295.5739,295.5768,295.59,295.6136,295.647,295.6901,295.7424,295.8033,295.8722,295.9482,296.0304,296.1174,296.2076,296.299,296.3937,296.4991
20.9426,310.235,309.8196,309.4157,309.0172,308.6207,308.2273,307.8387,307.456,307.0804,306.7126,306.3533,306.0031,305.6624,305.3315,305.0107,304.7003,304.4003,304.1106,303.8313,303.5622,303.3031,303.0535,302.8132,302.5817,302.3585,302.1431,301.935,301.7335,301.5381,301.3482,301.1634,300.983,300.8065,300.6336,300.4637,300.2965,300.1316,299.9687,299.8075,299.6477,299.4892,299.3318,299.1753,299.0196,298.8647,298.7105,298.5571,298.4044,298.2525,298.1016,297.9518,297.8032,297.6561,297.5106,297.3672,297.226,297.0875,296.9521,296.8202,296.6923,296.5688,296.4503,296.3373,296.2305,296.1303,296.0373,295.9522,295.8753,295.8073,295.7485,295.6993,295.66,295.631,295.6122,295.6039,295.606,295.6184,295.6409,295.6733,295.7152,295.7661,295.8255,295.8928,295.9671,296.0474,296.1325,296.2207,296.3108,296.4063,296.5133
21.9399,310.1488,309.7341,309.3312,308.9359,308.5433,308.154,307.7694,307.3907,307.0189,306.6548,306.2991,305.9524,305.615,305.2874,304.9698,304.6623,304.3652,304.0784,303.8018,303.5353,303.2787,303.0315,302.7935,302.5643,302.3432,302.1299,301.9237,301.7241,301.5306,301.3425,301.1594,300.9807,300.8059,300.6345,300.4662,300.3005,300.1371,299.9756,299.8158,299.6574,299.5002,299.3441,299.1888,299.0344,298.8807,298.7277,298.5754,298.4238,298.2731,298.1232,297.9744,297.8268,297.6806,297.5361,297.3935,297.2532,297.1155,296.9808,296.8496,296.7223,296.5995,296.4815,296.3691,296.2626,296.1628,296.0701,295.9852,295.9085,295.8404,295.7816,295.7322,295.6927,295.6633,295.6441,295.6352,295.6366,295.6482,295.6699,295.7012,295.742,295.7917,295.8497,295.9155,295.9882,296.0669,296.1501,296.2367,296.326,296.4229,296.5316
22.9372,310.0627,309.6487,309.2465,308.8538,308.4649,308.0796,307.6989,307.3241,306.9561,306.5957,306.2435,305.9002,305.5662,305.2418,304.9274,304.623,304.3288,304.0448,303.7709,303.507,303.2529,303.0082,302.7726,302.5456,302.3267,302.1154,301.9113,301.7136,301.522,301.3357,301.1544,300.9774,300.8043,300.6346,300.4678,300.3037,300.1418,299.9817,299.8234,299.6664,299.5106,299.3558,299.2018,299.0487,298.8962,298.7445,298.5933,298.4429,298.2933,298.1445,297.9968,297.8502,297.705,297.5614,297.4198,297.2804,297.1435,297.0097,296.8792,296.7527,296.6305,296.5131,296.4012,296.2953,296.1959,296.1036,296.0189,295.9423,295.8744,295.8155,295.7661,295.7264,295.6967,295.6771,295.6678,295.6686,295.6795,295.7003,295.7308,295.7705,295.8191,295.8759,295.9403,296.0116,296.0887,296.1705,296.2558,296.345,296.4435,296.554
23.9344,309.9767,309.5633,309.1618,308.771,308.3856,308.0041,307.6273,307.2562,306.892,306.5352,306.1866,305.8468,305.5161,305.1949,304.8836,304.5822,304.291,304.0098,303.7387,303.4774,303.2259,302.9836,302.7503,302.5256,302.3089,302.0998,301.8977,301.702,301.5123,301.3279,301.1483,300.9731,300.8017,300.6336,300.4685,300.3059,300.1456,299.9871,299.8302,299.6746,299.5203,299.3668,299.2143,299.0624,298.9113,298.7607,298.6109,298.4617,298.3132,298.1656,298.0189,297.8734,297.7293,297.5867,297.4461,297.3076,297.1717,297.0387,296.9091,296.7833,296.6618,296.5451,296.4338,296.3284,296.2295,296.1376,296.0532,295.9769,295.9092,295.8504,295.8009,295.7611,295.7312,295.7113,295.7016,295.7019,295.7122,295.7323,295.7619,295.8008,295.8483,295.904,295.9673,296.0372,296.113,296.1935,296.2779,296.3676,296.4681,296.5804
24.9317,309.8907,309.478,309.0771,308.6878,308.3055,307.9275,307.5545,307.1872,306.8266,306.4734,306.1283,305.7919,305.4646,305.1466,304.8384,304.5401,304.2518,303.9735,303.7051,303.4465,303.1975,302.9577,302.7268,302.5044,302.2899,302.0829,301.8829,301.6892,301.5014,301.3189,301.1412,300.9678,300.7981,300.6317,300.4683,300.3073,300.1486,299.9916,299.8362,299.6822,299.5292,299.3773,299.2261,299.0756,298.9258,298.7766,298.628,298.48,298.3328,298.1863,298.0409,297.8965,297.7534,297.612,297.4723,297.3348,297.1999,297.0678,296.939,296.8141,296.6934,296.5774,296.4668,296.362,296.2636,296.1722,296.0882,296.0123,295.9447,295.8861,295.8367,295.7969,295.7668,295.7467,295.7366,295.7365,295.7463,295.7658,295.7947,295.8327,295.8794,295.9341,295.9963,296.0652,296.1398,296.2193,296.3032,296.3941,296.4965,296.6109
25.929,309.8048,309.3927,308.9924,308.6042,308.2245,307.85,307.4806,307.117,306.76,306.4104,306.0688,305.7357,305.4117,305.097,304.7919,304.4966,304.2112,303.9358,303.6702,303.4142,303.1678,302.9305,302.702,302.4819,302.2696,302.0648,301.8669,301.6753,301.4894,301.3089,301.133,300.9614,300.7935,300.6289,300.4671,300.3078,300.1507,299.9953,299.8415,299.689,299.5375,299.387,299.2373,299.0882,298.9398,298.7919,298.6446,298.498,298.352,298.2068,298.0625,297.9193,297.7774,297.637,297.4985,297.3621,297.2281,297.097,296.9692,296.8451,296.7252,296.6101,296.5002,296.3961,296.2983,296.2074,296.1239,296.0483,295.9811,295.9226,295.8734,295.8336,295.8035,295.7832,295.7729,295.7725,295.7818,295.8008,295.8291,295.8665,295.9123,295.9662,296.0275,296.0954,296.1691,296.2479,296.3318,296.4244,296.5289,296.6453
26.9262,309.7189,309.3075,308.9079,308.5203,308.143,307.7717,307.4057,307.0456,306.6922,306.3461,306.0079,305.6783,305.3575,305.046,304.744,304.4518,304.1693,303.8967,303.6339,303.3806,303.1368,302.902,302.6759,302.4581,302.2482,302.0455,301.8497,301.6602,301.4763,301.2977,301.1238,300.954,300.7879,300.625,300.465,300.3074,300.1519,299.9982,299.846,299.695,299.5451,299.3961,299.2478,299.1002,298.9532,298.8067,298.6608,298.5155,298.3708,298.2269,298.0839,297.9419,297.8012,297.662,297.5246,297.3893,297.2564,297.1263,296.9994,296.8763,296.7573,296.643,296.5339,296.4305,296.3334,296.2431,296.1601,296.085,296.0182,295.96,295.911,295.8713,295.8412,295.8209,295.8104,295.8097,295.8187,295.8373,295.8651,295.9019,295.9471,296.0003,296.0608,296.1279,296.201,296.2794,296.3638,296.4584,296.5651,296.6836
27.9235,309.6331,309.2223,308.8234,308.4365,308.0608,307.6924,307.3298,306.9732,306.6232,306.2806,305.9458,305.6195,305.302,304.9937,304.6948,304.4056,304.1261,303.8564,303.5963,303.3457,303.1045,302.8722,302.6485,302.4331,302.2254,302.025,301.8313,301.6439,301.4621,301.2854,301.1134,300.9455,300.7813,300.6202,300.4619,300.3061,300.1523,300.0002,299.8496,299.7002,299.5519,299.4044,299.2577,299.1116,298.966,298.821,298.6765,298.5326,298.3893,298.2467,298.105,297.9643,297.8248,297.6868,297.5506,297.4164,297.2846,297.1556,297.0298,296.9077,296.7896,296.6762,296.568,296.4654,296.369,296.2794,296.197,296.1224,296.056,295.9982,295.9494,295.9099,295.88,295.8597,295.8491,295.8483,295.8571,295.8753,295.9028,295.939,295.9837,296.0363,296.0962,296.1628,296.2354,296.3137,296.3993,296.4962,296.6051,296.7258
28.9208,309.5474,309.1372,308.7389,308.3526,307.9782,307.6125,307.253,306.8997,306.5531,306.2139,305.8825,305.5595,305.2452,304.9401,304.6443,304.3581,304.0816,303.8147,303.5574,303.3095,303.0708,302.8411,302.6199,302.4068,302.2015,302.0033,301.8118,301.6264,301.4467,301.2721,301.102,300.936,300.7736,300.6144,300.4579,300.3038,300.1517,300.0014,299.8524,299.7047,299.558,299.4121,299.2669,299.1223,298.9783,298.8347,298.6917,298.5492,298.4073,298.2661,298.1257,297.9864,297.8482,297.7115,297.5765,297.4435,297.3129,297.185,297.0603,296.9392,296.8222,296.7097,296.6024,296.5006,296.4051,296.3162,296.2344,296.1604,296.0945,296.0372,295.9887,295.9495,295.9197,295.8995,295.889,295.8881,295.8968,295.9148,295.942,295.9779,296.0222,296.0744,296.1339,296.2001,296.2725,296.3511,296.4384,296.5376,296.6488,296.7719
29.918,309.4617,309.0522,308.6545,308.2688,307.8953,307.5318,307.1753,306.8252,306.482,306.146,305.818,305.4982,305.1872,304.8852,304.5925,304.3093,304.0357,303.7717,303.5171,303.272,303.0359,302.8087,302.59,302.3793,302.1763,301.9803,301.791,301.6078,301.4302,301.2575,301.0895,300.9254,300.7649,300.6075,300.4529,300.3006,300.1503,300.0016,299.8544,299.7084,299.5633,299.419,299.2755,299.1325,298.99,298.8479,298.7064,298.5654,298.4249,298.2851,298.1461,298.0081,297.8713,297.7359,297.6022,297.4705,297.3411,297.2144,297.0908,296.9709,296.8549,296.7435,296.6371,296.5363,296.4415,296.3534,296.2724,296.1991,296.1337,296.0769,296.0289,295.99,295.9605,295.9405,295.9301,295.9293,295.9379,295.9558,295.9828,296.0185,296.0626,296.1145,296.1737,296.2397,296.3122,296.3917,296.4811,296.5827,296.6964,296.8218
30.9153,309.376,308.9672,308.5701,308.1851,307.8123,307.4506,307.0968,306.7498,306.4098,306.0771,305.7523,305.4357,305.1279,304.829,304.5394,304.2592,303.9885,303.7274,303.4756,303.2331,302.9997,302.7751,302.5588,302.3505,302.1498,301.9562,301.7691,301.588,301.4125,301.2419,301.0758,300.9137,300.7552,300.5997,300.4469,300.2964,300.1479,300.001,299.8556,299.7112,299.5678,299.4252,299.2833,299.1419,299.001,298.8605,298.7205,298.581,298.4421,298.3037,298.1662,298.0296,297.8942,297.7602,297.6278,297.4974,297.3692,297.2438,297.1214,297.0026,296.8878,296.7774,296.6721,296.5722,296.4784,296.3912,296.311,296.2383,296.1737,296.1174,296.0699,296.0315,296.0023,295.9826,295.9724,295.9717,295.9804,295.9983,296.0252,296.0609,296.1048,296.1565,296.2157,296.2818,296.3547,296.4354,296.5273,296.6314,296.7476,296.8755
31.9126,309.2905,308.8822,308.4858,308.1014,307.7292,307.3689,307.0176,306.6735,306.3366,306.0071,305.6854,305.3721,305.0674,304.7716,304.4851,304.2079,303.9401,303.6817,303.4328,303.193,302.9622,302.7401,302.5264,302.3205,302.1222,301.9308,301.7459,301.567,301.3936,301.2251,301.0611,300.901,300.7444,300.5908,300.4399,300.2913,300.1446,299.9995,299.8558,299.7133,299.5716,299.4307,299.2904,299.1507,299.0114,298.8726,298.7341,298.5962,298.4588,298.322,298.1859,298.0508,297.9168,297.7842,297.6532,297.5241,297.3973,297.2732,297.1521,297.0345,296.9208,296.8116,296.7073,296.6085,296.5157,296.4294,296.35,296.2782,296.2143,296.1587,296.1117,296.0738,296.0451,296.0257,296.0158,296.0153,296.0242,296.0422,296.0693,296.1049,296.1488,296.2006,296.2599,296.3263,296.3999,296.4825,296.577,296.6837,296.8024,296.933
32.9098,309.2049,308.7974,308.4016,308.0178,307.6462,307.2869,306.9377,306.5964,306.2624,305.936,305.6175,305.3073,305.0057,304.713,304.4295,304.1552,303.8904,303.6349,303.3887,303.1516,302.9234,302.7039,302.4926,302.2892,302.0932,301.9042,301.7216,301.5449,301.3736,301.2072,301.0452,300.8872,300.7325,300.5809,300.4319,300.2852,300.1404,299.9971,299.8552,299.7144,299.5745,299.4354,299.2968,299.1588,299.0212,298.884,298.7472,298.6108,298.475,298.3397,298.2052,298.0716,297.9391,297.808,297.6784,297.5507,297.4253,297.3025,297.1827,297.0664,296.954,296.846,296.7429,296.6452,296.5534,296.468,296.3896,296.3186,296.2555,296.2006,296.1544,296.117,296.0888,296.0699,296.0604,296.0602,296.0694,296.0877,296.1149,296.1507,296.1948,296.2468,296.3064,296.3733,296.4481,296.533,296.6302,296.7395,296.8609,296.9941
33.9071,309.1195,308.7125,308.3174,307.9342,307.5633,307.2047,306.8573,306.5185,306.1874,305.864,305.5485,305.2414,304.9428,304.6532,304.3727,304.1014,303.8394,303.5867,303.3433,303.1089,302.8834,302.6664,302.4577,302.2567,302.0631,301.8764,301.696,301.5215,301.3524,301.1882,301.0283,300.8722,300.7196,300.57,300.423,300.2781,300.1352,299.9938,299.8538,299.7148,299.5767,299.4393,299.3025,299.1662,299.0303,298.8948,298.7596,298.6249,298.4907,298.3571,298.2241,298.0921,297.9611,297.8315,297.7034,297.5772,297.4532,297.3318,297.2134,297.0984,296.9873,296.8805,296.7786,296.6821,296.5914,296.5071,296.4297,296.3596,296.2974,296.2433,296.1978,296.1612,296.1336,296.1152,296.1062,296.1064,296.1159,296.1346,296.1621,296.1982,296.2426,296.295,296.3551,296.4229,296.4992,296.5868,296.6867,296.7989,296.923,297.0589
34.9044,309.0341,308.6278,308.2333,307.8507,307.4804,307.1224,306.7764,306.4399,306.1115,305.791,305.4785,305.1744,304.8789,304.5922,304.3146,304.0463,303.7872,303.5373,303.2967,303.065,302.8421,302.6277,302.4215,302.2229,302.0317,301.8473,301.6693,301.497,301.3301,301.168,301.0102,300.8562,300.7056,300.558,300.4129,300.2701,300.129,299.9896,299.8514,299.7143,299.578,299.4424,299.3074,299.1728,299.0387,298.9049,298.7715,298.6385,298.5059,298.3739,298.2426,298.1122,297.9828,297.8547,297.7282,297.6035,297.481,297.361,297.244,297.1304,297.0207,296.9152,296.8146,296.7193,296.6298,296.5466,296.4702,296.4012,296.3399,296.2867,296.242,296.2061,296.1792,296.1615,296.153,296.1538,296.1638,296.1829,296.2108,296.2474,296.2923,296.3453,296.4061,296.4751,296.5535,296.6439,296.7467,296.8616,296.9886,297.1273
35.9016,308.9487,308.5431,308.1492,307.7673,307.3975,307.0401,306.6952,306.3607,306.0348,305.7171,305.4075,305.1063,304.8138,304.5301,304.2555,303.99,303.7338,303.4867,303.2488,303.0198,302.7996,302.5878,302.384,302.1879,301.9991,301.8171,301.6413,301.4713,301.3066,301.1466,300.991,300.8391,300.6906,300.545,300.4019,300.261,300.1219,299.9844,299.8481,299.7129,299.5785,299.4447,299.3115,299.1788,299.0464,298.9144,298.7827,298.6515,298.5206,298.3903,298.2607,298.1319,298.0042,297.8777,297.7527,297.6296,297.5086,297.3902,297.2746,297.1625,297.0541,296.95,296.8507,296.7567,296.6684,296.5865,296.5112,296.4433,296.383,296.3308,296.287,296.2519,296.2258,296.2088,296.201,296.2025,296.2131,296.2327,296.2612,296.2984,296.3439,296.3976,296.4595,296.5299,296.6109,296.7042,296.8099,296.9278,297.0576,297.1993
36.8989,308.8634,308.4584,308.0652,307.6839,307.3147,306.958,306.6137,306.2809,305.9574,305.6423,305.3355,305.0372,304.7476,304.4668,304.1951,303.9325,303.6791,303.4349,303.1997,302.9734,302.7558,302.5465,302.3453,302.1517,301.9653,301.7856,301.6122,301.4444,301.2819,301.1242,300.9706,300.8209,300.6744,300.5309,300.3899,300.251,300.1139,299.9783,299.8439,299.7106,299.5781,299.4462,299.3149,299.184,299.0535,298.9233,298.7934,298.6639,298.5348,298.4062,298.2783,298.1512,298.0251,297.9003,297.777,297.6554,297.5361,297.4192,297.3052,297.1945,297.0876,296.985,296.8871,296.7944,296.7074,296.6267,296.5527,296.4859,296.4267,296.3755,296.3327,296.2986,296.2733,296.2572,296.2501,296.2523,296.2636,296.284,296.3132,296.3511,296.3974,296.4521,296.5152,296.5876,296.6714,296.7678,296.8765,296.9973,297.1302,297.2747
37.8962,308.7782,308.3738,307.9812,307.6005,307.232,306.8758,306.5322,306.2007,305.8793,305.5667,305.2627,304.9672,304.6804,304.4025,304.1336,303.8739,303.6233,303.3818,303.1494,302.9258,302.7108,302.5041,302.3054,302.1143,301.9303,301.753,301.5818,301.4164,301.2561,301.1005,300.9492,300.8015,300.6572,300.5157,300.3768,300.2399,300.1048,299.9712,299.8388,299.7075,299.5769,299.4469,299.3175,299.1885,299.0598,298.9314,298.8034,298.6757,298.5484,298.4216,298.2954,298.1701,298.0457,297.9226,297.801,297.6811,297.5634,297.4481,297.3357,297.2266,297.1212,297.0201,296.9236,296.8323,296.7467,296.6673,296.5946,296.529,296.471,296.4209,296.3792,296.346,296.3218,296.3065,296.3004,296.3034,296.3155,296.3367,296.3667,296.4055,296.4528,296.5087,296.5734,296.6481,296.735,296.8345,296.9462,297.0702,297.2061,297.3537
38.8934,308.693,308.2893,307.8973,307.5172,307.1493,306.7937,306.4507,306.1202,305.8007,305.4904,305.189,304.8962,304.6122,304.3371,304.0711,303.8141,303.5663,303.3276,303.0979,302.8769,302.6646,302.4605,302.2643,302.0756,301.894,301.7191,301.5503,301.3871,301.2291,301.0758,300.9266,300.7811,300.6389,300.4995,300.3626,300.2278,300.0948,299.9632,299.8328,299.7034,299.5748,299.4468,299.3193,299.1922,299.0654,298.9389,298.8127,298.6869,298.5614,298.4364,298.3121,298.1885,298.0659,297.9446,297.8247,297.7065,297.5905,297.4768,297.3661,297.2586,297.1548,297.0552,296.9602,296.8704,296.7863,296.7083,296.6369,296.5726,296.5158,296.4669,296.4263,296.3943,296.3711,296.3568,296.3517,296.3557,296.3687,296.3908,296.4219,296.4617,296.5102,296.5675,296.634,296.7115,296.8016,296.9043,297.0192,297.1463,297.2853,297.4361
39.8907,308.6079,308.2048,307.8134,307.434,307.0667,306.7117,306.3692,306.0394,305.7215,305.4134,305.1144,304.8243,304.543,304.2707,304.0074,303.7533,303.5082,303.2722,303.0452,302.8269,302.6171,302.4156,302.2219,302.0357,301.8566,301.684,301.5176,301.3567,301.201,301.0498,300.9029,300.7596,300.6195,300.4823,300.3475,300.2147,300.0837,299.9542,299.8258,299.6984,299.5718,299.4458,299.3203,299.1951,299.0702,298.9457,298.8214,298.6974,298.5739,298.4508,298.3283,298.2065,298.0858,297.9662,297.848,297.7317,297.6173,297.5055,297.3964,297.2906,297.1884,297.0904,296.997,296.9088,296.8261,296.7495,296.6796,296.6166,296.5612,296.5136,296.4742,296.4434,296.4213,296.4082,296.4041,296.4091,296.4233,296.4465,296.4786,296.5196,296.5695,296.6285,296.6973,296.7779,296.8713,296.9772,297.0953,297.2256,297.3679,297.5218
40.888,308.5228,308.1203,307.7296,307.3508,306.9841,306.6297,306.2878,305.9586,305.6419,305.3358,305.0391,304.7515,304.4729,304.2033,303.9427,303.6913,303.449,303.2157,302.9913,302.7757,302.5685,302.3695,302.1784,301.9947,301.818,301.6478,301.4837,301.3251,301.1717,301.0228,300.878,300.7369,300.599,300.4639,300.3312,300.2006,300.0717,299.9442,299.8179,299.6926,299.568,299.444,299.3204,299.1972,299.0744,298.9518,298.8294,298.7074,298.5857,298.4645,298.3439,298.2241,298.1051,297.9874,297.8711,297.7565,297.644,297.5339,297.4266,297.3225,297.222,297.1257,297.0339,296.9473,296.8662,296.7911,296.7226,296.6612,296.6071,296.5609,296.5228,296.4932,296.4724,296.4605,296.4576,296.4638,296.4791,296.5035,296.5369,296.5794,296.6308,296.6917,296.7632,296.8472,296.9439,297.0531,297.1746,297.3082,297.4537,297.6109
41.8852,308.4378,308.036,307.6459,307.2677,306.9016,306.5478,306.2065,305.8779,305.562,305.2576,304.9631,304.6779,304.4018,304.1349,303.877,303.6283,303.3887,303.158,302.9363,302.7233,302.5187,302.3223,302.1337,301.9524,301.7781,301.6104,301.4486,301.2924,301.1412,300.9946,300.8521,300.7132,300.5774,300.4445,300.314,300.1855,300.0587,299.9333,299.8091,299.6858,299.5632,299.4413,299.3198,299.1986,299.0777,298.9571,298.8368,298.7167,298.597,298.4777,298.3591,298.2411,298.1241,298.0083,297.8938,297.7811,297.6704,297.5621,297.4566,297.3543,297.2556,297.161,297.0709,296.9859,296.9065,296.833,296.7661,296.7061,296.6535,296.6087,296.5721,296.5439,296.5244,296.5137,296.5121,296.5196,296.5363,296.562,296.5969,296.6409,296.6941,296.7573,296.8319,296.9193,297.0194,297.132,297.2568,297.3938,297.5427,297.7033
42.8825,308.3528,307.9517,307.5622,307.1846,306.8191,306.4659,306.1252,305.7971,305.482,305.179,304.8865,304.6036,304.33,304.0655,303.8103,303.5642,303.3273,303.0993,302.8802,302.6698,302.4678,302.2739,302.0878,301.909,301.7371,301.5718,301.4124,301.2585,301.1096,300.9652,300.825,300.6883,300.5548,300.424,300.2957,300.1693,300.0446,299.9214,299.7993,299.6781,299.5576,299.4377,299.3183,299.1991,299.0803,298.9617,298.8434,298.7253,298.6076,298.4904,298.3737,298.2577,298.1426,298.0287,297.9162,297.8054,297.6966,297.5902,297.4865,297.386,297.2891,297.1963,297.108,297.0247,296.947,296.8752,296.8099,296.7515,296.7005,296.6572,296.622,296.5953,296.5772,296.568,296.5678,296.5767,296.5947,296.622,296.6584,296.7042,296.7595,296.8253,296.9033,296.9942,297.0978,297.2138,297.3421,297.4825,297.6348,297.7988
43.8798,308.2679,307.8674,307.4785,307.1016,306.7367,306.3841,306.044,305.7165,305.4019,305.1,304.8093,304.5285,304.2573,303.9953,303.7427,303.4992,303.2648,303.0395,302.823,302.6152,302.4157,302.2244,302.0407,301.8644,301.695,301.532,301.375,301.2234,301.0768,300.9348,300.7968,300.6623,300.531,300.4025,300.2763,300.1521,300.0296,299.9085,299.7885,299.6694,299.5511,299.4333,299.3159,299.1989,299.0821,298.9656,298.8493,298.7333,298.6176,298.5024,298.3877,298.2737,298.1607,298.0487,297.9382,297.8294,297.7225,297.618,297.5163,297.4177,297.3226,297.2316,297.1452,297.0637,296.9877,296.9176,296.854,296.7973,296.7479,296.7062,296.6726,296.6474,296.6308,296.6231,296.6245,296.6349,296.6545,296.6834,296.7216,296.7693,296.827,296.8958,296.9774,297.0719,297.179,297.2985,297.4304,297.5743,297.7301,297.8976
44.877,308.1831,307.7832,307.395,307.0186,306.6543,306.3023,305.9628,305.6359,305.3218,305.0207,304.7315,304.4528,304.1838,303.9243,303.6741,303.4332,303.2014,302.9786,302.7647,302.5594,302.3625,302.1737,301.9925,301.8187,301.6517,301.4911,301.3364,301.1872,301.0429,300.9032,300.7674,300.6352,300.5062,300.3799,300.2559,300.1339,300.0135,299.8946,299.7768,299.6599,299.5436,299.428,299.3127,299.1978,299.0832,298.9687,298.8545,298.7406,298.627,298.5138,298.4012,298.2893,298.1783,298.0684,297.9598,297.853,297.7481,297.6456,297.5458,297.4492,297.3561,297.267,297.1824,297.1027,297.0286,296.9603,296.8985,296.8435,296.7958,296.7558,296.7238,296.7003,296.6853,296.6792,296.6822,296.6943,296.7156,296.7463,296.7864,296.8364,296.8967,296.9689,297.0541,297.1522,297.2629,297.3861,297.5215,297.669,297.8284,297.9994
45.8743,308.0983,307.699,307.3114,306.9357,306.572,306.2206,305.8816,305.5553,305.2418,304.9413,304.6534,304.3765,304.1096,303.8524,303.6046,303.3662,303.1369,302.9167,302.7053,302.5026,302.3082,302.1219,301.9432,301.7718,301.6072,301.449,301.2967,301.1498,301.0079,300.8704,300.737,300.6071,300.4803,300.3562,300.2344,300.1146,299.9965,299.8797,299.7641,299.6493,299.5353,299.4218,299.3087,299.1959,299.0834,298.9711,298.859,298.7472,298.6357,298.5247,298.4141,298.3043,298.1954,298.0875,297.9811,297.8763,297.7735,297.673,297.5752,297.4805,297.3894,297.3023,297.2196,297.1419,297.0696,297.0032,296.9432,296.8901,296.8442,296.8059,296.7757,296.7539,296.7406,296.7363,296.741,296.7548,296.778,296.8107,296.8529,296.9053,296.9686,297.0445,297.1334,297.2352,297.3496,297.4764,297.6155,297.7666,297.9297,298.1043
46.8716,308.0136,307.6149,307.228,306.8528,306.4898,306.139,305.8006,305.4748,305.1618,304.8619,304.5749,304.2996,304.0348,303.7798,303.5343,303.2983,303.0715,302.8538,302.6449,302.4447,302.2528,302.0689,301.8927,301.7238,301.5616,301.4058,301.2559,301.1114,300.9718,300.8366,300.7054,300.5778,300.4532,300.3314,300.2119,300.0943,299.9784,299.8639,299.7504,299.6379,299.526,299.4147,299.3038,299.1932,299.0828,298.9727,298.8628,298.7531,298.6438,298.5349,298.4265,298.3188,298.212,298.1062,298.0019,297.8992,297.7985,297.7001,297.6044,297.5117,297.4227,297.3376,297.2569,297.1812,297.1108,297.0464,296.9883,296.937,296.893,296.8566,296.8282,296.8082,296.7968,296.7943,296.8008,296.8166,296.8417,296.8765,296.9211,296.9762,297.0429,297.1226,297.2153,297.3208,297.4389,297.5695,297.7123,297.8671,298.0339,298.2123
47.8689,307.9289,307.5309,307.1445,306.77,306.4076,306.0573,305.7195,305.3943,305.0819,304.7825,304.4962,304.2223,303.9593,303.7064,303.4632,303.2296,303.0052,302.7899,302.5835,302.3858,302.1964,302.015,301.8412,301.6746,301.5149,301.3615,301.2139,301.0718,300.9345,300.8016,300.6728,300.5474,300.4251,300.3056,300.1883,300.073,299.9593,299.847,299.7358,299.6255,299.5158,299.4067,299.298,299.1896,299.0815,298.9735,298.8658,298.7584,298.6512,298.5444,298.4382,298.3327,298.228,298.1245,298.0223,297.9218,297.8232,297.7269,297.6333,297.5428,297.4558,297.3728,297.2942,297.2205,297.1522,297.0898,297.0336,296.9843,296.9422,296.9078,296.8813,296.8632,296.8537,296.8532,296.8617,296.8795,296.9068,296.9438,296.991,297.0491,297.1195,297.203,297.2996,297.4089,297.5309,297.6652,297.8118,297.9705,298.141,298.3231
48.8661,307.8443,307.4469,307.0612,306.6873,306.3254,305.9758,305.6385,305.3139,305.0021,304.7032,304.4175,304.1447,303.8833,303.6324,303.3914,303.16,302.9379,302.7251,302.5211,302.3258,302.1388,301.9599,301.7885,301.6244,301.4671,301.316,301.1709,301.031,300.8961,300.7656,300.639,300.516,300.396,300.2787,300.1637,300.0506,299.9392,299.8292,299.7202,299.6121,299.5047,299.3978,299.2914,299.1852,299.0793,298.9736,298.8681,298.7629,298.6579,298.5534,298.4494,298.3461,298.2436,298.1423,298.0423,297.9439,297.8475,297.7534,297.662,297.5737,297.4888,297.408,297.3315,297.2599,297.1937,297.1333,297.0793,297.032,296.9919,296.9595,296.935,296.9189,296.9115,296.913,296.9236,296.9436,296.9732,297.0127,297.0627,297.1241,297.1984,297.2859,297.3863,297.4995,297.6254,297.7636,297.9141,298.0766,298.2509,298.4368
49.8634,307.7597,307.363,306.9779,306.6046,306.2433,305.8943,305.5576,305.2336,304.9223,304.6239,304.3387,304.0667,303.8068,303.5577,303.3188,303.0896,302.8698,302.6593,302.4578,302.2649,302.0803,301.9038,301.7349,301.5731,301.4182,301.2695,301.1267,300.9892,300.8566,300.7284,300.6042,300.4834,300.3657,300.2507,300.138,300.0272,299.9181,299.8103,299.7036,299.5978,299.4927,299.3881,299.2838,299.1799,299.0763,298.9729,298.8696,298.7666,298.664,298.5617,298.4599,298.3589,298.2587,298.1596,298.0618,297.9657,297.8716,297.7797,297.6905,297.6044,297.5217,297.4431,297.3688,297.2994,297.2353,297.1771,297.1251,297.08,297.042,297.0117,296.9894,296.9754,296.97,296.9737,296.9865,297.0088,297.0409,297.0831,297.1361,297.2013,297.2796,297.371,297.4754,297.5926,297.7224,297.8646,298.0189,298.1853,298.3636,298.5534
50.8607,307.6752,307.2791,306.8946,306.5219,306.1613,305.8128,305.4767,305.1532,304.8425,304.5447,304.26,303.9886,303.7299,303.4825,303.2455,303.0184,302.8009,302.5927,302.3935,302.203,302.0208,301.8466,301.6801,301.5208,301.3682,301.2219,301.0814,300.9463,300.8161,300.6902,300.5683,300.4498,300.3344,300.2217,300.1113,300.0028,299.896,299.7905,299.6861,299.5825,299.4797,299.3774,299.2755,299.1738,299.0725,298.9713,298.8704,298.7697,298.6693,298.5693,298.4699,298.3711,298.2732,298.1764,298.0809,297.9871,297.8952,297.8057,297.7187,297.6349,297.5545,297.4781,297.406,297.3388,297.277,297.221,297.1713,297.1283,297.0925,297.0644,297.0442,297.0325,297.0294,297.0353,297.0505,297.0753,297.11,297.1551,297.2115,297.2806,297.363,297.4585,297.5669,297.6881,297.8219,297.968,298.1264,298.2968,298.4789,298.6728
51.8579,307.5908,307.1953,306.8114,306.4394,306.0793,305.7314,305.3959,305.073,304.7628,304.4655,304.1814,303.9105,303.6527,303.4068,303.1716,302.9465,302.7312,302.5252,302.3283,302.1401,301.9603,301.7885,301.6243,301.4674,301.3172,301.1732,301.0351,300.9023,300.7744,300.6509,300.5313,300.4151,300.3021,300.1917,300.0835,299.9774,299.8728,299.7697,299.6676,299.5663,299.4658,299.3658,299.2662,299.1669,299.0678,298.969,298.8704,298.772,298.674,298.5763,298.4792,298.3828,298.2872,298.1927,298.0996,298.0081,297.9185,297.8313,297.7467,297.6652,297.5871,297.513,297.4432,297.3784,297.3188,297.2651,297.2176,297.1769,297.1435,297.1176,297.0997,297.0903,297.0895,297.0978,297.1155,297.1429,297.1804,297.2287,297.2888,297.3621,297.4486,297.5481,297.6607,297.7859,297.9238,298.074,298.2364,298.4108,298.597,298.7948
52.8552,307.5064,307.1115,306.7283,306.3568,305.9974,305.6501,305.3151,304.9928,304.6831,304.3864,304.1028,303.8324,303.5752,303.3306,303.0971,302.874,302.6607,302.4569,302.2622,302.0763,301.8988,301.7294,301.5676,301.4129,301.2651,301.1235,300.9877,300.8573,300.7317,300.6105,300.4932,300.3794,300.2686,300.1606,300.0548,299.9509,299.8487,299.7478,299.6481,299.5492,299.451,299.3533,299.256,299.1591,299.0624,298.9659,298.8696,298.7736,298.6779,298.5826,298.4879,298.3938,298.3006,298.2085,298.1178,298.0287,297.9415,297.8566,297.7744,297.6952,297.6196,297.5478,297.4804,297.4179,297.3607,297.3093,297.2642,297.2259,297.1948,297.1712,297.1558,297.1487,297.1504,297.1613,297.1816,297.2118,297.2523,297.3039,297.3681,297.4456,297.5362,297.64,297.7567,297.8861,298.028,298.1823,298.3488,298.5273,298.7176,298.9195
53.8525,307.422,307.0278,306.6452,306.2743,305.9155,305.5688,305.2344,304.9126,304.6035,304.3074,304.0242,303.7543,303.4977,303.2541,303.0222,302.8008,302.5896,302.3879,302.1954,302.0117,301.8365,301.6693,301.5098,301.3575,301.212,301.0727,300.9393,300.8112,300.6879,300.569,300.4541,300.3426,300.2342,300.1284,300.025,299.9235,299.8236,299.7251,299.6276,299.5311,299.4352,299.3399,299.245,299.1504,299.0561,298.962,298.8681,298.7745,298.6812,298.5883,298.4959,298.4043,298.3135,298.2238,298.1355,298.0488,297.964,297.8816,297.8018,297.7251,297.6518,297.5825,297.5175,297.4574,297.4027,297.3537,297.3111,297.2751,297.2464,297.2254,297.2124,297.2078,297.2121,297.2256,297.2487,297.2818,297.3256,297.381,297.4494,297.5311,297.626,297.734,297.8548,297.9884,298.1346,298.2931,298.4637,298.6463,298.8408,299.0468
54.8497,307.3378,306.9441,306.5621,306.1919,305.8336,305.4875,305.1537,304.8325,304.524,304.2283,303.9457,303.6763,303.4202,303.1774,302.9467,302.7271,302.5177,302.318,302.1277,301.9462,301.7732,301.6083,301.4511,301.3011,301.1579,301.021,300.8898,300.764,300.6431,300.5266,300.4139,300.3048,300.1987,300.0953,299.9942,299.895,299.7975,299.7013,299.6062,299.512,299.4186,299.3256,299.2331,299.1409,299.049,298.9573,298.8658,298.7746,298.6837,298.5933,298.5034,298.4141,298.3258,298.2386,298.1527,298.0685,297.9862,297.9062,297.8289,297.7547,297.6839,297.6171,297.5546,297.497,297.4447,297.3983,297.3581,297.3247,297.2985,297.28,297.2696,297.2676,297.2746,297.2909,297.3169,297.3531,297.4004,297.4598,297.5325,297.6185,297.7177,297.83,297.9551,298.093,298.2434,298.4061,298.5809,298.7678,298.9664,299.1766
55.847,307.2535,306.8605,306.4792,306.1095,305.7519,305.4063,305.0731,304.7524,304.4445,304.1494,303.8673,303.5984,303.3427,303.1004,302.8709,302.6528,302.4452,302.2475,302.0592,301.8798,301.7091,301.5464,301.3915,301.2437,301.1028,300.9682,300.8394,300.7159,300.5973,300.4831,300.3728,300.2659,300.1622,300.0611,299.9623,299.8655,299.7703,299.6765,299.5839,299.4921,299.401,299.3104,299.2203,299.1305,299.041,298.9518,298.8627,298.774,298.6856,298.5976,298.5101,298.4234,298.3376,298.2528,298.1695,298.0878,298.008,297.9305,297.8558,297.784,297.7158,297.6515,297.5916,297.5365,297.4868,297.4429,297.4053,297.3745,297.3509,297.335,297.3273,297.3281,297.3379,297.3571,297.3861,297.4257,297.4767,297.5404,297.6175,297.7079,297.8115,297.9281,298.0575,298.1997,298.3543,298.5213,298.7005,298.8916,299.0944,299.3089
56.8443,307.1694,306.777,306.3962,306.0272,305.6701,305.3252,304.9926,304.6724,304.365,304.0704,303.7889,303.5204,303.2653,303.0235,302.7948,302.5781,302.3722,302.1763,301.99,301.8127,301.6441,301.4836,301.3309,301.1854,301.0468,300.9144,300.7879,300.6667,300.5504,300.4385,300.3306,300.2261,300.1247,300.0259,299.9295,299.8351,299.7423,299.6508,299.5605,299.4711,299.3825,299.2943,299.2067,299.1193,299.0323,298.9455,298.8589,298.7726,298.6867,298.6012,298.5163,298.432,298.3487,298.2665,298.1857,298.1066,298.0294,297.9545,297.8823,297.8132,297.7475,297.6858,297.6285,297.5761,297.529,297.4877,297.4527,297.4246,297.4037,297.3905,297.3856,297.3892,297.4019,297.4242,297.4565,297.4996,297.5546,297.6228,297.7044,297.7992,297.9071,298.0281,298.1619,298.3084,298.4674,298.6388,298.8222,299.0176,299.2248,299.4435
57.8415,307.0852,306.6935,306.3134,305.9449,305.5885,305.2441,304.912,304.5925,304.2856,303.9915,303.7105,303.4426,303.1879,302.9465,302.7185,302.503,302.2986,302.1045,301.9201,301.7448,301.5783,301.42,301.2695,301.1262,300.9898,300.8597,300.7355,300.6166,300.5026,300.393,300.2874,300.1852,300.0861,299.9898,299.8957,299.8036,299.7132,299.6242,299.5363,299.4493,299.3631,299.2774,299.1921,299.1073,299.0227,298.9384,298.8543,298.7705,298.6871,298.6041,298.5218,298.4401,298.3593,298.2797,298.2015,298.1249,298.0503,297.9781,297.9085,297.842,297.779,297.72,297.6653,297.6156,297.5711,297.5326,297.5004,297.4749,297.4568,297.4465,297.4444,297.451,297.4667,297.4922,297.5279,297.5748,297.6342,297.7069,297.793,297.8922,298.0046,298.13,298.2683,298.4192,298.5826,298.7583,298.9462,299.1459,299.3575,299.5805
58.8388,307.0012,306.6101,306.2305,305.8627,305.5068,305.1631,304.8316,304.5126,304.2062,303.9127,303.6322,303.3648,303.1106,302.8697,302.6421,302.4275,302.2245,302.0321,301.8495,301.6762,301.5117,301.3555,301.2072,301.0661,300.9319,300.8041,300.6821,300.5655,300.4538,300.3465,300.2432,300.1434,300.0466,299.9526,299.8609,299.7712,299.6832,299.5966,299.5111,299.4265,299.3427,299.2595,299.1767,299.0944,299.0123,298.9304,298.8489,298.7677,298.6868,298.6064,298.5266,298.4475,298.3694,298.2924,298.2168,298.1428,298.0709,298.0013,297.9344,297.8706,297.8103,297.754,297.7021,297.655,297.6134,297.5776,297.5482,297.5256,297.5103,297.5029,297.5038,297.5134,297.5324,297.5612,297.6005,297.6515,297.7154,297.7927,297.8833,297.9871,298.104,298.2339,298.3766,298.532,298.6998,298.88,299.0722,299.2764,299.4923,299.7198
59.8361,306.9172,306.5267,306.1478,305.7806,305.4253,305.0821,304.7512,304.4327,304.1269,303.8339,303.5539,303.287,303.0333,302.7928,302.5657,302.3518,302.15,301.9592,301.7783,301.607,301.4444,301.2903,301.144,301.0052,300.8732,300.7475,300.6278,300.5135,300.4041,300.2991,300.198,300.1005,300.0062,299.9145,299.8252,299.7379,299.6522,299.568,299.485,299.4029,299.3215,299.2408,299.1605,299.0806,299.001,298.9218,298.8428,298.7641,298.6858,298.608,298.5308,298.4543,298.3788,298.3045,298.2315,298.1603,298.0911,298.0242,297.96,297.8989,297.8414,297.7878,297.7387,297.6945,297.6556,297.6227,297.5961,297.5764,297.5641,297.5597,297.5637,297.5765,297.5988,297.6311,297.6743,297.7296,297.7982,297.8801,297.9752,298.0836,298.2051,298.3395,298.4867,298.6466,298.819,299.0036,299.2003,299.409,299.6293,299.8613
60.8333,306.8332,306.4434,306.0651,305.6984,305.3437,305.0011,304.6708,304.3529,304.0477,303.7552,303.4757,303.2093,302.956,302.716,302.4893,302.276,302.0752,301.8858,301.7066,301.537,301.3764,301.2243,301.0801,300.9434,300.8135,300.6901,300.5726,300.4605,300.3534,300.2507,300.1519,300.0568,299.9647,299.8754,299.7885,299.7035,299.6203,299.5385,299.4579,299.3783,299.2994,299.2211,299.1434,299.066,298.989,298.9123,298.8358,298.7598,298.6841,298.6089,298.5343,298.4605,298.3877,298.316,298.2458,298.1773,298.1108,298.0467,297.9852,297.927,297.8722,297.8215,297.7752,297.7338,297.6979,297.6679,297.6443,297.6276,297.6183,297.617,297.6241,297.6403,297.666,297.702,297.7493,297.8092,297.8825,297.969,298.0688,298.1818,298.3079,298.4469,298.5987,298.7631,298.94,299.1292,299.3304,299.5436,299.7685,300.0049
61.8306,306.7493,306.3601,305.9824,305.6164,305.2623,304.9202,304.5905,304.2732,303.9684,303.6765,303.3975,303.1316,302.8788,302.6393,302.413,302.2001,302.0002,301.8119,301.6343,301.4665,301.3077,301.1576,301.0154,300.8808,300.7531,300.6318,300.5165,300.4067,300.3018,300.2013,300.1049,300.0121,299.9224,299.8354,299.7508,299.6683,299.5875,299.5082,299.43,299.3528,299.2764,299.2007,299.1254,299.0506,298.9761,298.902,298.8282,298.7547,298.6817,298.6091,298.5372,298.4661,298.396,298.3271,298.2596,298.1938,298.1301,298.0688,298.0102,297.9547,297.9029,297.855,297.8116,297.7732,297.7402,297.7132,297.6926,297.679,297.6728,297.6747,297.6851,297.7047,297.734,297.774,297.8256,297.8903,297.9682,298.0595,298.1639,298.2816,298.4123,298.5559,298.7124,298.8814,299.0629,299.2566,299.4625,299.6802,299.9096,300.1505
62.8279,306.6655,306.2769,305.8998,305.5344,305.1809,304.8394,304.5102,304.1934,303.8893,303.5979,303.3194,303.0539,302.8016,302.5626,302.3367,302.1242,301.9249,301.7378,301.5616,301.3954,301.2384,301.0902,300.95,300.8174,300.6918,300.5727,300.4596,300.3519,300.2493,300.1511,300.057,299.9664,299.8791,299.7945,299.7123,299.6322,299.5538,299.4769,299.4012,299.3265,299.2526,299.1793,299.1066,299.0344,298.9625,298.8909,298.8198,298.7489,298.6785,298.6087,298.5395,298.4711,298.4037,298.3375,298.2728,298.2099,298.149,298.0905,298.0348,297.9822,297.9333,297.8884,297.8479,297.8125,297.7825,297.7585,297.741,297.7306,297.7277,297.7328,297.7467,297.7698,297.8029,297.8469,297.9032,297.9726,298.0554,298.1514,298.2606,298.383,298.5184,298.6667,298.8277,299.0014,299.1876,299.3859,299.5964,299.8187,300.0527,300.2982
63.8251,306.5817,306.1937,305.8172,305.4524,305.0995,304.7586,304.43,304.1138,303.8102,303.5193,303.2413,302.9764,302.7245,302.4859,302.2605,302.0484,301.8495,301.6633,301.4884,301.3237,301.1685,301.0221,300.8839,300.7532,300.6297,300.5127,300.4018,300.2963,300.1959,300.1,300.0081,299.9199,299.8349,299.7526,299.6728,299.5951,299.5191,299.4447,299.3714,299.2992,299.2279,299.1572,299.087,299.0173,298.9481,298.8791,298.8106,298.7424,298.6747,298.6076,298.5411,298.4755,298.4109,298.3475,298.2856,298.2255,298.1675,298.1119,298.0591,298.0095,297.9635,297.9215,297.8841,297.8517,297.8248,297.804,297.7897,297.7824,297.7828,297.7914,297.8088,297.8356,297.8727,297.921,297.9821,298.0564,298.1439,298.2447,298.3587,298.4858,298.6259,298.779,298.9448,299.1231,299.3139,299.517,299.7321,299.959,300.1977,300.4478
64.8224,306.498,306.1106,305.7347,305.3705,305.0182,304.6779,304.3498,304.0342,303.7311,303.4408,303.1633,302.8988,302.6475,302.4093,302.1843,301.9726,301.7741,301.5886,301.4148,301.2516,301.098,300.9534,300.817,300.6884,300.5669,300.452,300.3432,300.2399,300.1417,300.048,299.9584,299.8725,299.7898,299.7099,299.6325,299.5572,299.4836,299.4116,299.3409,299.2712,299.2023,299.1342,299.0666,298.9995,298.9328,298.8666,298.8007,298.7352,298.6702,298.6058,298.5421,298.4793,298.4175,298.3569,298.2979,298.2407,298.1855,298.1329,298.083,298.0364,297.9934,297.9545,297.9202,297.8909,297.8672,297.8495,297.8385,297.8345,297.8383,297.8504,297.8714,297.9021,297.9433,297.9963,298.0622,298.1414,298.2338,298.3394,298.4582,298.5901,298.735,298.8928,299.0634,299.2465,299.442,299.6497,299.8695,300.1011,300.3445,300.5993
65.8197,306.4143,306.0276,305.6523,305.2887,304.937,304.5972,304.2697,303.9546,303.6521,303.3623,303.0853,302.8213,302.5704,302.3327,302.1082,301.8968,301.6987,301.5137,301.3409,301.179,301.027,300.8841,300.7496,300.6229,300.5034,300.3905,300.2838,300.1827,300.0866,299.9952,299.9079,299.8243,299.7439,299.6663,299.5913,299.5184,299.4473,299.3777,299.3094,299.2423,299.1759,299.1104,299.0454,298.9809,298.9169,298.8532,298.79,298.7273,298.665,298.6034,298.5425,298.4824,298.4235,298.3658,298.3097,298.2554,298.2032,298.1535,298.1066,298.063,298.0231,297.9873,297.9561,297.93,297.9095,297.8951,297.8874,297.8869,297.8942,297.9099,297.9347,297.9693,298.0148,298.0726,298.1435,298.2276,298.3249,298.4354,298.5591,298.6958,298.8456,299.0081,299.1835,299.3713,299.5716,299.7841,300.0086,300.245,300.493,300.7525
66.8169,306.3307,305.9446,305.5699,305.2069,304.8557,304.5166,304.1897,303.8751,303.5731,303.2838,303.0074,302.7439,302.4935,302.2562,302.0321,301.8211,301.6234,301.4388,301.2668,301.1061,300.9556,300.8143,300.6815,300.5567,300.4391,300.3283,300.2237,300.1247,300.0308,299.9416,299.8565,299.7752,299.6971,299.6219,299.5492,299.4787,299.4101,299.343,299.2772,299.2125,299.1487,299.0857,299.0233,298.9615,298.9001,298.8392,298.7787,298.7187,298.6592,298.6003,298.5422,298.485,298.4289,298.3742,298.321,298.2696,298.2204,298.1737,298.1299,298.0894,298.0526,298.02,297.992,297.9691,297.9519,297.9408,297.9365,297.9395,297.9503,297.9698,297.9984,298.0373,298.0874,298.1501,298.226,298.3151,298.4173,298.5327,298.6613,298.8029,298.9574,299.1249,299.305,299.4977,299.7028,299.92,300.1493,300.3905,300.6433,300.9075
67.8142,306.2472,305.8616,305.4876,305.1252,304.7746,304.436,304.1097,303.7957,303.4942,303.2054,302.9295,302.6665,302.4165,302.1797,301.956,301.7455,301.5481,301.3638,301.1925,301.0329,300.8837,300.7439,300.6129,300.4899,300.3742,300.2654,300.1628,300.0659,299.9742,299.8872,299.8044,299.7253,299.6495,299.5767,299.5064,299.4383,299.372,299.3074,299.2441,299.182,299.1208,299.0603,299.0006,298.9414,298.8826,298.8244,298.7666,298.7094,298.6527,298.5966,298.5414,298.4871,298.4339,298.382,298.3318,298.2834,298.2372,298.1936,298.1529,298.1155,298.0819,298.0524,298.0277,298.0081,297.9942,297.9866,297.9857,297.9923,298.0068,298.0301,298.0628,298.106,298.1609,298.2287,298.3096,298.4036,298.5108,298.6312,298.7647,298.9112,299.0707,299.243,299.428,299.6255,299.8354,300.0575,300.2916,300.5375,300.7951,301.0642
68.8115,306.1637,305.7788,305.4053,305.0435,304.6935,304.3555,304.0297,303.7163,303.4153,303.1271,302.8516,302.5891,302.3396,302.1033,301.88,301.6699,301.4729,301.289,301.118,300.9593,300.8114,300.6731,300.5437,300.4225,300.3087,300.2018,300.1013,300.0065,299.9169,299.832,299.7514,299.6746,299.6011,299.5306,299.4627,299.397,299.3332,299.271,299.2103,299.1506,299.092,299.0342,298.977,298.9205,298.8644,298.8089,298.7539,298.6994,298.6455,298.5923,298.5399,298.4885,298.4382,298.3894,298.3421,298.2968,298.2537,298.2131,298.1756,298.1414,298.1109,298.0847,298.0633,298.047,298.0366,298.0324,298.0351,298.0453,298.0637,298.0909,298.1278,298.1755,298.2354,298.3082,298.3942,298.4933,298.6055,298.7308,298.8693,299.0208,299.1852,299.3624,299.5523,299.7547,299.9694,300.1964,300.4353,300.6861,300.9485,301.2224
69.8087,306.0802,305.6959,305.3231,304.9619,304.6125,304.275,303.9498,303.6369,303.3365,303.0488,302.7738,302.5118,302.2628,302.0269,301.804,301.5943,301.3977,301.2141,301.0436,300.8856,300.7387,300.6019,300.4741,300.3546,300.2426,300.1377,300.0391,299.9463,299.8588,299.7762,299.6977,299.6232,299.552,299.4838,299.4182,299.3549,299.2936,299.2339,299.1756,299.1186,299.0625,299.0072,298.9527,298.8989,298.8455,298.7927,298.7405,298.6888,298.6377,298.5874,298.5379,298.4894,298.4421,298.3962,298.352,298.3097,298.2697,298.2323,298.1979,298.1669,298.1397,298.1169,298.0988,298.0859,298.0789,298.0783,298.0847,298.0986,298.1209,298.1521,298.1934,298.2458,298.3108,298.3888,298.4798,298.584,298.7012,298.8316,298.975,299.1315,299.3009,299.483,299.6778,299.8852,300.1048,300.3367,300.5805,300.8361,301.1034,301.3821
70.806,305.9968,305.6131,305.2409,304.8803,304.5315,304.1946,303.8699,303.5576,303.2577,302.9705,302.6961,302.4345,302.186,301.9505,301.7281,301.5188,301.3225,301.1393,300.9691,300.8116,300.6658,300.5303,300.404,300.2861,300.1759,300.0729,299.9762,299.8855,299.8001,299.7196,299.6434,299.571,299.5021,299.4363,299.373,299.3121,299.2532,299.196,299.1403,299.0857,299.0322,298.9796,298.9277,298.8765,298.8259,298.7759,298.7264,298.6775,298.6293,298.5819,298.5353,298.4897,298.4454,298.4026,298.3614,298.3222,298.2853,298.2511,298.2199,298.1922,298.1683,298.1488,298.1341,298.1248,298.1213,298.1243,298.1344,298.1522,298.1784,298.2139,298.2596,298.317,298.3871,298.4703,298.5664,298.6757,298.798,298.9334,299.0819,299.2434,299.4177,299.6048,299.8046,300.0169,300.2415,300.4783,300.727,300.9875,301.2597,301.5433
71.8033,305.9135,305.5304,305.1588,304.7988,304.4505,304.1143,303.7901,303.4783,303.179,302.8923,302.6184,302.3573,302.1092,301.8742,301.6522,301.4433,301.2474,301.0646,300.8947,300.7376,300.5927,300.4583,300.3334,300.2172,300.1087,300.0075,299.9128,299.8241,299.7407,299.6623,299.5883,299.5182,299.4515,299.388,299.3271,299.2686,299.2121,299.1574,299.1042,299.0522,299.0013,298.9513,298.9021,298.8535,298.8057,298.7584,298.7117,298.6657,298.6203,298.5758,298.5321,298.4896,298.4482,298.4084,298.3704,298.3343,298.3006,298.2696,298.2417,298.2172,298.1967,298.1806,298.1694,298.1636,298.1637,298.1704,298.1843,298.206,298.2363,298.2761,298.3265,298.389,298.4643,298.5526,298.6539,298.7683,298.8957,299.0362,299.1898,299.3563,299.5356,299.7278,299.9326,300.1498,300.3794,300.6211,300.8748,301.1402,301.4173,301.7058
72.8005,305.8302,305.4478,305.0767,304.7173,304.3696,304.0339,303.7104,303.3991,303.1003,302.8142,302.5407,302.2802,302.0325,301.7979,301.5764,301.3678,301.1723,300.9898,300.8203,300.6636,300.5193,300.386,300.2625,300.1478,300.0411,299.9416,299.8488,299.762,299.6807,299.6044,299.5325,299.4646,299.4003,299.339,299.2805,299.2244,299.1704,299.1181,299.0674,299.0179,298.9696,298.9222,298.8757,298.8299,298.7847,298.7402,298.6964,298.6532,298.6107,298.5691,298.5284,298.4888,298.4506,298.4138,298.3789,298.346,298.3155,298.2878,298.2631,298.242,298.2249,298.2122,298.2045,298.2023,298.2061,298.2165,298.2343,298.26,298.2945,298.3388,298.3941,298.4618,298.5423,298.6358,298.7423,298.8618,298.9944,299.14,299.2986,299.4702,299.6546,299.8518,300.0616,300.2839,300.5184,300.7651,301.0238,301.2942,301.5762,301.8697
73.7978,305.747,305.3651,304.9947,304.6359,304.2888,303.9537,303.6307,303.32,303.0217,302.736,302.4631,302.203,301.9559,301.7217,301.5006,301.2924,301.0973,300.9152,300.7459,300.5896,300.4458,300.3135,300.1913,300.078,299.9729,299.8752,299.7843,299.6994,299.6202,299.5459,299.4762,299.4105,299.3483,299.2894,299.2332,299.1795,299.1279,299.0781,299.0299,298.983,298.9373,298.8925,298.8487,298.8056,298.7632,298.7215,298.6805,298.6401,298.6006,298.5619,298.5242,298.4876,298.4524,298.4188,298.387,298.3573,298.33,298.3056,298.2843,298.2666,298.2529,298.2437,298.2396,298.241,298.2485,298.2628,298.2845,298.3143,298.3531,298.402,298.4623,298.5353,298.6211,298.7198,298.8315,298.9562,299.0939,299.2447,299.4084,299.5851,299.7746,299.9768,300.1917,300.419,300.6585,300.9102,301.1739,301.4493,301.7363,302.0347
74.7951,305.6638,305.2826,304.9128,304.5545,304.208,303.8735,303.551,303.2409,302.9431,302.658,302.3856,302.126,301.8793,301.6455,301.4248,301.2171,301.0223,300.8405,300.6716,300.5156,300.3723,300.2408,300.1197,300.0079,299.9043,299.8084,299.7192,299.6363,299.559,299.4868,299.4192,299.3557,299.2958,299.2391,299.1853,299.134,299.0848,299.0375,298.9918,298.9474,298.9043,298.8622,298.821,298.7807,298.7411,298.7021,298.664,298.6265,298.5899,298.5541,298.5195,298.486,298.4538,298.4233,298.3947,298.3682,298.3442,298.3231,298.3052,298.2909,298.2807,298.275,298.2745,298.2796,298.2909,298.3091,298.3348,298.3688,298.4121,298.4657,298.5312,298.6095,298.7006,298.8045,298.9215,299.0514,299.1943,299.3502,299.5191,299.7009,299.8955,300.1028,300.3227,300.5551,300.7997,301.0564,301.3251,301.6055,301.8975,302.2009
75.7923,305.5807,305.2001,304.8309,304.4732,304.1273,303.7933,303.4714,303.1618,302.8646,302.58,302.308,302.0489,301.8027,301.5694,301.3491,301.1417,300.9474,300.7659,300.5974,300.4416,300.2987,300.1679,300.0479,299.9374,299.8354,299.7411,299.6537,299.5727,299.4974,299.4272,299.3617,299.3003,299.2427,299.1883,299.1368,299.0878,299.0411,298.9962,298.953,298.9113,298.8708,298.8313,298.7928,298.7552,298.7183,298.6822,298.6469,298.6123,298.5787,298.5459,298.5142,298.4838,298.4548,298.4275,298.402,298.3788,298.3581,298.3403,298.3258,298.3149,298.3083,298.3062,298.3094,298.3182,298.3334,298.3555,298.3853,298.4236,298.4714,298.53,298.6008,298.6843,298.7807,298.89,299.0121,299.1473,299.2954,299.4565,299.6305,299.8175,300.0172,300.2297,300.4547,300.6921,300.9418,301.2036,301.4773,301.7628,302.0598,302.3682
76.7896,305.4976,305.1176,304.749,304.3919,304.0466,303.7132,303.3919,303.0828,302.7861,302.502,302.2306,301.9719,301.7262,301.4933,301.2734,301.0665,300.8725,300.6914,300.5231,300.3677,300.2251,300.0949,299.9759,299.8666,299.7661,299.6734,299.5878,299.5086,299.4352,299.3671,299.3037,299.2444,299.189,299.1369,299.0877,299.0411,298.9968,298.9544,298.9137,298.8745,298.8366,298.7998,298.764,298.7291,298.6951,298.6618,298.6293,298.5977,298.5669,298.5372,298.5086,298.4812,298.4553,298.4312,298.409,298.389,298.3716,298.3572,298.3461,298.3388,298.3357,298.3373,298.3441,298.3568,298.3758,298.402,298.436,298.4787,298.5312,298.5948,298.6709,298.7598,298.8615,298.976,299.1035,299.2439,299.3972,299.5635,299.7428,299.9349,300.1398,300.3573,300.5875,300.83,301.0848,301.3516,301.6304,301.921,302.223,302.5365
77.7869,305.4146,305.0352,304.6672,304.3107,303.966,303.6331,303.3124,303.0038,302.7077,302.4241,302.1532,301.895,301.6497,301.4173,301.1978,300.9912,300.7976,300.6169,300.449,300.2939,300.1515,300.0218,299.9037,299.7956,299.6965,299.6054,299.5215,299.4441,299.3726,299.3065,299.2451,299.1881,299.1348,299.0849,299.0381,298.9939,298.9519,298.912,298.8739,298.8372,298.8019,298.7678,298.7347,298.7025,298.6713,298.6408,298.6112,298.5825,298.5547,298.528,298.5024,298.4782,298.4555,298.4345,298.4156,298.3989,298.3849,298.3739,298.3662,298.3624,298.3629,298.3682,298.3788,298.3953,298.4183,298.4486,298.4868,298.534,298.5913,298.6601,298.7416,298.8358,298.9428,299.0627,299.1954,299.3411,299.4997,299.6713,299.8557,300.053,300.2631,300.4858,300.721,300.9687,301.2286,301.5006,301.7844,302.08,302.3872,302.7057
78.7842,305.3317,304.9529,304.5855,304.2296,303.8854,303.5531,303.2329,302.9249,302.6293,302.3462,302.0758,301.8181,301.5732,301.3413,301.1222,300.916,300.7228,300.5424,300.3748,300.22,300.078,299.9487,299.8313,299.7244,299.6266,299.537,299.4548,299.3792,299.3096,299.2454,299.1861,299.1312,299.0801,299.0325,298.988,298.9461,298.9066,298.8691,298.8335,298.7994,298.7667,298.7353,298.7049,298.6755,298.647,298.6194,298.5927,298.5669,298.5421,298.5184,298.4959,298.4748,298.4552,298.4375,298.4218,298.4085,298.3978,298.3903,298.3861,298.3859,298.39,298.399,298.4134,298.4338,298.4608,298.4952,298.5378,298.5896,298.6518,298.7259,298.8127,298.9123,299.0247,299.1499,299.288,299.4389,299.6028,299.7796,299.9693,300.1718,300.387,300.6149,300.8553,301.1081,301.3732,301.6503,301.9392,302.2399,302.5522,302.8758
79.7814,305.2488,304.8706,304.5038,304.1485,303.8049,303.4732,303.1535,302.846,302.551,302.2684,301.9985,301.7412,301.4968,301.2653,301.0467,300.8409,300.648,300.468,300.3007,300.1463,300.0045,299.8756,299.7589,299.653,299.5565,299.4684,299.3878,299.3139,299.2462,299.184,299.1267,299.0739,299.025,298.9796,298.9374,298.8979,298.8608,298.8258,298.7927,298.7612,298.7311,298.7023,298.6746,298.6479,298.6222,298.5975,298.5737,298.5509,298.5291,298.5084,298.489,298.471,298.4546,298.4401,298.4277,298.4178,298.4105,298.4064,298.4058,298.4092,298.417,298.4297,298.4479,298.4723,298.5034,298.542,298.589,298.6454,298.7126,298.7921,298.8844,298.9893,299.1071,299.2377,299.381,299.5373,299.7065,299.8885,300.0834,300.2912,300.5116,300.7447,300.9903,301.2483,301.5184,301.8007,302.0948,302.4006,302.7179,303.0466
80.7787,305.1659,304.7884,304.4221,304.0674,303.7244,303.3933,303.0741,302.7672,302.4727,302.1906,301.9212,301.6644,301.4205,301.1894,300.9712,300.7658,300.5733,300.3936,300.2267,300.0725,299.9311,299.8025,299.6864,299.5814,299.4861,299.3994,299.3205,299.2484,299.1825,299.1222,299.0669,299.0162,298.9695,298.9263,298.8864,298.8492,298.8145,298.782,298.7514,298.7224,298.695,298.6688,298.6438,298.6199,298.5971,298.5752,298.5543,298.5344,298.5156,298.498,298.4817,298.4669,298.4537,298.4425,298.4334,298.4268,298.423,298.4223,298.4253,298.4323,298.4438,298.4603,298.4824,298.5107,298.5459,298.5888,298.6403,298.7015,298.7739,298.8587,298.9564,299.0668,299.1899,299.3258,299.4746,299.6362,299.8106,299.998,300.1981,300.4111,300.6368,300.8751,301.1259,301.389,301.6643,301.9517,302.251,302.5619,302.8844,303.2182
81.776,305.0832,304.7062,304.3406,303.9864,303.644,303.3134,302.9948,302.6885,302.3944,302.1129,301.8439,301.5877,301.3442,301.1135,300.8957,300.6907,300.4986,300.3192,300.1527,299.9988,299.8577,299.7294,299.6138,299.5097,299.4156,299.3303,299.2529,299.1825,299.1184,299.0601,299.0068,298.9581,298.9136,298.8726,298.835,298.8001,298.7678,298.7378,298.7097,298.6833,298.6584,298.635,298.6127,298.5916,298.5715,298.5525,298.5345,298.5176,298.5018,298.4873,298.4741,298.4624,298.4525,298.4445,298.4387,298.4355,298.4352,298.4381,298.4446,298.4552,298.4704,298.4908,298.5168,298.5491,298.5885,298.6358,298.6918,298.7579,298.8354,298.9257,299.0288,299.1446,299.2731,299.4144,299.5685,299.7355,299.9152,300.1079,300.3133,300.5315,300.7625,301.006,301.262,301.5303,301.8108,302.1033,302.4077,302.7238,303.0514,303.3904
82.7732,305.0004,304.6241,304.259,303.9055,303.5636,303.2336,302.9156,302.6098,302.3163,302.0352,301.7668,301.511,301.2679,301.0377,300.8203,300.6157,300.4239,300.2449,300.0787,299.9252,299.7844,299.6564,299.5412,299.4379,299.3449,299.261,299.1851,299.1164,299.0541,298.9976,298.9464,298.8998,298.8573,298.8186,298.7832,298.7507,298.7208,298.6932,298.6676,298.6438,298.6216,298.6007,298.5812,298.5628,298.5456,298.5295,298.5144,298.5005,298.4877,298.4762,298.4661,298.4577,298.451,298.4463,298.4439,298.4441,298.4472,298.4536,298.4637,298.478,298.497,298.5212,298.5512,298.5876,298.6312,298.6828,298.7435,298.8145,298.8973,298.993,299.1015,299.2228,299.3567,299.5034,299.6629,299.8351,300.0203,300.2182,300.4289,300.6524,300.8886,301.1373,301.3985,301.6721,301.9578,302.2555,302.565,302.8863,303.219,303.5631
83.7705,304.9177,304.542,304.1775,303.8246,303.4833,303.1538,302.8364,302.5311,302.2381,301.9576,301.6896,301.4343,301.1917,300.9619,300.7449,300.5407,300.3493,300.1707,300.0048,299.8516,299.7111,299.5834,299.4686,299.3661,299.2742,299.1916,299.1172,299.0501,298.9896,298.935,298.8857,298.8411,298.8008,298.7643,298.7311,298.701,298.6735,298.6483,298.6252,298.604,298.5843,298.5662,298.5494,298.5338,298.5194,298.5061,298.494,298.483,298.4733,298.4649,298.4579,298.4527,298.4492,298.4478,298.4488,298.4524,298.459,298.4689,298.4827,298.5007,298.5235,298.5515,298.5855,298.626,298.6738,298.7299,298.7953,298.8713,298.9595,299.0606,299.1746,299.3012,299.4406,299.5927,299.7575,299.9352,300.1256,300.3289,300.5449,300.7737,301.0151,301.2691,301.5355,301.8142,302.1051,302.408,302.7228,303.0492,303.3871,303.7363
84.7678,304.8351,304.46,304.0961,303.7437,303.403,303.0741,302.7572,302.4525,302.16,301.88,301.6125,301.3577,301.1155,300.8862,300.6696,300.4658,300.2748,300.0965,299.9309,299.778,299.6379,299.5105,299.3961,299.2942,299.2033,299.122,299.049,298.9836,298.9248,298.8721,298.8247,298.7822,298.744,298.7097,298.6788,298.651,298.6259,298.6031,298.5826,298.5639,298.5469,298.5314,298.5173,298.5045,298.4929,298.4825,298.4733,298.4653,298.4586,298.4533,298.4495,298.4474,298.4472,298.4491,298.4535,298.4605,298.4706,298.4841,298.5015,298.5233,298.5498,298.5818,298.6197,298.6644,298.7165,298.7771,298.8472,298.9283,299.0219,299.1285,299.2478,299.3799,299.5247,299.6822,299.8524,300.0355,300.2312,300.4398,300.6612,300.8952,301.1419,301.4011,301.6728,301.9568,302.2529,302.561,302.8809,303.2125,303.5555,303.9099
85.765,304.7526,304.378,304.0148,303.663,303.3228,302.9945,302.6781,302.3739,302.082,301.8025,301.5355,301.2811,301.0394,300.8105,300.5943,300.3909,300.2002,300.0223,299.8571,299.7045,299.5647,299.4376,299.3236,299.2224,299.1324,299.0523,298.9808,298.9169,298.8599,298.809,298.7636,298.7231,298.687,298.6549,298.6263,298.6007,298.578,298.5577,298.5396,298.5235,298.5091,298.4963,298.4849,298.4749,298.4661,298.4586,298.4524,298.4474,298.4437,298.4415,298.4409,298.442,298.445,298.4503,298.458,298.4685,298.4821,298.4992,298.5202,298.5457,298.5761,298.612,298.654,298.7028,298.7593,298.8244,298.8993,298.9855,299.0845,299.1965,299.3213,299.4588,299.609,299.772,299.9476,300.136,300.3371,300.551,300.7777,301.017,301.269,301.5335,301.8104,302.0996,302.4009,302.7142,303.0393,303.3761,303.7243,304.0839
86.7623,304.67,304.2961,303.9334,303.5822,303.2427,302.9149,302.5991,302.2954,302.004,301.725,301.4585,301.2046,300.9633,300.7348,300.5191,300.316,300.1258,299.9482,299.7833,299.631,299.4915,299.3648,299.2512,299.1505,299.0615,298.9826,298.9125,298.8502,298.7949,298.7458,298.7023,298.6639,298.6299,298.5999,298.5735,298.5503,298.53,298.5121,298.4965,298.483,298.4712,298.461,298.4524,298.4451,298.4392,298.4346,298.4312,298.4292,298.4286,298.4295,298.432,298.4364,298.4427,298.4513,298.4624,298.4763,298.4934,298.5141,298.5389,298.5681,298.6023,298.6421,298.6882,298.7412,298.802,298.8717,298.9515,299.0428,299.1472,299.2647,299.3949,299.5379,299.6936,299.8619,300.0429,300.2367,300.4432,300.6624,300.8944,301.139,301.3963,301.666,301.9482,302.2426,302.5492,302.8677,303.198,303.5399,303.8934,304.258
87.7596,304.5876,304.2142,303.8522,303.5015,303.1625,302.8353,302.5201,302.2169,301.926,301.6475,301.3815,301.1281,300.8873,300.6592,300.4439,300.2412,300.0513,299.8741,299.7095,299.5576,299.4184,299.292,299.1788,299.0787,298.9906,298.9128,298.8441,298.7834,298.7298,298.6825,298.6409,298.6045,298.5726,298.5448,298.5206,298.4998,298.4818,298.4664,298.4533,298.4422,298.4331,298.4256,298.4197,298.4152,298.4121,298.4104,298.41,298.411,298.4134,298.4174,298.4231,298.4306,298.4402,298.4521,298.4666,298.484,298.5047,298.529,298.5574,298.5904,298.6284,298.6722,298.7224,298.7796,298.8448,298.9191,299.0038,299.1003,299.2101,299.333,299.4687,299.6171,299.7782,299.9519,300.1384,300.3375,300.5494,300.774,301.0113,301.2612,301.5237,301.7988,302.0862,302.3858,302.6976,303.0213,303.3568,303.704,304.0625,304.4324
88.7568,304.5052,304.1324,303.771,303.4209,303.0825,302.7558,302.4411,302.1385,301.8481,301.5701,301.3046,301.0516,300.8113,300.5837,300.3687,300.1665,299.9769,299.8,299.6358,299.4842,299.3453,299.2193,299.1064,299.007,298.9197,298.8431,298.7757,298.7165,298.6646,298.6191,298.5795,298.545,298.5152,298.4896,298.4677,298.4491,298.4335,298.4205,298.4099,298.4014,298.3949,298.39,298.3868,298.3851,298.3849,298.386,298.3886,298.3926,298.398,298.4051,298.414,298.4247,298.4376,298.4529,298.4708,298.4917,298.5159,298.5438,298.5759,298.6126,298.6546,298.7023,298.7565,298.818,298.8876,298.9666,299.0561,299.1579,299.273,299.4013,299.5425,299.6963,299.8629,300.042,300.2339,300.4384,300.6556,300.8856,301.1282,301.3834,301.6513,301.9315,302.2242,302.5291,302.8461,303.175,303.5158,303.8681,304.2318,304.6069
89.7541,304.4228,304.0507,303.6898,303.3403,303.0025,302.6764,302.3622,302.0601,301.7703,301.4928,301.2277,300.9752,300.7354,300.5081,300.2936,300.0917,299.9026,299.726,299.5621,299.4109,299.2723,299.1467,299.0342,298.9353,298.8489,298.7734,298.7073,298.6497,298.5994,298.5557,298.518,298.4855,298.4578,298.4343,298.4146,298.3984,298.3851,298.3746,298.3665,298.3605,298.3566,298.3544,298.3539,298.355,298.3576,298.3616,298.3671,298.3741,298.3826,298.3928,298.4048,298.4188,298.435,298.4536,298.4749,298.4992,298.527,298.5585,298.5943,298.6348,298.6806,298.7323,298.7907,298.8564,298.9305,299.014,299.1085,299.2155,299.336,299.4697,299.6163,299.7756,299.9476,300.1322,300.3294,300.5393,300.7619,300.9972,301.2451,301.5057,301.7788,302.0644,302.3623,302.6724,302.9946,303.3288,303.6747,304.0322,304.4012,304.7814
90.7514,304.3405,303.969,303.6087,303.2598,302.9225,302.597,302.2834,301.9818,301.6925,301.4155,301.1509,300.8989,300.6595,300.4327,300.2185,300.0171,299.8282,299.6521,299.4885,299.3376,299.1994,299.0741,298.962,298.8637,298.7781,298.7037,298.639,298.5828,298.5342,298.4924,298.4565,298.426,298.4004,298.3791,298.3616,298.3476,298.3367,298.3286,298.323,298.3196,298.3183,298.3188,298.321,298.3249,298.3303,298.3372,298.3456,298.3556,298.3672,298.3805,298.3957,298.4129,298.4323,298.4542,298.479,298.5068,298.5381,298.5732,298.6127,298.657,298.7067,298.7624,298.8248,298.8948,298.9733,299.0616,299.1609,299.2731,299.399,299.5381,299.6901,299.8549,300.0323,300.2223,300.4249,300.6402,300.8682,301.1088,301.3621,301.6279,301.9063,302.1971,302.5003,302.8157,303.1431,303.4825,303.8336,304.1963,304.5704,304.9558
91.7486,304.2583,303.8874,303.5276,303.1793,302.8426,302.5176,302.2046,301.9035,301.6147,301.3382,301.0741,300.8226,300.5836,300.3572,300.1435,299.9424,299.754,299.5781,299.4149,299.2643,299.1265,299.0015,298.8899,298.7922,298.7074,298.6341,298.5708,298.5161,298.4691,298.429,298.3951,298.3666,298.343,298.3238,298.3086,298.2969,298.2884,298.2827,298.2796,298.2787,298.28,298.2832,298.2881,298.2947,298.303,298.3128,298.3241,298.3371,298.3517,298.3681,298.3865,298.4069,298.4296,298.4549,298.483,298.5143,298.5491,298.5879,298.6311,298.6791,298.7327,298.7924,298.8589,298.9332,299.0162,299.1091,299.2134,299.3307,299.4619,299.6065,299.7639,299.9341,300.1169,300.3123,300.5204,300.741,300.9744,301.2203,301.4789,301.7501,302.0337,302.3298,302.6382,302.9588,303.2915,303.6361,303.9924,304.3603,304.7396,305.1301
92.7459,304.1761,303.8058,303.4466,303.0989,302.7628,302.4383,302.1258,301.8253,301.537,301.261,300.9974,300.7463,300.5078,300.2818,300.0685,299.8678,299.6797,299.5043,299.3414,299.1911,299.0536,298.929,298.8179,298.7208,298.6369,298.5647,298.5026,298.4494,298.4041,298.3658,298.3337,298.3072,298.2857,298.2687,298.2557,298.2463,298.2401,298.2368,298.2362,298.2379,298.2418,298.2476,298.2553,298.2646,298.2757,298.2884,298.3027,298.3186,298.3363,298.3558,298.3773,298.401,298.427,298.4556,298.4871,298.5219,298.5602,298.6026,298.6494,298.7013,298.7587,298.8224,298.8931,298.9716,299.059,299.1566,299.2658,299.3883,299.5248,299.6747,299.8376,300.0132,300.2014,300.4022,300.6157,300.8417,301.0804,301.3317,301.5956,301.872,302.161,302.4623,302.776,303.1018,303.4397,303.7895,304.151,304.5241,304.9085,305.3042
93.7432,304.094,303.7242,303.3657,303.0185,302.683,302.3591,302.0471,301.7471,301.4594,301.1839,300.9207,300.6701,300.432,300.2065,299.9936,299.7933,299.6056,299.4304,299.2679,299.118,298.9808,298.8566,298.7459,298.6495,298.5665,298.4953,298.4346,298.3829,298.3392,298.3027,298.2725,298.248,298.2285,298.2136,298.2029,298.1958,298.1919,298.1911,298.1929,298.1972,298.2036,298.2121,298.2225,298.2347,298.2485,298.2641,298.2813,298.3003,298.321,298.3436,298.3682,298.3951,298.4244,298.4563,298.4912,298.5294,298.5713,298.6173,298.6679,298.7235,298.7848,298.8524,298.9272,299.01,299.1018,299.2041,299.3182,299.4458,299.5875,299.7428,299.9111,300.0921,300.2858,300.492,300.7108,300.9422,301.1862,301.4429,301.7121,301.9938,302.288,302.5946,302.9135,303.2446,303.5877,303.9426,304.3093,304.6876,305.0772,305.4781
94.7404,304.0119,303.6428,303.2848,302.9382,302.6032,302.2799,301.9684,301.669,301.3817,301.1067,300.8441,300.5939,300.3563,300.1312,299.9187,299.7188,299.5314,299.3566,299.1944,299.0449,298.908,298.7843,298.6741,298.5783,298.4962,298.4262,298.3667,298.3166,298.2745,298.2398,298.2114,298.1889,298.1715,298.1588,298.1502,298.1454,298.1439,298.1455,298.1498,298.1566,298.1657,298.1768,298.1899,298.2048,298.2215,298.2399,298.2601,298.282,298.3058,298.3315,298.3593,298.3893,298.4219,298.4571,298.4954,298.5371,298.5825,298.6321,298.6863,298.7457,298.8109,298.8825,298.9614,299.0484,299.1447,299.2515,299.3705,299.5031,299.6501,299.8108,299.9844,300.1708,300.3699,300.5815,300.8057,301.0425,301.2918,301.5538,301.8283,302.1153,302.4148,302.7266,303.0507,303.387,303.7353,304.0955,304.4673,304.8508,305.2455,305.6515
95.7377,303.9299,303.5613,303.204,302.858,302.5235,302.2007,301.8898,301.5909,301.3042,301.0297,300.7675,300.5178,300.2806,300.0559,299.8438,299.6443,299.4573,299.2829,299.121,298.9718,298.8353,298.712,298.6023,298.5073,298.4261,298.3572,298.2991,298.2504,298.21,298.177,298.1506,298.13,298.1147,298.1041,298.0978,298.0953,298.0962,298.1001,298.1069,298.1163,298.1279,298.1417,298.1575,298.1752,298.1947,298.2159,298.239,298.2639,298.2907,298.3195,298.3504,298.3837,298.4195,298.4581,298.4997,298.5449,298.5938,298.6469,298.7048,298.768,298.837,298.9126,298.9955,299.0868,299.1875,299.2989,299.4227,299.5603,299.7126,299.8785,300.0575,300.2493,300.4538,300.6708,300.9003,301.1425,301.3971,301.6644,301.9442,302.2365,302.5412,302.8583,303.1876,303.5291,303.8826,304.2479,304.6249,305.0135,305.4135,305.8246
96.735,303.8479,303.48,303.1232,302.7778,302.4439,302.1217,301.8113,301.5129,301.2267,300.9527,300.691,300.4417,300.205,299.9807,299.769,299.5699,299.3832,299.2092,299.0477,298.8988,298.7627,298.6398,298.5307,298.4364,298.3562,298.2884,298.2317,298.1845,298.1458,298.1145,298.09,298.0714,298.0582,298.0497,298.0456,298.0454,298.0486,298.055,298.0643,298.0761,298.0904,298.1068,298.1253,298.1457,298.168,298.1922,298.2182,298.246,298.2758,298.3077,298.3418,298.3782,298.4173,298.4591,298.5042,298.5527,298.6052,298.6619,298.7234,298.7903,298.8631,298.9427,299.0297,299.1252,299.2302,299.3463,299.4748,299.6174,299.7748,299.946,300.1304,300.3275,300.5373,300.7597,300.9946,301.2421,301.5021,301.7746,302.0597,302.3572,302.6672,302.9895,303.3241,303.6707,304.0294,304.3999,304.7821,305.1758,305.5809,305.9971
97.7322,303.766,303.3986,303.0424,302.6976,302.3643,302.0426,301.7328,301.4349,301.1492,300.8757,300.6145,300.3657,300.1294,299.9056,299.6943,299.4955,299.3092,299.1355,298.9743,298.8258,298.6901,298.5677,298.4592,298.3658,298.2865,298.2199,298.1645,298.1188,298.0818,298.0523,298.0297,298.0131,298.0019,297.9956,297.9937,297.9958,298.0014,298.0102,298.0219,298.0363,298.0531,298.0722,298.0934,298.1166,298.1417,298.1687,298.1976,298.2284,298.2612,298.2961,298.3333,298.3729,298.4152,298.4604,298.5088,298.5607,298.6167,298.6769,298.7421,298.8127,298.8894,298.9728,299.0639,299.1635,299.273,299.3935,299.5268,299.6743,299.8367,300.0132,300.2029,300.4054,300.6206,300.8483,301.0886,301.3413,301.6066,301.8845,302.1748,302.4776,302.7928,303.1203,303.46,303.8119,304.1757,304.5514,304.9387,305.3375,305.7477,306.1691
98.7295,303.6841,303.3174,302.9618,302.6175,302.2847,301.9636,301.6543,301.357,301.0718,300.7988,300.538,300.2897,300.0538,299.8304,299.6195,299.4211,299.2353,299.0619,298.9011,298.7529,298.6176,298.4956,298.3879,298.2953,298.2171,298.1517,298.0976,298.0535,298.0181,297.9904,297.9697,297.9551,297.946,297.9418,297.9422,297.9465,297.9545,297.9657,297.9799,297.9968,298.0162,298.0379,298.0618,298.0877,298.1156,298.1454,298.1772,298.211,298.2468,298.2848,298.3251,298.3679,298.4134,298.4618,298.5136,298.5689,298.6283,298.6921,298.7609,298.8352,298.9157,299.003,299.0981,299.2019,299.3157,299.4407,299.5787,299.7309,299.8984,300.08,300.275,300.4829,300.7034,300.9365,301.1821,301.4401,301.7107,301.9938,302.2894,302.5974,302.9178,303.2505,303.5954,303.9525,304.3214,304.7022,305.0947,305.4987,305.914,306.3404
99.7268,303.6023,303.2362,302.8811,302.5374,302.2052,301.8847,301.5759,301.2791,300.9944,300.7219,300.4616,300.2138,299.9783,299.7554,299.5449,299.3468,299.1613,298.9883,298.8278,298.68,298.5451,298.4237,298.3167,298.2251,298.1479,298.0837,298.031,297.9884,297.9547,297.9289,297.91,297.8974,297.8904,297.8884,297.891,297.8976,297.9079,297.9216,297.9382,297.9577,297.9796,298.004,298.0305,298.0592,298.0899,298.1226,298.1572,298.1939,298.2328,298.2738,298.3172,298.3631,298.4118,298.4635,298.5186,298.5773,298.6401,298.7075,298.7798,298.8578,298.942,299.0332,299.1323,299.2403,299.3583,299.4878,299.6304,299.7874,299.9597,300.1466,300.3468,300.56,300.7858,301.0242,301.2751,301.5384,301.8143,302.1027,302.4035,302.7167,303.0423,303.3802,303.7303,304.0924,304.4665,304.8524,305.25,305.6591,306.0795,306.511
100.724,303.5206,303.155,302.8005,302.4574,302.1258,301.8058,301.4976,301.2013,300.9171,300.645,300.3853,300.1379,299.9029,299.6803,299.4702,299.2726,299.0874,298.9148,298.7547,298.6072,298.4728,298.3519,298.2457,298.1551,298.079,298.0161,297.9648,297.9238,297.8918,297.8677,297.8508,297.8402,297.8353,297.8355,297.8402,297.8491,297.8618,297.8779,297.897,297.9189,297.9435,297.9705,297.9997,298.0311,298.0645,298.1,298.1376,298.1772,298.219,298.2631,298.3095,298.3586,298.4105,298.4654,298.5238,298.5859,298.6521,298.723,298.7989,298.8805,298.9685,299.0635,299.1666,299.2786,299.4009,299.5348,299.6819,299.8436,300.0207,300.2127,300.4181,300.6366,300.8677,301.1114,301.3676,301.6362,301.9173,302.2109,302.5169,302.8353,303.1661,303.5092,303.8644,304.2317,304.6109,305.0019,305.4046,305.8187,306.2442,306.6808
101.7213,303.4389,303.0739,302.72,302.3775,302.0464,301.7269,301.4193,301.1235,300.8398,300.5683,300.309,300.062,299.8275,299.6053,299.3956,299.1984,299.0136,298.8413,298.6815,298.5345,298.4005,298.2802,298.1749,298.0853,298.0104,297.9488,297.899,297.8595,297.8292,297.807,297.792,297.7834,297.7806,297.7829,297.7899,297.8011,297.8161,297.8346,297.8562,297.8807,297.9078,297.9374,297.9693,298.0034,298.0396,298.0779,298.1183,298.1609,298.2056,298.2527,298.3022,298.3544,298.4095,298.4676,298.5293,298.5947,298.6644,298.7387,298.8181,298.9034,298.995,299.0939,299.2009,299.317,299.4434,299.5817,299.7333,299.8995,300.0814,300.2783,300.489,300.7127,300.9491,301.198,301.4595,301.7334,302.0197,302.3185,302.6297,302.9533,303.2892,303.6374,303.9978,304.3702,304.7545,305.1506,305.5583,305.9775,306.408,306.8497
102.7186,303.3572,302.9928,302.6395,302.2976,301.967,301.6481,301.341,301.0458,300.7626,300.4915,300.2327,299.9862,299.7521,299.5304,299.3211,299.1242,298.9398,298.7679,298.6085,298.4618,298.3282,298.2086,298.1044,298.0159,297.9422,297.8819,297.8336,297.7957,297.7671,297.7468,297.7337,297.7271,297.7264,297.7309,297.7401,297.7536,297.771,297.7918,297.8159,297.8429,297.8726,297.9048,297.9393,297.9761,298.0151,298.0562,298.0995,298.1449,298.1926,298.2427,298.2953,298.3506,298.4088,298.4701,298.535,298.6038,298.6768,298.7546,298.8376,298.9264,299.0217,299.1244,299.2352,299.3553,299.4859,299.6285,299.7844,299.9552,300.1417,300.3435,300.5593,300.7883,301.0299,301.2841,301.5508,301.8299,302.1214,302.4254,302.7418,303.0706,303.4116,303.7649,304.1304,304.5079,304.8973,305.2984,305.7112,306.1354,306.571,307.0177
103.7158,303.2757,302.9118,302.5591,302.2177,301.8877,301.5694,301.2628,300.9681,300.6854,300.4148,300.1565,299.9105,299.6768,299.4555,299.2466,299.0501,298.866,298.6945,298.5354,298.3892,298.2561,298.1373,298.0341,297.9468,297.8744,297.8155,297.7686,297.7324,297.7055,297.687,297.6758,297.6713,297.6727,297.6793,297.6908,297.7066,297.7263,297.7496,297.7761,297.8056,297.8378,297.8726,297.9099,297.9494,297.9911,298.035,298.0811,298.1295,298.1801,298.2331,298.2887,298.3471,298.4084,298.473,298.5411,298.6132,298.6895,298.7707,298.8572,298.9495,299.0485,299.1549,299.2696,299.3937,299.5284,299.6751,299.8354,300.0106,300.2016,300.4082,300.6291,300.8632,301.1101,301.3695,301.6414,301.9257,302.2225,302.5316,302.8531,303.187,303.5332,303.8916,304.2621,304.6447,305.0391,305.4453,305.8631,306.2924,306.7329,307.1846
104.7131,303.1941,302.8309,302.4788,302.1379,301.8085,301.4907,301.1846,300.8904,300.6083,300.3382,300.0803,299.8347,299.6015,299.3806,299.1721,298.976,298.7923,298.6211,298.4625,298.3166,298.1841,298.0662,297.9642,297.878,297.8069,297.7494,297.7041,297.6695,297.6444,297.6277,297.6186,297.6161,297.6195,297.6284,297.6421,297.6602,297.6823,297.7079,297.7369,297.7689,297.8037,297.8411,297.8809,297.9231,297.9676,298.0143,298.0632,298.1144,298.168,298.224,298.2826,298.344,298.4084,298.4762,298.5475,298.6228,298.7025,298.787,298.8769,298.9729,299.0754,299.1855,299.304,299.432,299.5707,299.7216,299.8861,300.0656,300.2611,300.4724,300.6983,300.9376,301.1896,301.4542,301.7313,302.0208,302.3227,302.637,302.9636,303.3026,303.6539,304.0173,304.3929,304.7805,305.18,305.5912,306.014,306.4483,306.8938,307.3504
105.7104,303.1126,302.75,302.3984,302.0582,301.7293,301.412,301.1065,300.8128,300.5312,300.2616,300.0042,299.7591,299.5262,299.3058,299.0977,298.902,298.7187,298.5478,298.3895,298.2442,298.1123,297.9953,297.8945,297.8097,297.7399,297.6839,297.6401,297.6072,297.5839,297.5691,297.5619,297.5614,297.567,297.578,297.594,297.6144,297.6388,297.6669,297.6983,297.7328,297.7701,297.8101,297.8526,297.8974,297.9446,297.9941,298.0458,298.0999,298.1563,298.2153,298.2769,298.3413,298.4088,298.4797,298.5542,298.6328,298.7157,298.8036,298.897,298.9964,299.1025,299.2162,299.3385,299.4703,299.613,299.768,299.9367,300.1204,300.3202,300.5361,300.7669,301.0112,301.2684,301.5382,301.8204,302.1151,302.4221,302.7415,303.0733,303.4173,303.7736,304.1422,304.5228,304.9154,305.3198,305.736,306.1638,306.603,307.0535,307.5151
106.7077,303.0312,302.6691,302.3182,301.9785,301.6502,301.3335,301.0285,300.7353,300.4541,300.185,299.9281,299.6834,299.4511,299.231,299.0233,298.828,298.645,298.4746,298.3167,298.1718,298.0406,297.9247,297.8252,297.7417,297.6734,297.6188,297.5766,297.5454,297.5239,297.511,297.5058,297.5074,297.5151,297.5283,297.5465,297.5692,297.596,297.6264,297.6603,297.6973,297.7371,297.7797,297.8248,297.8724,297.9223,297.9745,298.029,298.0859,298.1452,298.2071,298.2717,298.3391,298.4097,298.4836,298.5613,298.643,298.7293,298.8205,298.9172,299.02,299.1297,299.2471,299.373,299.5087,299.6553,299.8143,299.987,300.1749,300.3789,300.5992,300.8348,301.0842,301.3465,301.6214,301.9088,302.2085,302.5206,302.8451,303.182,303.5311,303.8924,304.2659,304.6515,305.0491,305.4586,305.8797,306.3125,306.7566,307.212,307.6785
107.7049,302.9498,302.5884,302.238,301.8988,301.5711,301.2549,300.9504,300.6578,300.3771,300.1085,299.8521,299.6079,299.3759,299.1563,298.949,298.754,298.5715,298.4014,298.2439,298.0995,297.9691,297.8545,297.7563,297.6742,297.6073,297.5543,297.5138,297.4843,297.4646,297.4536,297.4503,297.454,297.4638,297.4792,297.4997,297.5247,297.5538,297.5867,297.623,297.6624,297.7048,297.75,297.7977,297.8479,297.9005,297.9554,298.0127,298.0724,298.1346,298.1994,298.2669,298.3373,298.4109,298.488,298.5688,298.6537,298.7431,298.8376,298.9377,299.0439,299.1571,299.278,299.4076,299.547,299.6975,299.8604,300.0372,300.2291,300.4372,300.6618,300.9021,301.1564,301.4237,301.7037,301.9962,302.3011,302.6183,302.9478,303.2897,303.6438,304.0101,304.3887,304.7792,305.1818,305.5961,306.0222,306.4599,306.9089,307.3692,307.8406
108.7022,302.8685,302.5076,302.1578,301.8192,301.4921,301.1764,300.8725,300.5804,300.3002,300.0321,299.7761,299.5323,299.3008,299.0816,298.8747,298.6801,298.4979,298.3282,298.1712,298.0273,297.8979,297.7846,297.6878,297.6072,297.5418,297.4904,297.4515,297.4237,297.4059,297.3968,297.3955,297.4013,297.4132,297.4309,297.4536,297.4808,297.5123,297.5476,297.5863,297.6283,297.6732,297.7209,297.7712,297.824,297.8793,297.937,297.9971,298.0596,298.1246,298.1922,298.2627,298.3361,298.4127,298.4927,298.5766,298.6647,298.7573,298.855,298.9584,299.068,299.1846,299.309,299.4422,299.5853,299.7396,299.9064,300.0871,300.283,300.4952,300.7238,300.9686,301.2278,301.5002,301.7852,302.0827,302.3927,302.7149,303.0495,303.3963,303.7554,304.1268,304.5102,304.9057,305.3132,305.7325,306.1635,306.606,307.0599,307.5251,308.0013
109.6995,302.7872,302.4269,302.0777,301.7397,301.4131,301.098,300.7946,300.503,300.2233,299.9557,299.7001,299.4568,299.2257,299.0069,298.8004,298.6062,298.4244,298.2551,298.0985,297.9553,297.8271,297.7151,297.6198,297.5407,297.4769,297.427,297.3898,297.3638,297.3478,297.3407,297.3415,297.3493,297.3634,297.3832,297.4082,297.4378,297.4716,297.5092,297.5504,297.5948,297.6422,297.6925,297.7454,297.8009,297.8588,297.9192,297.982,298.0473,298.1151,298.1856,298.2589,298.3353,298.4148,298.4979,298.5849,298.676,298.7718,298.8728,298.9794,299.0923,299.2123,299.3402,299.4769,299.6237,299.7816,299.9522,300.1368,300.3366,300.5527,300.7854,301.0344,301.2984,301.5757,301.8658,302.1683,302.4833,302.8105,303.1501,303.5019,303.866,304.2422,304.6306,305.031,305.4434,305.8675,306.3034,306.7508,307.2095,307.6795,308.1606
110.6967,302.706,302.3463,301.9977,301.6602,301.3341,301.0196,300.7167,300.4256,300.1464,299.8793,299.6242,299.3814,299.1507,298.9323,298.7262,298.5324,298.351,298.1821,298.026,297.8836,297.7566,297.646,297.5522,297.4747,297.4125,297.3643,297.3288,297.3046,297.2905,297.2853,297.2881,297.298,297.3143,297.3363,297.3635,297.3954,297.4316,297.4716,297.5152,297.5621,297.612,297.6648,297.7203,297.7784,297.839,297.902,297.9676,298.0356,298.1062,298.1796,298.2557,298.335,298.4175,298.5036,298.5935,298.6878,298.7867,298.8908,299.0006,299.1168,299.2402,299.3715,299.5117,299.662,299.8236,299.9979,300.1863,300.3899,300.6098,300.8464,301.0996,301.3681,301.6503,301.9454,302.2529,302.5728,302.905,303.2496,303.6063,303.9753,304.3565,304.7497,305.155,305.5722,306.0012,306.4419,306.8941,307.3577,307.8324,308.3183
111.694,302.6249,302.2657,301.9177,301.5808,301.2552,300.9412,300.6389,300.3483,300.0696,299.803,299.5484,299.306,299.0758,298.8578,298.6521,298.4587,298.2776,298.1091,297.9536,297.8121,297.6864,297.5774,297.4852,297.4093,297.3488,297.3023,297.2685,297.2462,297.2339,297.2307,297.2356,297.2476,297.266,297.2902,297.3197,297.3539,297.3924,297.4348,297.4808,297.5301,297.5826,297.6379,297.6959,297.7566,297.8198,297.8856,297.9538,298.0246,298.098,298.1741,298.2531,298.3352,298.4207,298.5097,298.6026,298.6999,298.8019,298.9091,299.0221,299.1416,299.2682,299.4029,299.5465,299.7004,299.8656,300.0435,300.2355,300.4429,300.6665,300.907,301.1641,301.437,301.724,302.0239,302.3364,302.6613,302.9985,303.3479,303.7096,304.0834,304.4695,304.8676,305.2777,305.6997,306.1335,306.579,307.0359,307.5043,307.9838,308.4744
112.6913,302.5438,302.1852,301.8377,301.5014,301.1764,300.8629,300.5611,300.2711,299.9929,299.7267,299.4726,299.2306,299.0008,298.7833,298.5779,298.3849,298.2043,298.0362,297.8813,297.741,297.6167,297.5093,297.4188,297.3445,297.2857,297.2409,297.209,297.1884,297.1781,297.1769,297.1838,297.1979,297.2185,297.2449,297.2766,297.3131,297.354,297.3988,297.4472,297.499,297.5539,297.6117,297.6723,297.7356,297.8014,297.8698,297.9407,298.0142,298.0903,298.1692,298.2511,298.336,298.4243,298.5163,298.6122,298.7124,298.8175,298.9278,299.0439,299.1666,299.2964,299.4344,299.5815,299.7387,299.9074,300.0889,300.2845,300.4955,300.7228,300.967,301.2279,301.505,301.7967,302.1015,302.4189,302.7486,303.0907,303.445,303.8115,304.1902,304.5811,304.984,305.3989,305.8257,306.2643,306.7145,307.1762,307.6493,308.1336,308.6289
113.6885,302.4627,302.1047,301.7578,301.422,301.0976,300.7847,300.4834,300.1938,299.9162,299.6505,299.3968,299.1553,298.9259,298.7088,298.5039,298.3113,298.131,297.9634,297.8093,297.6702,297.5475,297.4418,297.3529,297.2804,297.2233,297.1803,297.1501,297.1315,297.1231,297.1239,297.1328,297.149,297.1718,297.2005,297.2344,297.2732,297.3164,297.3635,297.4144,297.4686,297.526,297.5863,297.6494,297.7153,297.7837,297.8547,297.9283,298.0044,298.0833,298.165,298.2496,298.3374,298.4285,298.5234,298.6222,298.7254,298.8334,298.9468,299.066,299.1918,299.3248,299.4661,299.6164,299.7771,299.9492,300.1342,300.3333,300.5479,300.7787,301.0265,301.2911,301.5722,301.8684,302.1779,302.5002,302.8348,303.1817,303.5408,303.9122,304.2957,304.6914,305.0991,305.5187,305.9503,306.3936,306.8485,307.3149,307.7927,308.2816,308.7816
114.6858,302.3817,302.0243,301.678,301.3428,301.0189,300.7065,300.4057,300.1167,299.8395,299.5743,299.3211,299.08,298.8511,298.6344,298.4299,298.2376,298.0578,297.8908,297.7376,297.5999,297.4788,297.3748,297.2877,297.2169,297.1616,297.1204,297.0921,297.0753,297.0689,297.0717,297.0827,297.1011,297.126,297.1569,297.1931,297.2342,297.2797,297.3292,297.3824,297.4391,297.4989,297.5617,297.6274,297.6957,297.7667,297.8403,297.9166,297.9954,298.077,298.1613,298.2487,298.3393,298.4332,298.5309,298.6326,298.7388,298.8498,298.9661,299.0884,299.2172,299.3534,299.4979,299.6515,299.8154,299.9909,300.1793,300.3819,300.5999,300.8342,301.0854,301.3537,301.6386,301.939,302.2532,302.5803,302.9197,303.2714,303.6354,304.0115,304.3998,304.8002,305.2126,305.637,306.0732,306.5212,306.9808,307.4519,307.9343,308.4279,308.9325
115.6831,302.3008,301.944,301.5982,301.2635,300.9402,300.6284,300.3281,300.0396,299.7629,299.4982,299.2454,299.0048,298.7763,298.56,298.3559,298.164,297.9847,297.8183,297.6662,297.5301,297.4107,297.3084,297.2231,297.1542,297.1006,297.0613,297.0349,297.02,297.0156,297.0204,297.0335,297.0539,297.0811,297.1141,297.1526,297.196,297.2438,297.2957,297.3513,297.4104,297.4727,297.5379,297.6061,297.677,297.7506,297.8267,297.9056,297.987,298.0713,298.1583,298.2484,298.3417,298.4385,298.539,298.6436,298.7526,298.8665,298.9858,299.111,299.2429,299.3822,299.5298,299.6866,299.8538,300.0326,300.2243,300.4303,300.6516,300.8893,301.1439,301.4157,301.7042,302.0086,302.3274,302.6591,303.0033,303.3598,303.7285,304.1094,304.5024,304.9075,305.3246,305.7537,306.1946,306.6472,307.1114,307.5871,308.0741,308.5723,309.0815
116.6803,302.2199,301.8637,301.5184,301.1843,300.8616,300.5503,300.2505,299.9625,299.6863,299.4221,299.1698,298.9296,298.7016,298.4856,298.2819,298.0905,297.9116,297.746,297.5953,297.4608,297.3431,297.2427,297.1592,297.0921,297.0404,297.003,296.9785,296.9656,296.9631,296.97,296.9851,297.0077,297.037,297.0723,297.113,297.1587,297.2088,297.2631,297.3211,297.3825,297.4472,297.515,297.5856,297.659,297.7351,297.8139,297.8953,297.9794,298.0662,298.156,298.2488,298.3448,298.4443,298.5476,298.6549,298.7668,298.8836,299.0058,299.134,299.2689,299.4112,299.5618,299.7218,299.8922,300.0742,300.2692,300.4784,300.703,300.9439,301.2019,301.477,301.769,302.0772,302.4004,302.7367,303.0857,303.4469,303.8203,304.2058,304.6035,305.0133,305.435,305.8687,306.3142,306.7715,307.2403,307.7206,308.2121,308.7149,309.2286
117.6776,302.139,301.7834,301.4387,301.1052,300.783,300.4722,300.173,299.8855,299.6098,299.346,299.0942,298.8545,298.6269,298.4114,298.2081,298.0171,297.8387,297.6741,297.5248,297.392,297.2762,297.1777,297.0961,297.0309,296.9811,296.9455,296.9229,296.912,296.9115,296.9204,296.9377,296.9624,296.9939,297.0314,297.0744,297.1223,297.1748,297.2314,297.2917,297.3556,297.4227,297.4929,297.566,297.6419,297.7205,297.8018,297.8858,297.9724,298.0619,298.1543,298.2497,298.3485,298.4507,298.5567,298.6668,298.7814,298.901,299.0261,299.1572,299.295,299.4404,299.594,299.7571,299.9306,300.1157,300.3139,300.5263,300.754,300.9982,301.2593,301.5377,301.8331,302.1449,302.4721,302.8131,303.1666,303.5325,303.9106,304.3008,304.7031,305.1175,305.5438,305.9821,306.4322,306.8939,307.3673,307.8521,308.3482,308.8554,309.3737
118.6749,302.0583,301.7032,301.3591,301.0261,300.7045,300.3942,300.0955,299.8085,299.5333,299.27,299.0187,298.7794,298.5522,298.3371,298.1342,297.9437,297.766,297.6026,297.4549,297.3238,297.21,297.1133,297.0337,296.9704,296.9225,296.8889,296.8683,296.8593,296.8609,296.8718,296.8912,296.9181,296.9517,296.9915,297.0367,297.0869,297.1417,297.2006,297.2633,297.3295,297.399,297.4717,297.5472,297.6256,297.7067,297.7905,297.877,297.9662,298.0583,298.1533,298.2513,298.3527,298.4576,298.5663,298.6792,298.7965,298.9189,299.0468,299.1808,299.3215,299.4697,299.6264,299.7924,299.9689,300.1572,300.3584,300.5739,300.8048,301.052,301.3163,301.5978,301.8964,302.2117,302.5427,302.888,303.2462,303.6166,303.9993,304.3942,304.8011,305.22,305.6509,306.0937,306.5483,307.0146,307.4924,307.9817,308.4823,308.994,309.5166
119.6721,301.9775,301.623,301.2795,300.9471,300.626,300.3163,300.0181,299.7316,299.4569,299.1941,298.9432,298.7044,298.4776,298.2629,298.0604,297.8704,297.6935,297.5315,297.3855,297.2563,297.1444,297.0497,296.9721,296.9108,296.8649,296.8332,296.8145,296.8076,296.8112,296.8242,296.8457,296.8747,296.9105,296.9525,296.9999,297.0524,297.1095,297.1707,297.2358,297.3044,297.3763,297.4513,297.5293,297.6101,297.6937,297.78,297.869,297.9607,298.0553,298.1529,298.2536,298.3575,298.4651,298.5764,298.692,298.8121,298.9372,299.0678,299.2046,299.3481,299.4992,299.6588,299.8278,300.0073,300.1986,300.4028,300.6213,300.8552,301.1055,301.3727,301.6572,301.959,302.2775,302.6122,302.9616,303.3242,303.6993,304.0865,304.4859,304.8974,305.3208,305.7562,306.2035,306.6626,307.1333,307.6156,308.1093,308.6143,309.1304,309.6575
120.6694,301.8968,301.5429,301.2,300.8681,300.5475,300.2384,299.9407,299.6547,299.3805,299.1182,298.8678,298.6294,298.403,298.1888,297.9867,297.7973,297.6215,297.4609,297.3167,297.1895,297.0796,296.9869,296.9113,296.852,296.8081,296.7784,296.7617,296.7568,296.7624,296.7775,296.8011,296.8323,296.8703,296.9145,296.9642,297.0189,297.0782,297.1418,297.2092,297.2801,297.3544,297.4318,297.5122,297.5954,297.6815,297.7702,297.8617,297.956,298.0531,298.1532,298.2564,298.363,298.4731,298.5871,298.7053,298.828,298.9559,299.0892,299.2287,299.375,299.529,299.6914,299.8632,300.0457,300.2399,300.4471,300.6685,300.9053,301.1585,301.4286,301.7161,302.0208,302.3425,302.6805,303.0339,303.4009,303.7804,304.1721,304.576,304.9919,305.4199,305.8597,306.3114,306.7749,307.2501,307.7368,308.2349,308.7442,309.2647,309.7961
121.6667,301.8162,301.4629,301.1205,300.7892,300.4692,300.1605,299.8634,299.5779,299.3042,299.0423,298.7924,298.5544,298.3285,298.1147,297.9131,297.7243,297.5498,297.391,297.2486,297.1234,297.0155,296.9249,296.8513,296.7941,296.7522,296.7245,296.7098,296.7069,296.7146,296.7319,296.7576,296.7909,296.8311,296.8774,296.9294,296.9864,297.048,297.1138,297.1835,297.2568,297.3334,297.4132,297.496,297.5816,297.6701,297.7613,297.8552,297.952,298.0516,298.1542,298.2599,298.369,298.4817,298.5983,298.7191,298.8445,298.9749,299.1109,299.2531,299.4022,299.5589,299.7241,299.8987,300.084,300.2811,300.4911,300.7154,300.9551,301.211,301.484,301.7743,302.0819,302.4066,302.7479,303.1048,303.476,303.8599,304.2561,304.6644,305.0848,305.5171,305.9614,306.4175,306.8853,307.3648,307.8559,308.3583,308.872,309.3968,309.9325
122.6639,301.7356,301.3829,301.0411,300.7103,300.3908,300.0827,299.7861,299.5011,299.2279,298.9665,298.717,298.4795,298.254,298.0406,297.8396,297.6517,297.4787,297.3216,297.1812,297.058,296.9522,296.8638,296.7923,296.7371,296.6972,296.6716,296.6589,296.6581,296.6679,296.6872,296.715,296.7505,296.7929,296.8414,296.8956,296.9548,297.0187,297.0868,297.1588,297.2344,297.3134,297.3955,297.4807,297.5687,297.6595,297.7531,297.8495,297.9487,298.0508,298.1558,298.2641,298.3757,298.4909,298.61,298.7333,298.8613,298.9944,299.133,299.2778,299.4296,299.5889,299.7569,299.9343,300.1223,300.3222,300.535,300.7621,301.0045,301.2632,301.5389,301.8319,302.1423,302.4699,302.8142,303.1744,303.5495,303.9378,304.3383,304.7511,305.1758,305.6125,306.0611,306.5215,306.9937,307.4775,307.9729,308.4796,308.9975,309.5265,310.0665
123.6612,301.6551,301.3029,300.9617,300.6315,300.3125,300.005,299.7089,299.4244,299.1517,298.8908,298.6417,298.4046,298.1796,297.9667,297.7662,297.5795,297.4081,297.2529,297.1145,296.9934,296.8898,296.8035,296.7341,296.681,296.6432,296.6196,296.6091,296.6103,296.6221,296.6435,296.6735,296.7111,296.7557,296.8064,296.8628,296.9243,296.9904,297.0608,297.1351,297.213,297.2943,297.3787,297.4662,297.5566,297.6498,297.7458,297.8446,297.9462,298.0507,298.1582,298.2689,298.3829,298.5006,298.6222,298.7481,298.8786,299.0142,299.1554,299.3028,299.4572,299.6192,299.7898,299.9699,300.1606,300.3632,300.5788,300.8085,301.0536,301.3149,301.5932,301.8889,302.2019,302.5323,302.8795,303.2429,303.6215,304.014,304.4189,304.8359,305.265,305.706,306.1589,306.6236,307.1,307.5881,308.0876,308.5986,309.1207,309.654,310.1981
124.6585,301.5747,301.223,300.8824,300.5527,300.2343,299.9273,299.6317,299.3477,299.0755,298.815,298.5665,298.3298,298.1052,297.8928,297.6931,297.5078,297.3381,297.1849,297.0486,296.9296,296.8282,296.7441,296.6769,296.6259,296.5902,296.5687,296.5602,296.5635,296.5774,296.6009,296.633,296.6728,296.7195,296.7725,296.8311,296.8948,296.9631,297.0358,297.1123,297.1925,297.2761,297.3629,297.4527,297.5454,297.6409,297.7393,297.8404,297.9444,298.0513,298.1612,298.2743,298.3908,298.5109,298.635,298.7633,298.8963,299.0344,299.1781,299.3281,299.485,299.6496,299.8228,300.0055,300.1989,300.4041,300.6223,300.8547,301.1023,301.3662,301.647,301.9452,302.2608,302.5938,302.9437,303.3101,303.6921,304.0885,304.4976,304.9189,305.3522,305.7975,306.2546,306.7236,307.2042,307.6965,308.2002,308.7153,309.2416,309.779,310.3273
125.6557,301.4942,301.1432,300.8031,300.474,300.1561,299.8496,299.5546,299.2711,298.9993,298.7394,298.4912,298.2551,298.0309,297.819,297.6204,297.4366,297.2688,297.1176,296.9835,296.8667,296.7675,296.6856,296.6206,296.5717,296.5382,296.5188,296.5123,296.5177,296.5338,296.5594,296.5936,296.6355,296.6844,296.7396,296.8003,296.8663,296.9369,297.0117,297.0905,297.173,297.2589,297.3479,297.44,297.535,297.6329,297.7336,297.837,297.9434,298.0526,298.1649,298.2804,298.3993,298.5218,298.6483,298.779,298.9144,299.055,299.2012,299.3537,299.5131,299.6802,299.8559,300.0412,300.2372,300.4449,300.6657,300.9006,301.1507,301.4171,301.7003,302.0009,302.319,302.6545,303.007,303.3762,303.7613,304.1612,304.5745,305.0,305.4375,305.887,306.3483,306.8214,307.3062,307.8026,308.3104,308.8297,309.3601,309.9015,310.4539
126.653,301.4139,301.0634,300.7239,300.3953,300.078,299.772,299.4775,299.1945,298.9232,298.6637,298.4161,298.1803,297.9566,297.7454,297.5481,297.3661,297.2002,297.0511,296.9192,296.8047,296.7077,296.628,296.5652,296.5186,296.4872,296.4699,296.4656,296.473,296.4912,296.5189,296.5553,296.5993,296.6504,296.7077,296.7707,296.8388,296.9116,296.9887,297.0697,297.1544,297.2426,297.3339,297.4282,297.5255,297.6257,297.7286,297.8344,297.9431,298.0546,298.1693,298.2871,298.4083,298.5332,298.662,298.7952,298.933,299.0759,299.2246,299.3795,299.5413,299.7109,299.8891,300.0769,300.2753,300.4856,300.7088,300.9462,301.1988,301.4675,301.7531,302.056,302.3764,302.7143,303.0693,303.4411,303.8291,304.2324,304.6495,305.0791,305.5208,305.9744,306.4399,306.9171,307.406,307.9064,308.4183,308.9416,309.4761,310.0216,310.578
127.6503,301.3336,300.9837,300.6447,300.3167,299.9999,299.6945,299.4004,299.118,298.8472,298.5882,298.341,298.1057,297.8825,297.6722,297.4763,297.2961,297.1323,296.9854,296.8557,296.7436,296.6489,296.5715,296.5109,296.4665,296.4372,296.422,296.4198,296.4294,296.4497,296.4795,296.518,296.5642,296.6174,296.6769,296.7421,296.8124,296.8874,296.9667,297.0499,297.1369,297.2272,297.3207,297.4174,297.5169,297.6193,297.7246,297.8326,297.9435,298.0574,298.1743,298.2944,298.418,298.5452,298.6763,298.8118,298.952,299.0973,299.2483,299.4055,299.5698,299.7418,299.9224,300.1126,300.3135,300.5262,300.7518,300.9915,301.2464,301.5175,301.8053,302.1105,302.4331,302.7733,303.1307,303.5049,303.8956,304.3019,304.7227,305.1563,305.6021,306.0597,306.5292,307.0105,307.5034,308.0079,308.5238,309.0511,309.5895,310.139,310.6994
128.6475,301.2533,300.904,300.5656,300.2381,299.9219,299.617,299.3235,299.0415,298.7712,298.5126,298.2659,298.0311,297.8085,297.5993,297.4052,297.2269,297.0653,296.9206,296.7932,296.6834,296.591,296.5159,296.4576,296.4154,296.3883,296.3753,296.3752,296.3869,296.4093,296.4412,296.4818,296.5302,296.5855,296.6472,296.7145,296.787,296.8642,296.9457,297.0311,297.1202,297.2128,297.3086,297.4074,297.5092,297.6138,297.7213,297.8316,297.9447,298.0608,298.18,298.3024,298.4282,298.5577,298.6911,298.8289,298.9713,299.1189,299.2723,299.4319,299.5984,299.7728,299.9558,300.1483,300.3516,300.5666,300.7945,301.0366,301.2937,301.567,301.857,302.1643,302.4891,302.8314,303.191,303.5676,303.9608,304.3698,304.794,305.2315,305.6812,306.1429,306.6164,307.1017,307.5986,308.107,308.6269,309.1581,309.7004,310.2538,310.8181
129.6448,301.1731,300.8244,300.4865,300.1596,299.8439,299.5395,299.2465,298.9651,298.6952,298.4371,298.1909,297.9566,297.7347,297.527,297.3346,297.1585,296.999,296.8566,296.7316,296.6241,296.5341,296.4614,296.4054,296.3654,296.3405,296.3296,296.3317,296.3455,296.37,296.4041,296.4468,296.4973,296.5547,296.6185,296.688,296.7626,296.842,296.9257,297.0133,297.1046,297.1993,297.2973,297.3983,297.5023,297.6091,297.7188,297.8313,297.9467,298.065,298.1864,298.311,298.439,298.5707,298.7064,298.8464,298.9911,299.141,299.2965,299.4584,299.6273,299.8039,299.9892,300.184,300.3896,300.6069,300.8371,301.0813,301.3406,301.616,301.9081,302.2174,302.5443,302.8886,303.2503,303.6292,304.0247,304.4363,304.8634,305.3046,305.7583,306.2239,306.7013,307.1905,307.6913,308.2036,308.7274,309.2624,309.8086,310.3659,310.934
130.6421,301.093,300.7448,300.4075,300.0811,299.766,299.4621,299.1696,298.8887,298.6193,298.3617,298.1159,297.8821,297.6613,297.4552,297.2648,297.0908,296.9336,296.7936,296.671,296.5659,296.4783,296.4079,296.3542,296.3165,296.2938,296.2851,296.2893,296.3052,296.3318,296.368,296.4128,296.4654,296.525,296.5909,296.6626,296.7394,296.8209,296.9067,296.9965,297.0899,297.1868,297.2869,297.3901,297.4963,297.6053,297.7171,297.8318,297.9493,298.0698,298.1934,298.3202,298.4504,298.5843,298.7222,298.8644,299.0113,299.1634,299.3211,299.4852,299.6563,299.8352,300.0227,300.2197,300.4275,300.647,300.8794,301.1257,301.3872,301.6646,301.9586,302.2699,302.5987,302.945,303.3087,303.6896,304.0873,304.5014,304.9312,305.3757,305.8331,306.3026,306.7839,307.2769,307.7816,308.2978,308.8253,309.3642,309.9142,310.4752,311.0471
131.6393,301.0129,300.6653,300.3285,300.0027,299.6881,299.3847,299.0928,298.8123,298.5435,298.2863,298.041,297.8079,297.5884,297.3841,297.1958,297.024,296.8691,296.7315,296.6113,296.5087,296.4235,296.3555,296.3041,296.2686,296.2481,296.2416,296.248,296.2661,296.2948,296.3331,296.38,296.4347,296.4964,296.5645,296.6382,296.7171,296.8008,296.8887,296.9806,297.0762,297.1753,297.2775,297.3828,297.4911,297.6023,297.7162,297.8331,297.9527,298.0754,298.2011,298.33,298.4624,298.5984,298.7385,298.8828,299.0318,299.1861,299.346,299.5122,299.6855,299.8665,300.0562,300.2554,300.4653,300.6869,300.9214,301.1699,301.4333,301.7126,302.0086,302.3218,302.6524,303.0005,303.3661,303.7489,304.1487,304.565,304.9972,305.4447,305.9058,306.3791,306.8642,307.361,307.8694,308.3893,308.9207,309.4632,310.017,310.5817,311.1573
132.6366,300.9328,300.5858,300.2496,299.9244,299.6103,299.3074,299.016,298.736,298.4677,298.211,297.9662,297.7339,297.516,297.3137,297.1275,296.958,296.8056,296.6704,296.5527,296.4525,296.3698,296.3041,296.2551,296.2219,296.2037,296.1993,296.2078,296.228,296.2588,296.2993,296.3483,296.4051,296.469,296.5391,296.6149,296.696,296.7817,296.8718,296.9658,297.0635,297.1646,297.269,297.3764,297.4868,297.6001,297.7162,297.8351,297.9569,298.0816,298.2094,298.3405,298.4749,298.6131,298.7552,298.9016,299.0528,299.2091,299.3711,299.5395,299.7148,299.898,300.0897,300.2911,300.503,300.7267,300.9632,301.2136,301.479,301.7602,302.058,302.3729,302.7053,303.0552,303.4225,303.8072,304.2088,304.6271,305.0617,305.5118,305.9762,306.4532,306.942,307.4425,307.9547,308.4783,309.0133,309.5596,310.117,310.6854,311.2646
133.6339,300.8528,300.5064,300.1707,299.846,299.5325,299.2302,298.9392,298.6598,298.3919,298.1357,297.8915,297.6604,297.4443,297.244,297.0601,296.893,296.743,296.6103,296.4951,296.3974,296.3171,296.2539,296.2072,296.1763,296.1603,296.1582,296.1688,296.1912,296.2241,296.2666,296.3177,296.3767,296.4426,296.5148,296.5927,296.6759,296.7637,296.8558,296.952,297.0517,297.155,297.2614,297.3709,297.4834,297.5987,297.7169,297.8378,297.9617,298.0885,298.2184,298.3515,298.488,298.6282,298.7724,298.9209,299.0741,299.2324,299.3965,299.5669,299.7443,299.9295,300.1233,300.3267,300.5407,300.7663,301.0048,301.2571,301.5243,301.8073,302.1068,302.4234,302.7574,303.1089,303.4779,303.8643,304.2677,304.6879,305.1245,305.577,306.0444,306.5249,307.0174,307.5216,308.0374,308.5646,309.1032,309.6531,310.2141,310.7861,311.3689
134.6311,300.7729,300.427,300.0919,299.7678,299.4547,299.153,298.8625,298.5836,298.3162,298.0605,297.817,297.5874,297.3732,297.1751,296.9935,296.8289,296.6813,296.5512,296.4385,296.3434,296.2656,296.2048,296.1605,296.1319,296.1181,296.1182,296.131,296.1554,296.1905,296.2351,296.2883,296.3493,296.4173,296.4916,296.5716,296.6568,296.7467,296.8409,296.9391,297.041,297.1462,297.2547,297.3663,297.4808,297.5982,297.7183,297.8414,297.9673,298.0961,298.228,298.3631,298.5016,298.6438,298.79,298.9405,299.0957,299.2561,299.4221,299.5945,299.7739,299.9611,300.1569,300.3622,300.5781,300.8057,301.046,301.3002,301.5692,301.8539,302.1551,302.4732,302.8088,303.1618,303.5324,303.9203,304.3253,304.7473,305.1858,305.6404,306.1104,306.5942,307.0903,307.5981,308.1174,308.6482,309.1904,309.7438,310.3083,310.8838,311.4701
135.6284,300.693,300.3477,300.0131,299.6896,299.3771,299.0758,298.7859,298.5074,298.2405,297.9854,297.7429,297.515,297.3029,297.1071,296.9279,296.7657,296.6208,296.4932,296.3831,296.2905,296.2152,296.1568,296.1149,296.0886,296.0771,296.0794,296.0943,296.1209,296.158,296.2047,296.26,296.3231,296.3932,296.4695,296.5516,296.6388,296.7308,296.8271,296.9273,297.0311,297.1384,297.249,297.3625,297.479,297.5984,297.7206,297.8456,297.9735,298.1043,298.2382,298.3753,298.5158,298.66,298.8081,298.9605,299.1177,299.28,299.448,299.6223,299.8037,299.9927,300.1904,300.3977,300.6155,300.8449,301.087,301.3429,301.6136,301.8999,302.2027,302.5223,302.8593,303.2138,303.5858,303.9752,304.3817,304.8053,305.2455,305.702,306.1743,306.6611,307.1606,307.6719,308.1948,308.7291,309.2747,309.8316,310.3996,310.9785,311.5683
136.6257,300.6132,300.2684,299.9344,299.6114,299.2994,298.9987,298.7093,298.4313,298.1649,297.9104,297.6693,297.4433,297.2334,297.0399,296.8632,296.7036,296.5612,296.4362,296.3287,296.2387,296.1659,296.11,296.0705,296.0465,296.0372,296.0417,296.0588,296.0875,296.1268,296.1755,296.2329,296.298,296.3701,296.4486,296.5327,296.6219,296.7159,296.8142,296.9164,297.0223,297.1316,297.2441,297.3597,297.4781,297.5995,297.7236,297.8506,297.9804,298.1132,298.249,298.388,298.5305,298.6765,298.8266,298.9809,299.14,299.3042,299.4741,299.6503,299.8335,300.0244,300.224,300.4331,300.6527,300.8839,301.1277,301.3853,301.6576,301.9454,302.2496,302.5707,302.9091,303.2649,303.6382,304.0289,304.4369,304.8618,305.3036,305.7619,306.2362,306.7256,307.2284,307.7431,308.2694,308.8072,309.3562,309.9165,310.4878,311.0701,311.6632
137.623,300.5334,300.1892,299.8558,299.5333,299.2219,298.9216,298.6327,298.3552,298.0894,297.8357,297.5962,297.3723,297.1647,296.9737,296.7995,296.6425,296.5028,296.3804,296.2755,296.1881,296.1178,296.0644,296.0272,296.0056,295.9986,296.0052,296.0245,296.0553,296.0967,296.1475,296.2069,296.2741,296.3482,296.4287,296.5148,296.6061,296.7021,296.8023,296.9065,297.0144,297.1257,297.2401,297.3576,297.4781,297.6013,297.7274,297.8563,297.9881,298.1227,298.2604,298.4013,298.5456,298.6936,298.8455,299.0017,299.1626,299.3286,299.5004,299.6784,299.8634,300.0562,300.2575,300.4683,300.6897,300.9226,301.1681,301.4272,301.7011,301.9904,302.296,302.6184,302.9581,303.3151,303.6896,304.0816,304.4908,304.9171,305.3602,305.82,306.2961,306.7878,307.2936,307.8117,308.3413,308.8824,309.4348,309.9984,310.573,311.1586,311.755
138.6202,300.4537,300.11,299.7772,299.4552,299.1443,298.8446,298.5562,298.2792,298.014,297.7614,297.5238,297.3021,297.0969,296.9084,296.7369,296.5825,296.4454,296.3257,296.2235,296.1386,296.0709,296.0199,295.9852,295.9658,295.9611,295.97,295.9914,296.0243,296.0678,296.1207,296.1821,296.2513,296.3275,296.4099,296.498,296.5913,296.6892,296.7915,296.8976,297.0074,297.1206,297.237,297.3565,297.4788,297.604,297.732,297.8627,297.9964,298.1329,298.2724,298.4152,298.5613,298.7111,298.8648,299.0228,299.1855,299.3534,299.5269,299.7067,299.8934,300.0879,300.291,300.5035,300.7265,300.961,301.2081,301.4688,301.7441,302.0348,302.3417,302.6654,303.0062,303.3644,303.74,304.1331,304.5434,304.9709,305.4153,305.8765,306.3541,306.8477,307.3562,307.8775,308.4104,308.9547,309.5104,310.0772,310.6551,311.244,311.8436
139.6175,300.374,300.0309,299.6986,299.3772,299.0668,298.7676,298.4798,298.2033,297.9387,297.6876,297.4521,297.2327,297.03,296.8441,296.6753,296.5236,296.3892,296.2722,296.1726,296.0903,296.0252,295.9767,295.9443,295.9273,295.9249,295.9359,295.9595,295.9945,296.04,296.095,296.1585,296.2297,296.3078,296.3922,296.4823,296.5775,296.6774,296.7816,296.8897,297.0014,297.1166,297.2348,297.3562,297.4804,297.6074,297.7372,297.8699,298.0053,298.1436,298.285,298.4296,298.5775,298.729,298.8845,299.0443,299.2087,299.3783,299.5535,299.735,299.9235,300.1197,300.3244,300.5386,300.7632,300.9992,301.2478,301.51,301.7866,302.0786,302.3868,302.7116,303.0535,303.4128,303.7894,304.1835,304.5948,305.0233,305.4689,305.9313,306.4103,306.9055,307.4162,307.9405,308.4766,309.0241,309.583,310.153,310.7341,311.326,311.9288
140.6148,300.2944,299.9519,299.6201,299.2992,298.9894,298.6907,298.4034,298.1275,297.8638,297.6145,297.3811,297.1642,296.9641,296.7809,296.6147,296.4658,296.3341,296.2198,296.1229,296.0433,295.9806,295.9346,295.9047,295.89,295.8898,295.9031,295.9288,295.9659,296.0135,296.0705,296.136,296.2092,296.2893,296.3757,296.4677,296.5649,296.6667,296.7728,296.8828,296.9964,297.1134,297.2335,297.3567,297.4827,297.6116,297.7432,297.8777,298.0149,298.155,298.2982,298.4445,298.5941,298.7474,298.9046,299.0661,299.2322,299.4035,299.5804,299.7635,299.9536,300.1514,300.3577,300.5735,300.7996,301.0372,301.2872,301.5507,301.8286,302.1219,302.4312,302.7571,303.1,303.4602,303.8378,304.2327,304.645,305.0744,305.5209,305.9844,306.4645,306.9612,307.4737,308.0007,308.5399,309.0906,309.6525,310.2256,310.8098,311.4049,312.0107
141.612,300.2148,299.8729,299.5416,299.2213,298.912,298.6139,298.327,298.0517,297.7892,297.542,297.311,297.0967,296.8992,296.7187,296.5553,296.4091,296.2802,296.1686,296.0744,295.9974,295.9373,295.8938,295.8663,295.854,295.856,295.8714,295.8993,295.9385,295.9881,296.0471,296.1146,296.1898,296.2719,296.3602,296.4541,296.5532,296.6569,296.7649,296.8768,296.9922,297.1111,297.2331,297.358,297.4859,297.6166,297.75,297.8862,298.0251,298.167,298.3118,298.4599,298.6112,298.7662,298.9251,299.0882,299.2559,299.4288,299.6073,299.7921,299.9838,300.1831,300.391,300.6082,300.8358,301.0748,301.3262,301.591,301.8702,302.1645,302.4749,302.8018,303.1456,303.5067,303.8851,304.2808,304.6939,305.1241,305.5715,306.0358,306.517,307.0148,307.5289,308.0582,308.6003,309.154,309.719,310.2951,310.8823,311.4803,312.0891
142.6093,300.1353,299.7939,299.4632,299.1435,298.8347,298.537,298.2507,297.9762,297.7153,297.4703,297.2418,297.0301,296.8353,296.6576,296.497,296.3536,296.2275,296.1187,296.0271,295.9528,295.8953,295.8543,295.8291,295.8191,295.8234,295.841,295.871,295.9123,295.9639,296.0249,296.0944,296.1715,296.2556,296.3458,296.4417,296.5426,296.6482,296.758,296.8717,296.989,297.1097,297.2334,297.3602,297.4898,297.6222,297.7574,297.8953,298.036,298.1795,298.3261,298.4757,298.6288,298.7854,298.9459,299.1106,299.2799,299.4544,299.6345,299.8207,300.0139,300.2148,300.4241,300.6428,300.8718,301.1121,301.3648,301.6308,301.9111,302.2066,302.5179,302.8457,303.1904,303.5522,303.9313,304.3278,304.7415,305.1724,305.6205,306.0855,306.5675,307.0663,307.5817,308.1128,308.6577,309.2143,309.7823,310.3614,310.9515,311.5525,312.1642
143.6066,300.0558,299.715,299.3849,299.0656,298.7574,298.4603,298.1745,297.9009,297.642,297.3994,297.1735,296.9645,296.7726,296.5977,296.4399,296.2993,296.176,296.0699,295.9811,295.9094,295.8545,295.8159,295.7932,295.7855,295.7921,295.8119,295.8439,295.8873,295.941,296.004,296.0754,296.1544,296.2404,296.3325,296.4302,296.5331,296.6405,296.7521,296.8676,296.9867,297.1092,297.2347,297.3632,297.4945,297.6287,297.7655,297.9051,298.0475,298.1927,298.3408,298.4921,298.6467,298.8049,298.967,299.1332,299.3041,299.4801,299.6617,299.8495,300.0441,300.2464,300.4571,300.6771,300.9075,301.1491,301.403,301.6702,301.9516,302.248,302.5603,302.8889,303.2343,303.5968,303.9766,304.3736,304.7879,305.2194,305.668,306.1336,306.6163,307.1159,307.6322,308.1648,308.7122,309.2716,309.8424,310.4244,311.0173,311.6212,312.2357
144.6038,299.9764,299.6361,299.3066,298.9879,298.6802,298.3836,298.0984,297.8262,297.5695,297.3294,297.1062,296.9,296.7109,296.5389,296.3839,296.2462,296.1257,296.0224,295.9364,295.8673,295.8149,295.7789,295.7585,295.7532,295.7619,295.7839,295.8181,295.8635,295.9192,295.9841,296.0575,296.1385,296.2263,296.3203,296.4199,296.5245,296.6338,296.7472,296.8645,296.9853,297.1095,297.2368,297.367,297.5,297.6358,297.7743,297.9155,298.0595,298.2063,298.3561,298.5089,298.6651,298.8248,298.9884,299.1562,299.3286,299.506,299.689,299.8782,300.0743,300.2779,300.49,300.7113,300.9429,301.1857,301.4408,301.709,301.9914,302.2888,302.6019,302.9312,303.2773,303.6404,304.0207,304.4182,304.833,305.2649,305.714,306.1801,306.6633,307.1635,307.6806,308.2143,308.7636,309.3258,309.8994,310.4841,311.0798,311.6864,312.3037
145.6011,299.8971,299.5573,299.2283,298.9102,298.603,298.3069,298.0225,297.752,297.4977,297.2603,297.0399,296.8366,296.6504,296.4812,296.3292,296.1944,296.0767,295.9762,295.8929,295.8264,295.7767,295.7431,295.7251,295.7221,295.7331,295.7572,295.7935,295.8409,295.8986,295.9655,296.0408,296.1236,296.2133,296.3092,296.4106,296.517,296.628,296.7432,296.8623,296.9848,297.1107,297.2397,297.3715,297.5062,297.6437,297.7838,297.9266,298.0722,298.2205,298.3718,298.5262,298.6839,298.8451,299.0101,299.1794,299.3532,299.532,299.7164,299.907,300.1044,300.3093,300.5227,300.7453,300.9781,301.222,301.4782,301.7474,302.0307,302.3289,302.6427,302.9728,303.3194,303.683,304.0638,304.4617,304.8768,305.3091,305.7584,306.2249,306.7085,307.2091,307.7268,308.2613,308.8121,309.3767,309.953,310.5405,311.1389,311.7481,312.3681
146.5984,299.8178,299.4786,299.1501,298.8325,298.5258,298.2304,297.947,297.6785,297.4268,297.1921,296.9746,296.7743,296.591,296.4248,296.2757,296.1438,296.029,295.9313,295.8506,295.7869,295.7397,295.7086,295.693,295.6922,295.7055,295.7317,295.7701,295.8195,295.8792,295.948,296.0252,296.1099,296.2014,296.2991,296.4023,296.5105,296.6233,296.7402,296.861,296.9852,297.1128,297.2434,297.3769,297.5132,297.6522,297.7939,297.9383,298.0854,298.2353,298.3881,298.5439,298.7031,298.8657,299.0322,299.2028,299.378,299.5582,299.7439,299.9358,300.1344,300.3407,300.5552,300.779,301.0129,301.258,301.5151,301.7853,302.0694,302.3684,302.6829,303.0135,303.3607,303.7247,304.1058,304.504,304.9193,305.3518,305.8014,306.2681,306.7518,307.2527,307.7708,308.3059,308.8577,309.4245,310.0034,310.5935,311.1945,311.8064,312.4289
147.5956,299.7385,299.3999,299.072,298.7549,298.4488,298.1539,297.8719,297.6058,297.3568,297.125,296.9105,296.7131,296.5328,296.3696,296.2235,296.0945,295.9825,295.8876,295.8097,295.7486,295.704,295.6753,295.6621,295.6637,295.6791,295.7075,295.7479,295.7994,295.8609,295.9317,296.0108,296.0973,296.1907,296.2901,296.3951,296.505,296.6195,296.7382,296.8606,296.9865,297.1157,297.2479,297.383,297.5209,297.6614,297.8047,297.9506,298.0991,298.2505,298.4047,298.562,298.7226,298.8866,299.0544,299.2264,299.4029,299.5844,299.7714,299.9645,300.1644,300.3718,300.5876,300.8124,301.0474,301.2935,301.5515,301.8226,302.1075,302.4072,302.7223,303.0534,303.4009,303.7653,304.1467,304.5451,304.9606,305.3932,305.8428,306.3096,306.7934,307.2944,307.8126,308.3481,308.9007,309.4691,310.0505,310.643,311.2466,311.861,312.486
148.5929,299.6593,299.3213,298.9939,298.6773,298.3717,298.0776,297.7974,297.5339,297.2878,297.059,296.8475,296.6531,296.4759,296.3157,296.1726,296.0464,295.9374,295.8453,295.7701,295.7116,295.6695,295.6434,295.6326,295.6364,295.654,295.6845,295.7269,295.7804,295.8439,295.9165,295.9975,296.0858,296.181,296.2822,296.3889,296.5005,296.6167,296.737,296.8611,296.9886,297.1194,297.2532,297.3898,297.5293,297.6713,297.8161,297.9634,298.1134,298.2662,298.4219,298.5806,298.7425,298.9078,299.077,299.2502,299.428,299.6107,299.799,299.9933,300.1944,300.4029,300.6197,300.8456,301.0816,301.3286,301.5875,301.8594,302.145,302.4453,302.7609,303.0924,303.4403,303.8049,304.1864,304.585,305.0005,305.4331,305.8828,306.3494,306.8332,307.3342,307.8524,308.388,308.9409,309.5106,310.0941,310.6892,311.2952,311.912,312.5395
149.5902,299.5802,299.2427,298.9158,298.5998,298.2948,298.0017,297.7237,297.463,297.2198,296.994,296.7856,296.5944,296.4202,296.2631,296.1229,295.9997,295.8935,295.8043,295.7318,295.676,295.6364,295.6127,295.6043,295.6103,295.6301,295.6627,295.7072,295.7626,295.828,295.9025,295.9853,296.0755,296.1723,296.2753,296.3837,296.497,296.6149,296.7368,296.8625,296.9916,297.1239,297.2593,297.3974,297.5383,297.6819,297.8281,297.9768,298.1283,298.2824,298.4394,298.5995,298.7627,298.9293,299.0997,299.2742,299.4532,299.6372,299.8266,300.022,300.2242,300.4338,300.6516,300.8785,301.1154,301.3633,301.623,301.8956,302.1819,302.4827,302.7987,303.1306,303.4787,303.8435,304.2251,304.6237,305.0392,305.4717,305.9212,306.3877,306.8713,307.372,307.8901,308.4256,308.9787,309.549,310.1345,310.7318,311.3402,311.9593,312.5892
150.5874,299.5011,299.1641,298.8378,298.5224,298.218,297.9262,297.6507,297.3929,297.1528,296.9302,296.725,296.5369,296.3658,296.2117,296.0746,295.9543,295.851,295.7646,295.6948,295.6416,295.6046,295.5834,295.5773,295.5856,295.6075,295.6422,295.6887,295.7461,295.8134,295.8897,295.9742,296.0662,296.1648,296.2694,296.3795,296.4945,296.614,296.7375,296.8647,296.9954,297.1293,297.2661,297.4057,297.5481,297.6931,297.8407,297.9908,298.1436,298.2991,298.4574,298.6187,298.7832,298.9511,299.1227,299.2984,299.4786,299.6636,299.8541,300.0507,300.2539,300.4645,300.6833,300.9111,301.1489,301.3975,301.658,301.9312,302.218,302.5193,302.8357,303.1679,303.5162,303.8811,304.2627,304.6611,305.0765,305.5088,305.9581,306.4243,306.9075,307.4079,307.9257,308.4609,309.0139,309.5844,310.1714,310.7709,311.3815,312.003,312.6351
151.5847,299.422,299.0856,298.7599,298.445,298.1413,297.8513,297.5786,297.3239,297.087,296.8676,296.6656,296.4806,296.3127,296.1617,296.0275,295.9103,295.8099,295.7262,295.6592,295.6086,295.5742,295.5553,295.5515,295.5621,295.5862,295.6229,295.6714,295.7307,295.7999,295.878,295.9643,296.058,296.1583,296.2646,296.3764,296.493,296.614,296.7391,296.8679,297.0,297.1354,297.2737,297.4148,297.5585,297.7049,297.8538,298.0053,298.1594,298.3162,298.4758,298.6383,298.804,298.9731,299.1459,299.3227,299.504,299.6901,299.8817,300.0792,300.2834,300.495,300.7147,300.9434,301.182,301.4313,301.6925,301.9662,302.2536,302.5552,302.8719,303.2043,303.5527,303.9176,304.2991,304.6974,305.1125,305.5445,305.9934,306.4592,306.942,307.4419,307.9592,308.494,309.0466,309.6171,310.2049,310.8065,311.4193,312.0429,312.6771
152.582,299.343,299.0072,298.682,298.3676,298.0648,297.7772,297.5075,297.256,297.0223,296.8062,296.6074,296.4257,296.2609,296.113,295.9819,295.8676,295.77,295.6892,295.6249,295.577,295.545,295.5286,295.5271,295.5399,295.5661,295.6049,295.6553,295.7165,295.7875,295.8675,295.9555,296.0509,296.1529,296.2609,296.3742,296.4924,296.615,296.7416,296.8718,297.0055,297.1423,297.282,297.4245,297.5696,297.7173,297.8676,298.0203,298.1757,298.3337,298.4945,298.6583,298.8251,298.9953,299.1692,299.3471,299.5295,299.7166,299.9092,300.1077,300.3128,300.5253,300.7458,300.9753,301.2146,301.4647,301.7264,302.0007,302.2884,302.5904,302.9073,303.2398,303.5882,303.953,304.3344,304.7324,305.1472,305.5788,306.0272,306.4925,306.9747,307.474,307.9906,308.5248,309.0768,309.647,310.2352,310.8385,311.4533,312.079,312.7154
153.5792,299.2641,298.9288,298.6041,298.2904,297.9888,297.7038,297.4373,297.1891,296.9588,296.746,296.5505,296.3721,296.2105,296.0657,295.9376,295.8263,295.7316,295.6536,295.592,295.5466,295.5172,295.5031,295.504,295.5189,295.5472,295.5881,295.6404,295.7035,295.7763,295.8581,295.9478,296.0449,296.1485,296.2581,296.373,296.4927,296.6168,296.7449,296.8767,297.0117,297.1499,297.291,297.4348,297.5813,297.7303,297.8818,298.0359,298.1925,298.3517,298.5136,298.6785,298.8465,299.0178,299.1927,299.3717,299.555,299.7431,299.9366,300.136,300.342,300.5553,300.7766,301.0069,301.2468,301.4975,301.7597,302.0345,302.3225,302.6248,302.9418,303.2743,303.6227,303.9874,304.3685,304.7662,305.1806,305.6117,306.0595,306.5242,307.0057,307.5042,308.02,308.5534,309.1047,309.6742,310.2622,310.8669,311.4837,312.1114,312.7497
154.5765,299.1852,298.8505,298.5264,298.2132,297.9134,297.6314,297.3682,297.1234,296.8965,296.6871,296.495,296.3198,296.1614,296.0197,295.8947,295.7863,295.6945,295.6193,295.5604,295.5176,295.4907,295.479,295.4821,295.4993,295.5297,295.5725,295.6268,295.6917,295.7663,295.8498,295.9413,296.04,296.1452,296.2563,296.3728,296.494,296.6196,296.7491,296.8823,297.0188,297.1583,297.3007,297.4459,297.5936,297.7439,297.8966,298.0519,298.2096,298.37,298.5331,298.699,298.8681,299.0404,299.2164,299.3963,299.5806,299.7696,299.964,300.1643,300.3711,300.5851,300.8072,301.038,301.2786,301.5298,301.7925,302.0676,302.356,302.6584,302.9755,303.308,303.6563,304.0206,304.4014,304.7987,305.2126,305.6431,306.0903,306.5542,307.0349,307.5326,308.0474,308.5798,309.1301,309.6988,310.2863,310.8917,311.5103,312.1399,312.7801
155.5738,299.1063,298.7722,298.4486,298.1363,297.8387,297.5599,297.3002,297.0589,296.8355,296.6296,296.4408,296.2689,296.1137,295.9751,295.8532,295.7478,295.6589,295.5864,295.5302,295.49,295.4655,295.4562,295.4616,295.4809,295.5133,295.5581,295.6143,295.6811,295.7575,295.8426,295.9358,296.0361,296.1429,296.2556,296.3735,296.4962,296.6233,296.7542,296.8887,297.0266,297.1674,297.3112,297.4576,297.6066,297.758,297.912,298.0684,298.2272,298.3887,298.5529,298.7199,298.8899,299.0632,299.2402,299.421,299.6061,299.7961,299.9913,300.1923,300.3999,300.6146,300.8373,301.0688,301.3099,301.5616,301.8247,302.1001,302.3887,302.6912,303.0083,303.3407,303.6887,304.0528,304.4332,304.83,305.2432,305.6731,306.1195,306.5825,307.0623,307.559,308.0728,308.604,309.1532,309.7208,310.3074,310.9129,311.5331,312.1645,312.8066
156.571,299.0276,298.6939,298.371,298.0596,297.7648,297.4895,297.2333,296.9956,296.7758,296.5733,296.3879,296.2193,296.0674,295.932,295.8131,295.7106,295.6246,295.5549,295.5013,295.4637,295.4417,295.4347,295.4423,295.4638,295.4983,295.545,295.6031,295.6716,295.7497,295.8366,295.9313,296.0332,296.1416,296.2558,296.3752,296.4993,296.6278,296.7601,296.896,297.0351,297.1773,297.3223,297.4699,297.6201,297.7727,297.9278,298.0853,298.2453,298.4078,298.5729,298.7409,298.9119,299.0862,299.264,299.4457,299.6317,299.8225,300.0184,300.2202,300.4285,300.6438,300.8671,301.0992,301.3408,301.5928,301.8563,302.1319,302.4206,302.7232,303.0403,303.3724,303.7202,304.0839,304.4638,304.8599,305.2725,305.7016,306.1471,306.6092,307.088,307.5835,308.0961,308.6261,309.1739,309.7402,310.3257,310.9307,311.5522,312.1853,312.8291
157.5683,298.9488,298.6157,298.2934,297.9835,297.6918,297.4201,297.1676,296.9336,296.7174,296.5185,296.3365,296.1712,296.0225,295.8902,295.7744,295.6749,295.5917,295.5248,295.4739,295.4388,295.4192,295.4146,295.4244,295.4479,295.4844,295.5331,295.593,295.6633,295.7431,295.8316,295.928,296.0314,296.1413,296.257,296.3778,296.5034,296.6332,296.7668,296.904,297.0444,297.1878,297.334,297.4828,297.6341,297.7879,297.9441,298.1026,298.2636,298.4272,298.5933,298.7622,298.9342,299.1093,299.288,299.4705,299.6573,299.8488,300.0454,300.2479,300.4568,300.6728,300.8966,301.1291,301.3711,301.6235,301.8872,302.163,302.4518,302.7543,303.0713,303.4032,303.7506,304.1138,304.4931,304.8886,305.3005,305.7286,306.1732,306.6343,307.1119,307.6062,308.1174,308.646,309.1924,309.7571,310.3411,310.9452,311.5674,312.2021,312.8475
158.5656,298.8701,298.5376,298.2159,297.9079,297.6197,297.3518,297.1032,296.8729,296.6604,296.465,296.2865,296.1245,295.9791,295.8499,295.7371,295.6406,295.5602,295.496,295.4478,295.4152,295.398,295.3957,295.4077,295.4333,295.4718,295.5224,295.5841,295.6562,295.7377,295.8278,295.9257,296.0307,296.142,296.2591,296.3814,296.5083,296.6394,296.7744,296.9128,297.0544,297.199,297.3464,297.4963,297.6488,297.8036,297.9608,298.1204,298.2824,298.4469,298.6139,298.7838,298.9565,299.1325,299.312,299.4953,299.6828,299.875,300.0723,300.2754,300.4848,300.7013,300.9257,301.1586,301.4009,301.6536,301.9175,302.1934,302.4822,302.7846,303.1014,303.433,303.78,304.1427,304.5213,304.916,305.327,305.7542,306.1978,306.6577,307.134,307.627,308.1368,308.6638,309.2085,309.7715,310.3539,310.9565,311.5789,312.215,312.8619
159.5628,298.7915,298.4595,298.1386,297.8332,297.5488,297.2848,297.0401,296.8136,296.6047,296.4129,296.2379,296.0793,295.9371,295.8111,295.7013,295.6077,295.5302,295.4687,295.4231,295.393,295.3782,295.3782,295.3923,295.42,295.4605,295.5129,295.5764,295.6502,295.7333,295.825,295.9245,296.0309,296.1437,296.2622,296.3858,296.514,296.6465,296.7827,296.9223,297.0652,297.2109,297.3594,297.5104,297.6639,297.8198,297.978,298.1386,298.3015,298.4669,298.6348,298.8055,298.9791,299.1558,299.336,299.5201,299.7082,299.901,300.099,300.3026,300.5126,300.7296,300.9543,301.1876,301.4302,301.6831,301.9471,302.2231,302.5118,302.8141,303.1305,303.4618,303.8082,304.1703,304.5482,304.9422,305.3522,305.7784,306.2208,306.6794,307.1544,307.6459,308.1541,308.6794,309.2223,309.7835,310.3639,310.9647,311.5865,312.2239,312.8723
160.5601,298.7129,298.3815,298.0616,297.7594,297.4789,297.219,296.9782,296.7556,296.5505,296.3623,296.1907,296.0355,295.8965,295.7737,295.667,295.5763,295.5016,295.4428,295.3997,295.3722,295.3597,295.3619,295.3782,295.408,295.4504,295.5046,295.5699,295.6454,295.7301,295.8234,295.9243,296.0322,296.1464,296.2662,296.3912,296.5207,296.6543,296.7918,296.9326,297.0766,297.2234,297.373,297.5251,297.6796,297.8365,297.9956,298.1571,298.3209,298.4871,298.6559,298.8274,299.0017,299.1792,299.3601,299.5448,299.7336,299.927,300.1255,300.3296,300.5401,300.7574,300.9825,301.2161,301.459,301.712,301.9761,302.252,302.5406,302.8427,303.1588,303.4895,303.8354,304.1968,304.5739,304.967,305.376,305.801,306.2422,306.6995,307.173,307.663,308.1695,308.6929,309.2339,309.793,310.3712,310.97,311.5906,312.2288,312.8785
161.5574,298.6344,298.3036,297.9851,297.6865,297.4102,297.1545,296.9178,296.6991,296.4977,296.3132,296.1451,295.9932,295.8575,295.7378,295.6341,295.5463,295.4744,295.4183,295.3778,295.3527,295.3426,295.347,295.3654,295.3972,295.4415,295.4975,295.5645,295.6416,295.728,295.8227,295.9251,296.0345,296.15,296.2712,296.3974,296.5281,296.663,296.8016,296.9436,297.0887,297.2366,297.3872,297.5403,297.6958,297.8536,298.0136,298.176,298.3406,298.5077,298.6772,298.8494,299.0245,299.2027,299.3842,299.5695,299.7589,299.9528,300.1518,300.3564,300.5672,300.7849,301.0103,301.2441,301.4872,301.7403,302.0044,302.2802,302.5686,302.8703,303.186,303.5163,303.8615,304.2222,304.5984,304.9904,305.3984,305.8222,306.2621,306.7179,307.1899,307.6781,308.1829,308.7044,309.2432,309.8,310.3759,310.9723,311.591,312.2297,312.8807
162.5546,298.5559,298.2258,297.9091,297.6147,297.3428,297.0913,296.8587,296.644,296.4464,296.2655,296.1009,295.9524,295.8199,295.7034,295.6026,295.5178,295.4486,295.3952,295.3573,295.3346,295.3268,295.3334,295.3539,295.3876,295.4338,295.4916,295.5603,295.6391,295.7269,295.8232,295.927,296.0377,296.1546,296.277,296.4045,296.5364,296.6725,296.8122,296.9553,297.1014,297.2504,297.402,297.556,297.7124,297.8711,298.032,298.1952,298.3607,298.5285,298.6987,298.8716,299.0474,299.2261,299.4083,299.5941,299.784,299.9784,300.1778,300.3828,300.594,300.812,301.0376,301.2716,301.5147,301.7679,302.0319,302.3076,302.5957,302.8971,303.2123,303.542,303.8865,304.2463,304.6216,305.0126,305.4193,305.8419,306.2803,306.7347,307.205,307.6915,308.1943,308.7137,309.2503,309.8047,310.3781,310.9718,311.5881,312.2266,312.8786
163.5519,298.4775,298.148,297.834,297.544,297.2766,297.0295,296.8011,296.5904,296.3966,296.2193,296.0583,295.9131,295.7839,295.6704,295.5727,295.4907,295.4243,295.3735,295.3381,295.3178,295.3123,295.3211,295.3437,295.3793,295.4273,295.4869,295.5573,295.6376,295.727,295.8247,295.9299,296.0419,296.1601,296.2838,296.4124,296.5455,296.6827,296.8235,296.9676,297.1148,297.2647,297.4173,297.5722,297.7295,297.889,298.0508,298.2147,298.3809,298.5494,298.7204,298.8939,299.0703,299.2496,299.4323,299.6186,299.809,300.0038,300.2036,300.4089,300.6204,300.8386,301.0644,301.2985,301.5417,301.7948,302.0587,302.3342,302.622,302.9229,303.2376,303.5666,303.9104,304.2693,304.6436,305.0334,305.4389,305.8601,306.297,306.7498,307.2184,307.703,308.2037,308.721,309.2552,309.8071,310.3777,310.9685,311.582,312.2195,312.8724
164.5492,298.3991,298.0705,297.7598,297.4746,297.2118,296.9692,296.745,296.5383,296.3483,296.1747,296.0171,295.8754,295.7494,295.639,295.5442,295.4651,295.4015,295.3533,295.3204,295.3024,295.2992,295.3101,295.3347,295.3723,295.4221,295.4834,295.5554,295.6372,295.7281,295.8272,295.9338,296.0471,296.1665,296.2914,296.4212,296.5554,296.6937,296.8355,296.9807,297.1288,297.2797,297.4331,297.5889,297.7471,297.9074,298.0699,298.2346,298.4015,298.5706,298.7422,298.9164,299.0932,299.2731,299.4563,299.643,299.8338,300.029,300.2291,300.4347,300.6464,300.8648,301.0907,301.3249,301.5681,301.8211,302.0848,302.36,302.6474,302.9479,303.2619,303.5902,303.9331,304.291,304.6642,305.0529,305.457,305.8768,306.3122,306.7632,307.23,307.7126,308.2112,308.7261,309.2579,309.807,310.3747,310.9625,311.5728,312.2084,312.8621
165.5464,298.3208,297.9932,297.6867,297.4064,297.1484,296.9103,296.6904,296.4877,296.3016,296.1317,295.9776,295.8392,295.7164,295.6091,295.5173,295.4409,295.38,295.3344,295.304,295.2884,295.2874,295.3004,295.327,295.3664,295.418,295.481,295.5546,295.6379,295.7303,295.8307,295.9386,296.0532,296.1738,296.2999,296.4308,296.5661,296.7054,296.8483,296.9944,297.1434,297.2952,297.4495,297.6061,297.765,297.9261,298.0893,298.2547,298.4222,298.592,298.7642,298.9388,299.1162,299.2966,299.4802,299.6673,299.8584,300.0539,300.2543,300.4602,300.672,300.8906,301.1165,301.3507,301.5938,301.8466,302.1101,302.3849,302.6719,302.9718,303.2852,303.6127,303.9547,304.3116,304.6836,305.071,305.4737,305.892,306.3257,306.775,307.2398,307.7203,308.2167,308.7293,309.2584,309.8047,310.3693,310.9537,311.5605,312.1935,312.8475
166.5437,298.2426,297.9165,297.6147,297.3395,297.0864,296.8529,296.6373,296.4387,296.2564,296.0902,295.9396,295.8045,295.6849,295.5807,295.4918,295.4183,295.3601,295.317,295.289,295.2757,295.2769,295.292,295.3205,295.3618,295.4152,295.4798,295.5549,295.6398,295.7335,295.8353,295.9444,296.0602,296.182,296.3092,296.4412,296.5776,296.7178,296.8617,297.0087,297.1586,297.3112,297.4663,297.6237,297.7834,297.9452,298.1091,298.2751,298.4432,298.6135,298.7862,298.9614,299.1392,299.32,299.504,299.6915,299.8829,300.0786,300.2792,300.4852,300.6972,300.9158,301.1418,301.3759,301.6188,301.8715,302.1346,302.409,302.6955,302.9948,303.3075,303.6341,303.9751,304.3309,304.7017,305.0877,305.489,305.9057,306.3377,306.7851,307.2479,307.7263,308.2203,308.7303,309.2567,309.8001,310.3614,310.9423,311.5453,312.1748,312.8287
167.541,298.1644,297.8404,297.5439,297.274,297.0259,296.797,296.5858,296.3912,296.2129,296.0503,295.9032,295.7714,295.655,295.5538,295.4678,295.3971,295.3415,295.301,295.2754,295.2644,295.2677,295.2849,295.3153,295.3584,295.4135,295.4797,295.5564,295.6426,295.7377,295.8408,295.9512,296.0682,296.1911,296.3194,296.4524,296.5898,296.731,296.8757,297.0236,297.1744,297.3278,297.4836,297.6418,297.8021,297.9646,298.1291,298.2957,298.4643,298.6352,298.8084,298.984,299.1622,299.3433,299.5276,299.7154,299.9071,300.103,300.3038,300.5099,300.7219,300.9406,301.1665,301.4004,301.6432,301.8956,302.1583,302.4323,302.7182,303.0168,303.3287,303.6544,303.9944,304.349,304.7185,305.1031,305.5029,305.9178,306.348,306.7935,307.2542,307.7304,308.222,308.7294,309.2529,309.7932,310.3511,310.9282,311.5271,312.1526,312.8057
168.5383,298.0863,297.7651,297.4744,297.21,296.9669,296.7427,296.5358,296.3454,296.1709,296.012,295.8683,295.7399,295.6266,295.5284,295.4454,295.3774,295.3244,295.2864,295.2632,295.2545,295.2599,295.2791,295.3114,295.3563,295.413,295.4808,295.5589,295.6466,295.743,295.8473,295.9589,296.077,296.201,296.3303,296.4644,296.6027,296.7448,296.8904,297.0391,297.1907,297.3448,297.5014,297.6603,297.8212,297.9843,298.1494,298.3165,298.4857,298.657,298.8306,299.0066,299.1852,299.3666,299.5512,299.7392,299.931,300.1272,300.328,300.5342,300.7462,300.9648,301.1906,301.4244,301.6669,301.9189,302.1812,302.4547,302.74,303.0378,303.3488,303.6735,304.0124,304.3658,304.734,305.1171,305.5152,305.9285,306.3568,306.8002,307.2588,307.7326,308.2217,308.7264,309.247,309.784,310.3384,310.9116,311.5062,312.1271,312.7784
169.5355,298.0083,297.6909,297.4062,297.1475,296.9096,296.69,296.4875,296.3012,296.1306,295.9753,295.8351,295.71,295.5998,295.5047,295.4244,295.3592,295.3088,295.2733,295.2524,295.2459,295.2534,295.2745,295.3087,295.3553,295.4136,295.483,295.5625,295.6516,295.7492,295.8548,295.9676,296.0868,296.2118,296.3421,296.4771,296.6163,296.7593,296.9057,297.0552,297.2075,297.3624,297.5196,297.6791,297.8407,298.0043,298.1699,298.3375,298.5071,298.6789,298.8528,299.0292,299.2081,299.3898,299.5745,299.7627,299.9547,300.151,300.3519,300.558,300.77,300.9885,301.2141,301.4476,301.6898,301.9415,302.2033,302.4762,302.7608,303.0578,303.3679,303.6916,304.0293,304.3814,304.7481,305.1297,305.5262,305.9376,306.364,306.8053,307.2617,307.733,308.2195,308.7214,309.2389,309.7726,310.3233,310.8924,311.4824,312.0982,312.7469
170.5328,297.9305,297.6177,297.3395,297.0865,296.8538,296.639,296.4409,296.2587,296.0919,295.9402,295.8035,295.6816,295.5746,295.4824,295.405,295.3424,295.2946,295.2615,295.2429,295.2386,295.2482,295.2712,295.3072,295.3555,295.4154,295.4863,295.5673,295.6576,295.7565,295.8633,295.9771,296.0974,296.2234,296.3547,296.4906,296.6306,296.7744,296.9216,297.0719,297.2249,297.3804,297.5383,297.6983,297.8605,298.0246,298.1906,298.3587,298.5287,298.7008,298.8751,299.0517,299.2309,299.4128,299.5977,299.7861,299.9782,300.1744,300.3753,300.5814,300.7933,301.0116,301.237,301.4702,301.7121,301.9632,302.2245,302.4968,302.7806,303.0768,303.3859,303.7085,304.045,304.3957,304.761,305.1409,305.5356,305.9452,306.3695,306.8087,307.2627,307.7316,308.2154,308.7144,309.2288,309.759,310.3059,310.8708,311.456,312.0663,312.7113
171.5301,297.853,297.5459,297.2743,297.0271,296.7996,296.5897,296.396,296.2178,296.0549,295.9068,295.7735,295.6549,295.551,295.4617,295.3871,295.3272,295.2819,295.2512,295.2349,295.2327,295.2443,295.2692,295.3069,295.3569,295.4184,295.4907,295.573,295.6646,295.7648,295.8726,295.9876,296.1088,296.2358,296.368,296.5047,296.6456,296.7902,296.9381,297.0891,297.2427,297.3989,297.5573,297.7179,297.8805,298.0451,298.2116,298.38,298.5504,298.7228,298.8974,299.0742,299.2536,299.4357,299.6207,299.8091,300.0013,300.1975,300.3984,300.6044,300.8161,301.0342,301.2593,301.4922,301.7335,301.9842,302.2449,302.5164,302.7995,303.0947,303.4028,303.7242,304.0594,304.4087,304.7725,305.1507,305.5436,305.9512,306.3735,306.8105,307.2621,307.7284,308.2094,308.7054,309.2165,309.7432,310.2862,310.8467,311.4269,312.0314,312.6715
172.5273,297.7758,297.4754,297.2107,296.9694,296.7472,296.542,296.3527,296.1787,296.0196,295.8751,295.7452,295.6298,295.5289,295.4425,295.3707,295.3134,295.2706,295.2423,295.2282,295.2281,295.2416,295.2684,295.3079,295.3595,295.4225,295.4962,295.5798,295.6727,295.774,295.8829,295.9989,296.1211,296.2491,296.3821,296.5196,296.6613,296.8066,296.9552,297.1068,297.261,297.4178,297.5767,297.7378,297.9009,298.0659,298.2327,298.4015,298.5722,298.7449,298.9196,299.0967,299.2762,299.4584,299.6435,299.8319,300.024,300.2202,300.421,300.6268,300.8383,301.0561,301.2809,301.5134,301.7543,302.0044,302.2644,302.5352,302.8173,303.1116,303.4186,303.7388,304.0726,304.4205,304.7826,305.1591,305.5502,305.9558,306.3759,306.8105,307.2597,307.7233,308.2015,308.6944,309.2022,309.7252,310.2642,310.8202,311.3952,311.9936,312.6278
173.5246,297.6992,297.4063,297.1487,296.9134,296.6965,296.4961,296.3112,296.1413,295.9859,295.8451,295.7185,295.6063,295.5085,295.425,295.3558,295.3011,295.2608,295.2348,295.2229,295.2248,295.2403,295.2689,295.3101,295.3632,295.4277,295.5028,295.5877,295.6817,295.7841,295.8942,296.0111,296.1343,296.263,296.3969,296.5352,296.6776,296.8236,296.9728,297.125,297.2798,297.437,297.5965,297.758,297.9215,298.0868,298.254,298.4231,298.594,298.7669,298.9419,299.1191,299.2986,299.4809,299.666,299.8544,300.0465,300.2425,300.4431,300.6487,300.86,301.0775,301.3018,301.5338,301.7742,302.0237,302.283,302.5529,302.8342,303.1274,303.4332,303.7522,304.0846,304.4309,304.7914,305.1661,305.5552,305.9587,306.3766,306.8089,307.2555,307.7165,308.1917,308.6815,309.1858,309.7051,310.2399,310.7912,311.3609,311.953,312.5803
174.5219,297.6234,297.3389,297.0883,296.8591,296.6476,296.452,296.2714,296.1056,295.954,295.8167,295.6935,295.5845,295.4896,295.4089,295.3425,295.2904,295.2524,295.2287,295.2189,295.2229,295.2402,295.2706,295.3134,295.3681,295.434,295.5104,295.5966,295.6918,295.7953,295.9063,296.0241,296.1482,296.2778,296.4124,296.5515,296.6945,296.8411,296.991,297.1437,297.299,297.4567,297.6166,297.7785,297.9423,298.108,298.2755,298.4448,298.6159,298.789,298.964,299.1413,299.3209,299.5032,299.6883,299.8766,300.0685,300.2644,300.4648,300.6702,300.8811,301.0982,301.3221,301.5536,301.7933,302.0421,302.3007,302.5697,302.85,303.1422,303.4468,303.7644,304.0953,304.4401,304.7988,305.1717,305.5588,305.9602,306.3758,306.8056,307.2496,307.7078,308.1801,308.6666,309.1674,309.6829,310.2135,310.76,311.3241,311.9096,312.5291
175.5191,297.5484,297.273,297.0298,296.8067,296.6004,296.4096,296.2335,296.0716,295.9238,295.79,295.6702,295.5642,295.4723,295.3945,295.3307,295.281,295.2455,295.224,295.2163,295.2222,295.2415,295.2735,295.318,295.3741,295.4414,295.5191,295.6065,295.7028,295.8073,295.9193,296.038,296.1629,296.2933,296.4286,296.5683,296.712,296.8593,297.0096,297.1629,297.3186,297.4768,297.637,297.7993,297.9634,298.1293,298.297,298.4665,298.6378,298.811,298.9861,299.1634,299.3431,299.5253,299.7103,299.8985,300.0902,300.2859,300.486,300.691,300.9016,301.1182,301.3417,301.5726,301.8117,302.0597,302.3174,302.5856,302.8648,303.1558,303.4592,303.7753,304.1048,304.4479,304.8049,305.1758,305.5609,305.9601,306.3733,306.8007,307.242,307.6973,308.1665,308.6497,309.147,309.6585,310.1848,310.7264,311.2849,311.8636,312.4744
176.5164,297.4744,297.2089,296.973,296.756,296.5551,296.3691,296.1973,296.0395,295.8954,295.7651,295.6485,295.5457,295.4567,295.3816,295.3204,295.2732,295.24,295.2207,295.215,295.2229,295.2439,295.2777,295.3237,295.3813,295.4499,295.5289,295.6174,295.7147,295.8202,295.9331,296.0527,296.1784,296.3095,296.4455,296.5859,296.7301,296.8779,297.0288,297.1825,297.3386,297.4971,297.6577,297.8203,297.9847,298.1508,298.3187,298.4883,298.6597,298.8329,299.0081,299.1854,299.365,299.5471,299.732,299.92,300.1115,300.3069,300.5067,300.7113,300.9214,301.1376,301.3605,301.5908,301.8292,302.0764,302.3333,302.6004,302.8786,303.1684,303.4704,303.7851,304.113,304.4544,304.8095,305.1785,305.5615,305.9584,306.3693,306.7941,307.2327,307.685,308.1511,308.631,309.1246,309.6321,310.1539,310.6906,311.2434,311.815,312.4163
177.5137,297.4017,297.1465,296.9181,296.7073,296.5117,296.3304,296.163,296.0091,295.8688,295.7419,295.6285,295.5287,295.4426,295.3702,295.3116,295.2669,295.2359,295.2187,295.2151,295.2249,295.2477,295.2831,295.3306,295.3896,295.4595,295.5396,295.6292,295.7276,295.8341,295.9478,296.0682,296.1946,296.3264,296.4631,296.604,296.7488,296.8971,297.0484,297.2025,297.359,297.5178,297.6787,297.8415,298.0061,298.1724,298.3405,298.5102,298.6816,298.8548,299.03,299.2072,299.3867,299.5686,299.7533,299.9411,300.1323,300.3274,300.5268,300.731,300.9407,301.1563,301.3786,301.6082,301.8458,302.0922,302.3481,302.6143,302.8913,303.1798,303.4804,303.7937,304.12,304.4596,304.8128,305.1798,305.5606,305.9552,306.3636,306.7858,307.2216,307.671,308.1339,308.6103,309.1002,309.6036,310.1209,310.6526,311.1994,311.7639,312.3551
178.5109,297.3305,297.086,296.8651,296.6604,296.4702,296.2936,296.1305,295.9806,295.8439,295.7204,295.6102,295.5135,295.4302,295.3604,295.3044,295.262,295.2333,295.2182,295.2166,295.2282,295.2527,295.2896,295.3386,295.399,295.4701,295.5514,295.6421,295.7414,295.8488,295.9633,296.0845,296.2116,296.344,296.4813,296.6227,296.768,296.9167,297.0684,297.2229,297.3798,297.5389,297.7,297.863,298.0277,298.1942,298.3622,298.532,298.7034,298.8766,299.0517,299.2288,299.4081,299.5899,299.7743,299.9618,300.1527,300.3474,300.5464,300.7502,300.9593,301.1743,301.3959,301.6248,301.8616,302.1071,302.362,302.6271,302.9029,303.1901,303.4893,303.801,304.1256,304.4634,304.8147,305.1796,305.5582,305.9504,306.3563,306.7758,307.2088,307.6551,308.1148,308.5877,309.0738,309.5731,310.0858,310.6123,311.1532,311.7103,312.2909
179.5082,297.2608,297.0275,296.8141,296.6155,296.4306,296.2587,296.0998,295.9538,295.8208,295.7007,295.5937,295.4998,295.4193,295.3522,295.2986,295.2586,295.2321,295.2191,295.2193,295.2327,295.2589,295.2974,295.3478,295.4095,295.4818,295.5642,295.6559,295.7562,295.8643,295.9797,296.1016,296.2293,296.3623,296.5001,296.642,296.7878,296.9369,297.0889,297.2437,297.4008,297.5602,297.7215,297.8846,298.0494,298.216,298.3841,298.5538,298.7252,298.8983,299.0733,299.2502,299.4293,299.6108,299.795,299.9822,300.1727,300.367,300.5654,300.7687,300.9772,301.1916,301.4125,301.6405,301.8765,302.1211,302.375,302.6388,302.9134,303.1993,303.497,303.8071,304.13,304.4659,304.8152,305.178,305.5543,305.9441,306.3475,306.7642,307.1943,307.6375,308.0939,308.5632,309.0454,309.5406,310.0487,310.5699,311.1047,311.6543,312.2239
180.5055,297.193,296.9709,296.7651,296.5726,296.3929,296.2257,296.0711,295.9289,295.7994,295.6827,295.5788,295.4879,295.4101,295.3456,295.2944,295.2567,295.2323,295.2213,295.2234,295.2386,295.2663,295.3063,295.3581,295.421,295.4946,295.578,295.6706,295.7718,295.8807,295.9968,296.1193,296.2477,296.3813,296.5195,296.6619,296.808,296.9575,297.1098,297.2648,297.4222,297.5817,297.7431,297.9064,298.0713,298.2378,298.4059,298.5756,298.7469,298.9199,299.0947,299.2714,299.4502,299.6314,299.8153,300.002,300.1921,300.3859,300.5839,300.7865,300.9944,301.2081,301.4282,301.6555,301.8905,302.1341,302.3869,302.6496,302.9228,303.2073,303.5035,303.8119,304.133,304.4671,304.8143,305.1749,305.5489,305.9362,306.337,306.7509,307.1781,307.6182,308.0711,308.5368,309.0152,309.5061,310.0094,310.5254,311.054,311.5961,312.1543
181.5027,297.1271,296.9165,296.7182,296.5318,296.3573,296.1947,296.0442,295.9059,295.7799,295.6665,295.5656,295.4776,295.4025,295.3405,295.2917,295.2562,295.2339,295.2249,295.2288,295.2457,295.275,295.3164,295.3695,295.4337,295.5083,295.5927,295.6863,295.7883,295.898,296.0147,296.1379,296.2668,296.4008,296.5395,296.6823,296.8288,296.9785,297.1311,297.2863,297.4439,297.6035,297.765,297.9283,298.0932,298.2597,298.4278,298.5973,298.7685,298.9413,299.1158,299.2923,299.4708,299.6517,299.8351,300.0215,300.2111,300.4043,300.6017,300.8037,301.0109,301.2239,301.4432,301.6695,301.9036,302.1461,302.3978,302.6592,302.9311,303.2141,303.5088,303.8155,304.1348,304.4669,304.812,305.1703,305.542,305.9268,306.3249,306.736,307.1601,307.597,308.0466,308.5086,308.983,309.4696,309.9682,310.4788,311.0012,311.5356,312.0824
182.5,297.0635,296.8642,296.6734,296.493,296.3236,296.1657,296.0193,295.8848,295.7623,295.652,295.5542,295.469,295.3965,295.337,295.2906,295.2572,295.237,295.2298,295.2356,295.254,295.2849,295.3277,295.382,295.4474,295.523,295.6084,295.7029,295.8056,295.916,296.0334,296.1571,296.2865,296.421,296.5601,296.7032,296.85,297.0,297.1528,297.3082,297.4658,297.6255,297.7871,297.9504,298.1152,298.2817,298.4496,298.619,298.7899,298.9625,299.1368,299.3129,299.4911,299.6716,299.8546,300.0404,300.2295,300.4222,300.619,300.8203,301.0267,301.2389,301.4573,301.6827,301.9158,302.1572,302.4077,302.6678,302.9383,303.2198,303.5128,303.8178,304.1352,304.4653,304.8083,305.1643,305.5335,305.9158,306.3112,306.7194,307.1405,307.5742,308.0202,308.4786,308.9489,309.4311,309.925,310.4301,310.9463,311.473,312.0082
183.4973,297.0023,296.8142,296.6307,296.4563,296.2921,296.1386,295.9963,295.8655,295.7464,295.6393,295.5445,295.462,295.3922,295.3351,295.2909,295.2597,295.2414,295.2361,295.2436,295.2636,295.2959,295.3401,295.3957,295.4621,295.5388,295.6251,295.7203,295.8238,295.9349,296.0528,296.177,296.3069,296.4418,296.5812,296.7246,296.8716,297.0218,297.1748,297.3303,297.488,297.6477,297.8093,297.9725,298.1373,298.3036,298.4714,298.6406,298.8113,298.9835,299.1575,299.3332,299.511,299.691,299.8735,300.0589,300.2474,300.4394,300.6355,300.8361,301.0418,301.2531,301.4706,301.695,301.927,302.1673,302.4165,302.6753,302.9444,303.2243,303.5156,303.8188,304.1343,304.4623,304.8031,305.1569,305.5236,305.9033,306.2959,306.7012,307.1192,307.5495,307.9921,308.4467,308.913,309.3908,309.8798,310.3795,310.8894,311.4084,311.932
184.4945,296.9437,296.7664,296.5903,296.4218,296.2626,296.1136,295.9753,295.8481,295.7324,295.6284,295.5365,295.4567,295.3894,295.3347,295.2927,295.2636,295.2473,295.2437,295.2529,295.2745,295.3082,295.3536,295.4104,295.4779,295.5555,295.6426,295.7386,295.8428,295.9545,296.073,296.1977,296.3279,296.4632,296.6029,296.7465,296.8937,297.044,297.1971,297.3527,297.5104,297.6701,297.8316,297.9947,298.1594,298.3255,298.493,298.662,298.8324,299.0043,299.1779,299.3533,299.5306,299.7101,299.8921,300.0768,300.2647,300.4561,300.6514,300.8513,301.0561,301.2665,301.483,301.7064,301.9373,302.1764,302.4243,302.6817,302.9493,303.2276,303.5172,303.8186,304.1321,304.458,304.7966,305.148,305.5122,305.8892,306.279,306.6814,307.0962,307.5232,307.9622,308.413,308.8752,309.3486,309.8327,310.3269,310.8305,311.3417,311.854
185.4918,296.8877,296.721,296.5521,296.3894,296.2352,296.0906,295.9562,295.8326,295.7202,295.6193,295.5302,295.4531,295.3883,295.3359,295.2961,295.2689,295.2545,295.2527,295.2635,295.2865,295.3216,295.3683,295.4261,295.4946,295.5732,295.6611,295.7578,295.8626,295.9749,296.0938,296.2189,296.3495,296.4851,296.625,296.7689,296.9162,297.0666,297.2198,297.3753,297.533,297.6927,297.8541,298.017,298.1815,298.3474,298.5147,298.6833,298.8534,299.0249,299.1981,299.373,299.5498,299.7287,299.9101,300.0942,300.2814,300.4721,300.6667,300.8657,301.0696,301.279,301.4946,301.7169,301.9466,302.1845,302.431,302.687,302.9531,303.2297,303.5176,303.817,304.1285,304.4523,304.7886,305.1376,305.4992,305.8736,306.2605,306.6599,307.0715,307.4951,307.9306,308.3775,308.8356,309.3045,309.7836,310.2724,310.7696,311.2731,311.7743
186.4891,296.8347,296.6781,296.5163,296.3593,296.2099,296.0696,295.9391,295.8191,295.7099,295.612,295.5257,295.4512,295.3888,295.3386,295.3009,295.2757,295.2631,295.263,295.2753,295.2998,295.3362,295.384,295.443,295.5124,295.5918,295.6805,295.7779,295.8833,295.996,296.1154,296.2408,296.3717,296.5075,296.6476,296.7917,296.9391,297.0895,297.2427,297.3982,297.5558,297.7154,297.8766,298.0394,298.2036,298.3692,298.5361,298.7044,298.8741,299.0452,299.2179,299.3923,299.5685,299.7469,299.9277,300.1111,300.2976,300.4875,300.6812,300.8793,301.0823,301.2908,301.5053,301.7265,301.955,302.1915,302.4367,302.6912,302.9556,303.2306,303.5166,303.8142,304.1236,304.4452,304.7792,305.1257,305.4848,305.8564,306.2404,306.6367,307.0451,307.4654,307.8972,308.3402,308.7942,309.2586,309.7328,310.216,310.7069,311.2026,311.6931
187.4863,296.7848,296.6377,296.4828,296.3314,296.1869,296.0508,295.9241,295.8075,295.7015,295.6065,295.5229,295.4509,295.3909,295.3429,295.3072,295.284,295.2731,295.2746,295.2884,295.3143,295.3519,295.4009,295.4608,295.5312,295.6114,295.7008,295.7987,295.9047,296.0178,296.1376,296.2634,296.3945,296.5305,296.6708,296.8149,296.9623,297.1128,297.2659,297.4213,297.5788,297.7382,297.8992,298.0617,298.2256,298.3909,298.5575,298.7254,298.8946,299.0653,299.2374,299.4112,299.5869,299.7646,299.9447,300.1274,300.3131,300.5022,300.6951,300.8923,301.0943,301.3017,301.5151,301.7351,301.9623,302.1975,302.4413,302.6942,302.9571,303.2303,303.5145,303.81,304.1173,304.4367,304.7683,305.1124,305.4688,305.8376,306.2188,306.612,307.0171,307.4339,307.8621,308.3012,308.751,309.2108,309.6801,310.1578,310.6424,311.1304,311.6107
188.4836,296.7383,296.5999,296.4518,296.3058,296.166,296.034,295.911,295.7978,295.6949,295.6028,295.5218,295.4523,295.3946,295.3487,295.3151,295.2936,295.2845,295.2876,295.3028,295.3299,295.3687,295.4188,295.4797,295.5509,295.6318,295.7219,295.8204,295.9268,296.0404,296.1605,296.2865,296.4178,296.554,296.6943,296.8384,296.9859,297.1363,297.2893,297.4446,297.6019,297.7611,297.9218,298.084,298.2476,298.4125,298.5787,298.7462,298.9149,299.085,299.2566,299.4298,299.6048,299.7818,299.9612,300.1431,300.328,300.5162,300.7082,300.9044,301.1054,301.3117,301.5239,301.7427,301.9687,302.2024,302.4447,302.6961,302.9573,303.2287,303.511,303.8045,304.1097,304.4268,304.7561,305.0976,305.4513,305.8174,306.1955,306.5856,306.9875,307.4008,307.8252,308.2605,308.706,309.1613,309.6256,310.0978,310.5761,311.0566,311.5273
189.4809,296.6951,296.5648,296.4231,296.2825,296.1473,296.0193,295.9,295.7901,295.6903,295.6009,295.5225,295.4554,295.3999,295.3561,295.3244,295.3047,295.2972,295.3018,295.3184,295.3468,295.3867,295.4378,295.4996,295.5716,295.6532,295.7438,295.8429,295.9497,296.0636,296.184,296.3102,296.4417,296.5779,296.7183,296.8624,297.0098,297.1601,297.313,297.4681,297.6252,297.784,297.9445,298.1064,298.2696,298.434,298.5998,298.7667,298.9349,299.1044,299.2754,299.4479,299.6222,299.7986,299.9771,300.1582,300.3422,300.5295,300.7205,300.9157,301.1156,301.3208,301.5319,301.7494,301.974,302.2063,302.4471,302.6969,302.9563,303.2259,303.5063,303.7978,304.1008,304.4156,304.7424,305.0813,305.4324,305.7955,306.1707,306.5576,306.9562,307.366,307.7867,308.218,308.6593,309.11,309.5694,310.0361,310.5081,310.9811,311.4429
190.4781,296.6556,296.5324,296.397,296.2616,296.1308,296.0068,295.8911,295.7844,295.6875,295.6008,295.525,295.4602,295.4068,295.365,295.3351,295.3172,295.3112,295.3173,295.3352,295.3648,295.4058,295.4578,295.5205,295.5932,295.6754,295.7666,295.8661,295.9733,296.0875,296.2081,296.3345,296.4661,296.6023,296.7427,296.8867,297.034,297.1842,297.3368,297.4917,297.6485,297.8071,297.9671,298.1286,298.2914,298.4554,298.6206,298.787,298.9546,299.1235,299.2938,299.4656,299.6392,299.8147,299.9925,300.1727,300.3558,300.5421,300.7321,300.9263,301.125,301.329,301.5388,301.755,301.9782,302.2091,302.4483,302.6965,302.9541,303.2219,303.5003,303.7896,304.0904,304.4029,304.7272,305.0635,305.4119,305.7722,306.1443,306.5281,306.9233,307.3295,307.7465,308.1738,308.6109,309.0571,309.5114,309.9726,310.4384,310.9042,311.3578
191.4754,296.6199,296.5029,296.3735,296.2431,296.1166,295.9965,295.8842,295.7806,295.6866,295.6026,295.5291,295.4666,295.4153,295.3755,295.3474,295.3311,295.3266,295.3341,295.3533,295.384,295.426,295.4789,295.5423,295.6157,295.6986,295.7902,295.8901,295.9976,296.112,296.2328,296.3593,296.4909,296.6271,296.7675,296.9114,297.0585,297.2085,297.3609,297.5155,297.6719,297.8301,297.9898,298.1508,298.3131,298.4766,298.6412,298.807,298.974,299.1422,299.3118,299.4829,299.6557,299.8304,300.0072,300.1865,300.3687,300.554,300.7429,300.936,301.1336,301.3364,301.5449,301.7597,301.9815,302.2109,302.4485,302.6949,302.9508,303.2166,303.4929,303.7802,304.0787,304.3888,304.7106,305.0443,305.3899,305.7473,306.1163,306.4969,306.8887,307.2914,307.7047,308.128,308.5608,309.0024,309.4518,309.9075,310.3672,310.8259,311.2721
192.4727,296.588,296.4763,296.3526,296.227,296.1047,295.9883,295.8793,295.7788,295.6876,295.6061,295.5351,295.4747,295.4254,295.3875,295.3611,295.3463,295.3434,295.3521,295.3725,295.4043,295.4473,295.501,295.5652,295.6392,295.7225,295.8146,295.9148,296.0226,296.1372,296.2581,296.3846,296.5162,296.6524,296.7926,296.9364,297.0833,297.233,297.3851,297.5393,297.6954,297.8532,298.0124,298.1729,298.3347,298.4976,298.6616,298.8267,298.993,299.1605,299.3294,299.4997,299.6716,299.8454,300.0214,300.1997,300.3808,300.5651,300.753,300.9448,301.1413,301.3428,301.5499,301.7634,301.9837,302.2115,302.4474,302.6921,302.9462,303.2101,303.4843,303.7694,304.0657,304.3733,304.6926,305.0236,305.3664,305.7209,306.0868,306.4642,306.8526,307.2517,307.6612,308.0805,308.509,308.9461,309.3905,309.8408,310.2944,310.7462,311.1859
193.4699,296.5601,296.4527,296.3343,296.2134,296.0951,295.9823,295.8766,295.779,295.6905,295.6115,295.5427,295.4845,295.4371,295.401,295.3762,295.363,295.3614,295.3714,295.3929,295.4257,295.4696,295.5241,295.5889,295.6635,295.7473,295.8398,295.9403,296.0482,296.163,296.2839,296.4105,296.542,296.6781,296.8181,296.9616,297.1083,297.2577,297.4094,297.5633,297.7189,297.8762,298.0349,298.1949,298.3561,298.5184,298.6817,298.8462,299.0117,299.1785,299.3465,299.5159,299.687,299.8599,300.0349,300.2122,300.3923,300.5755,300.7622,300.9528,301.148,301.3482,301.554,301.766,301.9848,302.211,302.4453,302.6882,302.9403,303.2022,303.4744,303.7573,304.0512,304.3565,304.6732,305.0015,305.3414,305.6929,306.0558,306.4299,306.8148,307.2104,307.616,308.0313,308.4556,308.8881,309.3276,309.7726,310.2202,310.6654,311.0995
194.4672,296.5364,296.4322,296.3187,296.2022,296.0879,295.9786,295.876,295.7813,295.6953,295.6187,295.5521,295.4959,295.4504,295.416,295.3928,295.3811,295.3808,295.392,295.4145,295.4483,295.493,295.5482,295.6136,295.6887,295.7729,295.8657,295.9665,296.0745,296.1894,296.3103,296.4368,296.5682,296.7041,296.8439,296.9872,297.1335,297.2825,297.4339,297.5873,297.7425,297.8992,298.0574,298.2168,298.3773,298.5389,298.7016,298.8653,299.0301,299.196,299.3632,299.5317,299.7019,299.8738,300.0477,300.224,300.403,300.585,300.7705,300.96,301.1539,301.3527,301.5571,301.7676,301.9848,302.2094,302.4419,302.683,302.9333,303.1932,303.4632,303.7439,304.0354,304.3382,304.6523,304.9779,305.315,305.6634,306.0232,306.394,306.7755,307.1674,307.5693,307.9806,308.4006,308.8286,309.2632,309.7028,310.1446,310.5835,311.0129
195.4645,296.5168,296.4149,296.3059,296.1936,296.083,295.977,295.8775,295.7855,295.702,295.6278,295.5633,295.509,295.4653,295.4325,295.4109,295.4005,295.4014,295.4138,295.4373,295.472,295.5174,295.5733,295.6393,295.7148,295.7994,295.8924,295.9933,296.1015,296.2163,296.3372,296.4636,296.5948,296.7305,296.87,297.013,297.159,297.3076,297.4585,297.6114,297.766,297.9222,298.0797,298.2385,298.3984,298.5593,298.7212,298.8841,299.048,299.2131,299.3793,299.547,299.7161,299.887,300.0599,300.2351,300.413,300.5938,300.7781,300.9663,301.1588,301.3562,301.5591,301.7681,301.9837,302.2066,302.4374,302.6767,302.925,303.1828,303.4507,303.7291,304.0182,304.3185,304.63,304.9528,305.287,305.6325,305.9891,306.3566,306.7346,307.1229,307.521,307.9283,308.3441,308.7675,309.1972,309.6316,310.0677,310.5005,310.9263
196.4617,296.5015,296.4009,296.2959,296.1876,296.0805,295.9778,295.8811,295.7917,295.7107,295.6386,295.5762,295.5237,295.4818,295.4506,295.4303,295.4213,295.4234,295.4368,295.4613,295.4967,295.5429,295.5994,295.6658,295.7417,295.8265,295.9198,296.0208,296.129,296.2438,296.3646,296.4908,296.6219,296.7572,296.8964,297.039,297.1846,297.3327,297.4831,297.6355,297.7895,297.9451,298.102,298.26,298.4192,298.5793,298.7404,298.9025,299.0655,299.2297,299.395,299.5617,299.7298,299.8996,300.0714,300.2455,300.4222,300.6018,300.7848,300.9716,301.1628,301.3588,301.5602,301.7676,301.9816,302.2028,302.4317,302.6691,302.9154,303.1712,303.4369,303.7129,303.9997,304.2974,304.6062,304.9263,305.2576,305.6,305.9534,306.3176,306.6922,307.0769,307.4711,307.8744,308.286,308.7048,309.1298,309.5591,309.9896,310.4168,310.8396
197.459,296.4905,296.3903,296.2888,296.1841,296.0805,295.9807,295.8868,295.8,295.7213,295.6513,295.5908,295.5402,295.4998,295.4701,295.4512,295.4434,295.4466,295.461,295.4863,295.5225,295.5693,295.6263,295.6932,295.7694,295.8545,295.9479,296.049,296.1571,296.2719,296.3925,296.5185,296.6492,296.7843,296.9231,297.0653,297.2103,297.358,297.5078,297.6596,297.813,297.9679,298.1241,298.2814,298.4397,298.5991,298.7593,298.9205,299.0827,299.2458,299.4102,299.5758,299.7429,299.9116,300.0823,300.2551,300.4306,300.6089,300.7906,300.9761,301.1658,301.3603,301.5602,301.766,301.9783,302.1977,302.4249,302.6603,302.9046,303.1582,303.4217,303.6955,303.9798,304.2749,304.5811,304.8983,305.2267,305.566,305.9163,306.2771,306.6483,307.0293,307.4197,307.819,308.2263,308.6407,309.061,309.4851,309.9103,310.3323,310.7531
198.4563,296.4838,296.3833,296.2846,296.1833,296.0829,295.986,295.8947,295.8103,295.7338,295.6658,295.6072,295.5582,295.5194,295.4911,295.4735,295.4668,295.4711,295.4864,295.5125,295.5494,295.5968,295.6543,295.7215,295.798,295.8832,295.9767,296.0777,296.1859,296.3004,296.4208,296.5465,296.677,296.8116,296.95,297.0917,297.2362,297.3833,297.5325,297.6837,297.8364,297.9906,298.146,298.3025,298.46,298.6185,298.7779,298.9381,299.0993,299.2615,299.4248,299.5893,299.7553,299.9229,300.0924,300.264,300.4382,300.6152,300.7955,300.9796,301.1679,301.3609,301.5592,301.7633,301.9739,302.1916,302.4168,302.6503,302.8925,303.144,303.4053,303.6766,303.9585,304.251,304.5545,304.8689,305.1943,305.5306,305.8776,306.2351,306.6028,306.9802,307.3668,307.7621,308.1652,308.5752,308.9908,309.4099,309.83,310.2473,310.6666
199.4536,296.4813,296.38,296.2835,296.1852,296.0877,295.9936,295.9048,295.8227,295.7482,295.6822,295.6253,295.5779,295.5406,295.5136,295.4972,295.4916,295.4969,295.513,295.5399,295.5773,295.6252,295.6831,295.7506,295.8273,295.9126,296.0061,296.1071,296.2151,296.3295,296.4496,296.575,296.705,296.8392,296.9771,297.1183,297.2623,297.4087,297.5573,297.7077,297.8597,298.0131,298.1677,298.3234,298.4801,298.6376,298.796,298.9553,299.1155,299.2766,299.4389,299.6023,299.7671,299.9335,300.1017,300.2721,300.445,300.6207,300.7996,300.9822,301.169,301.3604,301.5571,301.7596,301.9684,302.1842,302.4076,302.6391,302.8792,303.1285,303.3875,303.6564,303.9358,304.2257,304.5264,304.838,305.1605,305.4937,305.8375,306.1916,306.5558,306.9296,307.3124,307.7037,308.1026,308.5083,308.9192,309.3335,309.7486,310.162,310.5801
200.4508,296.4831,296.3806,296.2854,296.1899,296.0951,296.0035,295.9171,295.8371,295.7646,295.7004,295.6451,295.5993,295.5634,295.5376,295.5224,295.5177,295.5239,295.5407,295.5683,295.6063,295.6546,295.7128,295.7806,295.8574,295.9428,296.0362,296.1371,296.2449,296.359,296.4788,296.6038,296.7334,296.8671,297.0045,297.145,297.2884,297.4342,297.582,297.7317,297.8829,298.0355,298.1893,298.3441,298.4998,298.6564,298.8138,298.9721,299.1312,299.2913,299.4523,299.6146,299.7782,299.9434,300.1104,300.2794,300.4509,300.6252,300.8027,300.9838,301.1691,301.3589,301.554,301.7547,301.9618,302.1757,302.3971,302.6266,302.8646,303.1117,303.3683,303.6349,303.9117,304.199,304.497,304.8057,305.1252,305.4553,305.7959,306.1467,306.5074,306.8775,307.2565,307.6439,308.0387,308.44,308.8464,309.256,309.6664,310.0764,310.4937
201.4481,296.489,296.3851,296.2906,296.1973,296.1049,296.0158,295.9315,295.8536,295.783,295.7205,295.6667,295.6223,295.5877,295.5631,295.5489,295.5452,295.5521,295.5697,295.5978,295.6363,295.6849,295.7434,295.8113,295.8882,295.9736,296.0669,296.1677,296.2752,296.389,296.5084,296.6329,296.7621,296.8952,297.032,297.1719,297.3146,297.4596,297.6067,297.7556,297.906,298.0577,298.2106,298.3645,298.5192,298.6748,298.8312,298.9884,299.1464,299.3053,299.4652,299.6263,299.7887,299.9525,300.1182,300.2859,300.456,300.6289,300.8049,300.9845,301.1682,301.3564,301.5497,301.7487,301.954,302.166,302.3855,302.6129,302.8487,303.0936,303.3479,303.612,303.8863,304.1709,304.4661,304.772,305.0885,305.4155,305.7528,306.1002,306.4574,306.8239,307.1992,307.5826,307.9733,308.3703,308.7723,309.1774,309.5835,309.9908,310.4074
202.4454,296.4991,296.3937,296.2989,296.2075,296.1174,296.0304,295.9482,295.8721,295.8032,295.7423,295.6901,295.647,295.6135,295.59,295.5767,295.5739,295.5815,295.5997,295.6283,295.6673,295.7162,295.7749,295.8429,295.9198,296.0051,296.0983,296.1988,296.306,296.4194,296.5384,296.6624,296.791,296.9236,297.0597,297.1989,297.3408,297.4851,297.6314,297.7794,297.929,298.0798,298.2317,298.3846,298.5383,298.6928,298.8481,299.0042,299.1611,299.3188,299.4775,299.6373,299.7984,299.961,300.1253,300.2916,300.4603,300.6317,300.8062,300.9842,301.1663,301.3528,301.5444,301.7417,301.945,302.1552,302.3726,302.5979,302.8316,303.0742,303.3261,303.5878,303.8595,304.1415,304.4339,304.7368,305.0503,305.3742,305.7083,306.0524,306.4061,306.7689,307.1405,307.52,307.9066,308.2994,308.697,309.0978,309.4998,309.9052,310.3212
203.4426,296.5133,296.4063,296.3107,296.2206,296.1324,296.0474,295.9671,295.8928,295.8255,295.766,295.7151,295.6733,295.6409,295.6184,295.606,295.6039,295.6122,295.6309,295.66,295.6992,295.7484,295.8072,295.8753,295.9521,296.0373,296.1302,296.2304,296.3373,296.4502,296.5687,296.6922,296.8202,296.9521,297.0875,297.226,297.3671,297.5106,297.656,297.8032,297.9517,298.1016,298.2525,298.4043,298.557,298.7105,298.8646,299.0195,299.1752,299.3317,299.4892,299.6477,299.8074,299.9687,300.1316,300.2965,300.4637,300.6336,300.8065,300.9829,301.1633,301.3482,301.538,301.7334,301.9349,302.1431,302.3585,302.5817,302.8132,303.0535,303.303,303.5622,303.8313,304.1106,304.4002,304.7003,305.0107,305.3315,305.6623,306.0031,306.3533,306.7126,307.0803,307.456,307.8386,308.2273,308.6207,309.0172,309.4157,309.8196,310.2349
204.4399,296.5316,296.4229,296.326,296.2367,296.1501,296.0668,295.9882,295.9155,295.8497,295.7916,295.7419,295.7012,295.6698,295.6482,295.6366,295.6352,295.644,295.6632,295.6927,295.7322,295.7815,295.8404,295.9084,295.9851,296.0701,296.1628,296.2626,296.369,296.4815,296.5994,296.7223,296.8496,296.9808,297.1154,297.2531,297.3934,297.536,297.6805,297.8267,297.9743,298.1232,298.273,298.4238,298.5754,298.7277,298.8807,299.0344,299.1888,299.344,299.5002,299.6574,299.8158,299.9756,300.1371,300.3005,300.4662,300.6345,300.8058,300.9806,301.1594,301.3425,301.5305,301.7241,301.9237,302.1299,302.3432,302.5642,302.7935,303.0315,303.2786,303.5353,303.8018,304.0784,304.3652,304.6623,304.9697,305.2873,305.615,305.9523,306.2991,306.6548,307.0189,307.3907,307.7694,308.154,308.5433,308.9359,309.3312,309.7341,310.1488
205.4372,296.554,296.4435,296.3449,296.2557,296.1704,296.0887,296.0116,295.9403,295.8758,295.819,295.7704,295.7307,295.7003,295.6794,295.6685,295.6677,295.6771,295.6967,295.7264,295.7661,295.8155,295.8744,295.9423,296.0188,296.1035,296.1958,296.2952,296.4012,296.5131,296.6304,296.7526,296.8792,297.0096,297.1435,297.2803,297.4197,297.5614,297.705,297.8501,297.9967,298.1445,298.2933,298.4429,298.5933,298.7444,298.8962,299.0486,299.2018,299.3557,299.5105,299.6663,299.8233,299.9817,300.1417,300.3036,300.4678,300.6345,300.8042,300.9774,301.1544,301.3357,301.5219,301.7136,301.9112,302.1154,302.3266,302.5455,302.7725,303.0082,303.2529,303.507,303.7709,304.0448,304.3287,304.6229,304.9273,305.2418,305.5662,305.9002,306.2435,306.5956,306.956,307.3241,307.6989,308.0796,308.4649,308.8537,309.2465,309.6486,310.0627
206.4344,296.5804,296.468,296.3676,296.2778,296.1935,296.113,296.0372,295.9672,295.904,295.8482,295.8007,295.7619,295.7322,295.7121,295.7018,295.7015,295.7113,295.7312,295.7611,295.8009,295.8503,295.9091,295.9769,296.0532,296.1375,296.2295,296.3284,296.4338,296.5451,296.6617,296.7832,296.909,297.0386,297.1716,297.3076,297.446,297.5867,297.7292,297.8734,298.0189,298.1655,298.3132,298.4616,298.6108,298.7607,298.9112,299.0624,299.2142,299.3668,299.5202,299.6746,299.8302,299.987,300.1455,300.3059,300.4685,300.6336,300.8016,300.9731,301.1483,301.3278,301.5122,301.702,301.8976,302.0997,302.3089,302.5256,302.7503,302.9836,303.2258,303.4774,303.7387,304.0098,304.2909,304.5822,304.8835,305.1949,305.516,305.8467,306.1866,306.5352,306.8919,307.2562,307.6272,308.004,308.3856,308.771,309.1618,309.5633,309.9767
207.4317,296.6108,296.4965,296.394,296.3031,296.2192,296.1398,296.0651,295.9963,295.9341,295.8793,295.8327,295.7947,295.7657,295.7462,295.7365,295.7366,295.7467,295.7668,295.7968,295.8367,295.8861,295.9447,296.0122,296.0882,296.1722,296.2636,296.362,296.4668,296.5774,296.6933,296.814,296.939,297.0677,297.1998,297.3348,297.4723,297.6119,297.7534,297.8964,298.0408,298.1863,298.3327,298.48,298.6279,298.7765,298.9257,299.0756,299.226,299.3772,299.5292,299.6821,299.8362,299.9916,300.1485,300.3073,300.4682,300.6317,300.798,300.9677,301.1412,301.3189,301.5014,301.6892,301.8828,302.0829,302.2899,302.5043,302.7268,302.9577,303.1974,303.4465,303.7051,303.9734,304.2517,304.5401,304.8384,305.1466,305.4645,305.7919,306.1283,306.4734,306.8266,307.1872,307.5544,307.9275,308.3054,308.6878,309.0771,309.4779,309.8907
208.429,296.6452,296.5288,296.4243,296.3317,296.2478,296.1691,296.0953,296.0274,295.9662,295.9123,295.8664,295.8291,295.8007,295.7818,295.7724,295.7728,295.7832,295.8034,295.8335,295.8733,295.9226,295.981,296.0482,296.1238,296.2073,296.2982,296.396,296.5001,296.61,296.7252,296.845,296.9691,297.097,297.2281,297.362,297.4984,297.637,297.7774,297.9193,298.0625,298.2067,298.3519,298.4979,298.6446,298.7919,298.9397,299.0882,299.2372,299.387,299.5375,299.6889,299.8415,299.9953,300.1506,300.3078,300.4671,300.6288,300.7935,300.9614,301.133,301.3088,301.4894,301.6752,301.8668,302.0648,302.2696,302.4818,302.702,302.9305,303.1677,303.4142,303.6701,303.9357,304.2112,304.4966,304.7919,305.097,305.4117,305.7357,306.0688,306.4103,306.76,307.1169,307.4806,307.85,308.2245,308.6041,308.9924,309.3927,309.8048
209.4262,296.6835,296.565,296.4583,296.3637,296.2793,296.2009,296.1279,296.0607,296.0002,295.9471,295.9018,295.8651,295.8373,295.8187,295.8097,295.8103,295.8208,295.8411,295.8712,295.9109,295.96,296.0181,296.085,296.1601,296.2431,296.3334,296.4305,296.5339,296.643,296.7573,296.8763,296.9994,297.1262,297.2563,297.3892,297.5245,297.662,297.8012,297.9419,298.0838,298.2269,298.3708,298.5154,298.6608,298.8067,298.9531,299.1002,299.2478,299.396,299.545,299.695,299.8459,299.9981,300.1519,300.3074,300.465,300.625,300.7879,300.9539,301.1237,301.2977,301.4763,301.6601,301.8497,302.0455,302.2481,302.4581,302.6759,302.9019,303.1367,303.3806,303.6339,303.8967,304.1693,304.4518,304.744,305.046,305.3575,305.6782,306.0079,306.3461,306.6922,307.0456,307.4057,307.7716,308.1429,308.5203,308.9079,309.3074,309.7189
210.4235,296.7258,296.605,296.4961,296.3993,296.3137,296.2353,296.1628,296.0962,296.0363,295.9837,295.939,295.9027,295.8753,295.857,295.8482,295.849,295.8596,295.8799,295.9099,295.9494,295.9981,296.0559,296.1223,296.197,296.2793,296.369,296.4653,296.5679,296.6762,296.7896,296.9076,297.0298,297.1556,297.2846,297.4164,297.5505,297.6868,297.8248,297.9642,298.1049,298.2466,298.3892,298.5325,298.6765,298.821,298.966,299.1115,299.2577,299.4044,299.5519,299.7002,299.8496,300.0002,300.1522,300.306,300.4619,300.6202,300.7812,300.9455,301.1134,301.2854,301.4621,301.6439,301.8313,302.025,302.2254,302.4331,302.6485,302.8721,303.1044,303.3457,303.5963,303.8563,304.1261,304.4056,304.6948,304.9937,305.302,305.6195,305.9458,306.2805,306.6232,306.9732,307.3298,307.6924,308.0608,308.4364,308.8233,309.2223,309.6331
211.4208,296.7719,296.6488,296.5376,296.4384,296.3511,296.2724,296.2,296.1338,296.0743,296.0222,295.9779,295.9419,295.9148,295.8967,295.8881,295.889,295.8995,295.9197,295.9495,295.9887,296.0371,296.0945,296.1603,296.2344,296.3161,296.405,296.5006,296.6023,296.7097,296.8221,296.9392,297.0602,297.185,297.3128,297.4434,297.5764,297.7114,297.8481,297.9863,298.1257,298.2661,298.4073,298.5492,298.6917,298.8347,298.9783,299.1223,299.2669,299.4121,299.558,299.7047,299.8524,300.0013,300.1517,300.3038,300.4579,300.6143,300.7736,300.936,301.1019,301.272,301.4467,301.6264,301.8118,302.0033,302.2014,302.4068,302.6199,302.8411,303.0708,303.3095,303.5573,303.8146,304.0815,304.3581,304.6443,304.9401,305.2452,305.5594,305.8825,306.2139,306.5531,306.8997,307.253,307.6124,307.9782,308.3526,308.7389,309.1372,309.5473
212.418,296.8218,296.6963,296.5827,296.4811,296.3916,296.3121,296.2396,296.1736,296.1144,296.0625,296.0185,295.9828,295.9558,295.9378,295.9292,295.93,295.9405,295.9605,295.99,296.0289,296.0769,296.1337,296.199,296.2724,296.3534,296.4415,296.5362,296.637,296.7434,296.8549,296.9708,297.0908,297.2143,297.341,297.4704,297.6022,297.7359,297.8713,298.0081,298.1461,298.2851,298.4249,298.5653,298.7063,298.8479,298.9899,299.1324,299.2754,299.419,299.5633,299.7083,299.8544,300.0016,300.1502,300.3006,300.4529,300.6075,300.7649,300.9254,301.0894,301.2575,301.4301,301.6078,301.791,301.9803,302.1762,302.3793,302.59,302.8087,303.0359,303.2719,303.5171,303.7716,304.0357,304.3093,304.5925,304.8852,305.1871,305.4982,305.8179,306.146,306.4819,306.8252,307.1753,307.5318,307.8953,308.2688,308.6545,309.0521,309.4617
213.4153,296.8755,296.7475,296.6314,296.5273,296.4354,296.3546,296.2817,296.2156,296.1565,296.1047,296.0608,296.0252,295.9982,295.9803,295.9716,295.9723,295.9825,296.0023,296.0314,296.0699,296.1174,296.1736,296.2383,296.3109,296.3911,296.4784,296.5722,296.672,296.7774,296.8877,297.0026,297.1214,297.2437,297.3692,297.4973,297.6277,297.7601,297.8942,298.0296,298.1662,298.3037,298.442,298.581,298.7205,298.8605,299.001,299.1419,299.2833,299.4252,299.5678,299.7112,299.8555,300.001,300.1479,300.2964,300.4469,300.5997,300.7551,300.9137,301.0758,301.2419,301.4124,301.588,301.769,301.9561,302.1498,302.3505,302.5588,302.775,302.9997,303.2331,303.4756,303.7273,303.9885,304.2592,304.5394,304.829,305.1279,305.4357,305.7522,306.0771,306.4097,306.7498,307.0968,307.4506,307.8123,308.1851,308.5701,308.9671,309.376
214.4126,296.9329,296.8024,296.6837,296.577,296.4825,296.3999,296.3262,296.2598,296.2006,296.1488,296.1049,296.0692,296.0422,296.0241,296.0153,296.0158,296.0257,296.045,296.0738,296.1117,296.1586,296.2142,296.2781,296.35,296.4293,296.5157,296.6085,296.7073,296.8116,296.9208,297.0344,297.152,297.2731,297.3973,297.5241,297.6531,297.7841,297.9168,298.0508,298.1859,298.3219,298.4587,298.5961,298.7341,298.8725,299.0114,299.1506,299.2904,299.4307,299.5716,299.7132,299.8558,299.9995,300.1446,300.2913,300.4399,300.5908,300.7443,300.901,301.061,301.2251,301.3936,301.567,301.7459,301.9308,302.1221,302.3205,302.5263,302.7401,302.9622,303.193,303.4327,303.6817,303.9401,304.2078,304.485,304.7716,305.0674,305.3721,305.6854,306.007,306.3365,306.6735,307.0176,307.3689,307.7292,308.1014,308.4858,308.8822,309.2904
215.4098,296.994,296.8609,296.7395,296.6301,296.5329,296.448,296.3733,296.3063,296.2467,296.1947,296.1506,296.1148,296.0876,296.0693,296.0602,296.0604,296.0699,296.0888,296.117,296.1543,296.2006,296.2554,296.3186,296.3896,296.468,296.5533,296.6451,296.7428,296.8459,296.954,297.0664,297.1827,297.3025,297.4253,297.5507,297.6784,297.8079,297.9391,298.0716,298.2052,298.3397,298.4749,298.6108,298.7471,298.8839,299.0211,299.1587,299.2968,299.4353,299.5745,299.7144,299.8552,299.9971,300.1403,300.2852,300.4319,300.5809,300.7325,300.8871,301.0452,301.2072,301.3736,301.5448,301.7215,301.9042,302.0932,302.2892,302.4926,302.7039,302.9234,303.1516,303.3886,303.6348,303.8903,304.1552,304.4294,304.713,305.0057,305.3073,305.6175,305.936,306.2624,306.5964,306.9377,307.2869,307.6462,308.0178,308.4016,308.7973,309.2049
216.4071,297.0588,296.9229,296.7988,296.6867,296.5867,296.4992,296.4228,296.355,296.2949,296.2425,296.1981,296.162,296.1345,296.1159,296.1064,296.1061,296.1151,296.1335,296.1611,296.1978,296.2433,296.2973,296.3596,296.4296,296.5071,296.5913,296.682,296.7786,296.8805,296.9872,297.0984,297.2134,297.3318,297.4532,297.5772,297.7034,297.8314,297.9611,298.0921,298.2241,298.357,298.4907,298.6249,298.7596,298.8947,299.0302,299.1661,299.3024,299.4393,299.5766,299.7147,299.8537,299.9938,300.1351,300.2781,300.4229,300.57,300.7196,300.8722,301.0282,301.1881,301.3524,301.5215,301.696,301.8763,302.0631,302.2567,302.4577,302.6664,302.8834,303.1089,303.3433,303.5867,303.8394,304.1013,304.3726,304.6532,304.9428,305.2413,305.5485,305.8639,306.1874,306.5185,306.8573,307.2047,307.5633,307.9342,308.3174,308.7125,309.1194
217.4044,297.1272,296.9885,296.8616,296.7466,296.6438,296.5534,296.475,296.4061,296.3452,296.2923,296.2474,296.2108,296.1828,296.1638,296.1538,296.153,296.1614,296.1792,296.2061,296.242,296.2867,296.3398,296.4011,296.4702,296.5465,296.6297,296.7192,296.8145,296.9152,297.0206,297.1304,297.244,297.361,297.4809,297.6034,297.7281,297.8547,297.9828,298.1122,298.2426,298.3739,298.5059,298.6384,298.7715,298.9049,299.0387,299.1728,299.3074,299.4424,299.578,299.7142,299.8514,299.9895,300.129,300.27,300.4129,300.558,300.7056,300.8562,301.0101,301.1679,301.3301,301.497,301.6692,301.8473,302.0317,302.2229,302.4214,302.6277,302.8421,303.065,303.2966,303.5373,303.7872,304.0463,304.3146,304.5922,304.8788,305.1743,305.4785,305.7909,306.1115,306.4399,306.7764,307.1224,307.4804,307.8507,308.2332,308.6277,309.034
218.4016,297.1992,297.0576,296.9277,296.8099,296.7042,296.6108,296.5299,296.4594,296.3976,296.3438,296.2983,296.2612,296.2327,296.213,296.2024,296.201,296.2088,296.2258,296.2519,296.2869,296.3307,296.3829,296.4432,296.5112,296.5864,296.6684,296.7567,296.8507,296.95,297.0541,297.1624,297.2746,297.3901,297.5086,297.6295,297.7527,297.8776,298.0041,298.1319,298.2607,298.3903,298.5206,298.6514,298.7827,298.9144,299.0464,299.1788,299.3115,299.4447,299.5784,299.7128,299.8481,299.9844,300.1219,300.261,300.4019,300.5449,300.6905,300.8391,300.9909,301.1466,301.3066,301.4713,301.6413,301.817,301.9991,302.1879,302.384,302.5877,302.7995,303.0198,303.2488,303.4867,303.7337,303.99,304.2554,304.5301,304.8137,305.1063,305.4075,305.717,306.0348,306.3607,306.6951,307.0401,307.3975,307.7673,308.1492,308.543,308.9487
219.3989,297.2747,297.1301,296.9973,296.8764,296.7677,296.6713,296.5875,296.5151,296.452,296.3974,296.351,296.3131,296.2839,296.2636,296.2523,296.2501,296.2571,296.2733,296.2985,296.3327,296.3755,296.4266,296.4858,296.5527,296.6267,296.7074,296.7943,296.887,296.985,297.0876,297.1945,297.3052,297.4191,297.536,297.6554,297.7769,297.9003,298.0251,298.1512,298.2783,298.4062,298.5347,298.6638,298.7933,298.9232,299.0534,299.184,299.3149,299.4462,299.5781,299.7106,299.8439,299.9782,300.1138,300.2509,300.3898,300.5309,300.6744,300.8208,300.9706,301.1241,301.2819,301.4444,301.6121,301.7856,301.9653,302.1517,302.3453,302.5465,302.7558,302.9734,303.1997,303.4348,303.6791,303.9325,304.1951,304.4668,304.7476,305.0372,305.3355,305.6423,305.9574,306.2809,306.6137,306.9579,307.3147,307.6839,308.0651,308.4584,308.8634
220.3962,297.3536,297.206,297.0701,296.9462,296.8344,296.7349,296.648,296.5733,296.5086,296.4528,296.4054,296.3667,296.3366,296.3155,296.3033,296.3003,296.3065,296.3217,296.346,296.3791,296.4209,296.4709,296.5289,296.5945,296.6673,296.7467,296.8323,296.9235,297.02,297.1212,297.2265,297.3356,297.448,297.5633,297.6811,297.8009,297.9226,298.0457,298.17,298.2954,298.4215,298.5483,298.6756,298.8033,298.9314,299.0597,299.1884,299.3175,299.4469,299.5768,299.7074,299.8388,299.9712,300.1048,300.2399,300.3767,300.5157,300.6572,300.8015,300.9491,301.1005,301.2561,301.4163,301.5818,301.7529,301.9302,302.1142,302.3054,302.5041,302.7108,302.9257,303.1494,303.3818,303.6233,303.8739,304.1336,304.4025,304.6804,304.9671,305.2626,305.5667,305.8793,306.2007,306.5322,306.8758,307.232,307.6005,307.9812,308.3738,308.7782
221.3934,297.436,297.2853,297.1462,297.0192,296.9042,296.8016,296.7115,296.634,296.5674,296.5101,296.4616,296.4218,296.3908,296.3687,296.3556,296.3516,296.3568,296.371,296.3943,296.4263,296.4669,296.5158,296.5725,296.6368,296.7082,296.7862,296.8704,296.9602,297.0552,297.1548,297.2585,297.366,297.4768,297.5904,297.7065,297.8246,297.9445,298.0659,298.1885,298.3121,298.4364,298.5614,298.6868,298.8127,298.9389,299.0653,299.1921,299.3192,299.4467,299.5747,299.7034,299.8328,299.9631,300.0947,300.2278,300.3626,300.4995,300.6389,300.7811,300.9265,301.0757,301.2291,301.3871,301.5502,301.7191,301.894,302.0756,302.2642,302.4604,302.6645,302.8769,303.0978,303.3276,303.5663,303.8141,304.071,304.3371,304.6122,304.8961,305.1889,305.4904,305.8006,306.1202,306.4506,306.7937,307.1493,307.5172,307.8973,308.2892,308.693
222.3907,297.5218,297.3678,297.2256,297.0953,296.9771,296.8712,296.7779,296.6972,296.6284,296.5695,296.5196,296.4786,296.4464,296.4232,296.4091,296.404,296.4081,296.4213,296.4433,296.4742,296.5135,296.5611,296.6166,296.6795,296.7495,296.8261,296.9087,296.997,297.0904,297.1884,297.2905,297.3963,297.5054,297.6173,297.7316,297.848,297.9661,298.0857,298.2065,298.3282,298.4507,298.5738,298.6974,298.8214,298.9456,299.0702,299.1951,299.3202,299.4458,299.5718,299.6984,299.8258,299.9542,300.0837,300.2147,300.3474,300.4822,300.6195,300.7595,300.9028,301.0498,301.2009,301.3567,301.5175,301.684,301.8566,302.0357,302.2219,302.4156,302.6171,302.8269,303.0452,303.2722,303.5082,303.7532,304.0074,304.2707,304.543,304.8242,305.1144,305.4134,305.7215,306.0394,306.3692,306.7117,307.0667,307.434,307.8134,308.2048,308.6078
223.388,297.6109,297.4536,297.3081,297.1745,297.053,296.9438,296.8472,296.7632,296.6917,296.6308,296.5793,296.5369,296.5035,296.4791,296.4637,296.4575,296.4604,296.4724,296.4932,296.5228,296.5608,296.607,296.6611,296.7226,296.7911,296.8661,296.9472,297.0339,297.1256,297.222,297.3224,297.4265,297.5338,297.644,297.7565,297.8711,297.9874,298.1051,298.224,298.3439,298.4645,298.5857,298.7074,298.8294,298.9517,299.0743,299.1972,299.3204,299.4439,299.5679,299.6925,299.8179,299.9442,300.0717,300.2006,300.3312,300.4639,300.599,300.7369,300.878,301.0227,301.1716,301.3251,301.4836,301.6478,301.8179,301.9946,302.1784,302.3695,302.5685,302.7757,302.9913,303.2157,303.449,303.6913,303.9427,304.2032,304.4728,304.7515,305.0391,305.3358,305.6419,305.9586,306.2878,306.6297,306.9841,307.3508,307.7296,308.1203,308.5228
224.3852,297.7032,297.5426,297.3938,297.2568,297.1319,297.0194,296.9193,296.8319,296.7573,296.6941,296.6408,296.5968,296.562,296.5362,296.5196,296.5121,296.5137,296.5243,296.5438,296.572,296.6087,296.6535,296.7061,296.766,296.833,296.9064,296.9859,297.0709,297.1609,297.2555,297.3542,297.4566,297.5621,297.6704,297.7811,297.8938,298.0082,298.1241,298.2411,298.359,298.4777,298.5969,298.7167,298.8367,298.9571,299.0777,299.1986,299.3197,299.4412,299.5632,299.6858,299.809,299.9333,300.0586,300.1854,300.3139,300.4445,300.5774,300.7131,300.852,300.9946,301.1412,301.2923,301.4486,301.6103,301.7781,301.9524,302.1336,302.3223,302.5187,302.7233,302.9363,303.158,303.3886,303.6283,303.877,304.1348,304.4018,304.6779,304.9631,305.2576,305.562,305.8778,306.2065,306.5478,306.9016,307.2677,307.6459,308.036,308.4378
225.3825,297.7988,297.6348,297.4825,297.3421,297.2138,297.0977,296.9942,296.9033,296.8253,296.7595,296.7041,296.6584,296.6219,296.5947,296.5766,296.5677,296.5679,296.5771,296.5952,296.622,296.6571,296.7004,296.7514,296.8098,296.8751,296.9469,297.0247,297.108,297.1963,297.2891,297.386,297.4865,297.5901,297.6966,297.8053,297.9162,298.0287,298.1426,298.2576,298.3736,298.4903,298.6076,298.7253,298.8433,298.9617,299.0803,299.1991,299.3182,299.4377,299.5576,299.678,299.7992,299.9213,300.0446,300.1693,300.2956,300.424,300.5548,300.6883,300.8249,300.9652,301.1096,301.2584,301.4123,301.5717,301.7371,301.909,302.0878,302.2739,302.4678,302.6698,302.8802,303.0993,303.3272,303.5642,303.8103,304.0655,304.3299,304.6036,304.8865,305.179,305.4819,305.7971,306.1252,306.4659,306.8191,307.1846,307.5622,307.9516,308.3528
226.3798,297.8975,297.73,297.5742,297.4303,297.2985,297.1789,297.0718,296.9774,296.8958,296.827,296.7693,296.7216,296.6834,296.6545,296.6348,296.6244,296.6231,296.6308,296.6473,296.6726,296.7062,296.7478,296.7972,296.854,296.9176,296.9876,297.0636,297.1451,297.2316,297.3226,297.4176,297.5162,297.618,297.7225,297.8293,297.9382,298.0487,298.1606,298.2737,298.3877,298.5024,298.6176,298.7333,298.8493,298.9656,299.0821,299.1988,299.3159,299.4332,299.551,299.6694,299.7885,299.9084,300.0296,300.1521,300.2763,300.4024,300.531,300.6623,300.7967,300.9347,301.0768,301.2234,301.3749,301.532,301.6949,301.8644,302.0407,302.2243,302.4157,302.6151,302.823,303.0394,303.2648,303.4992,303.7426,303.9953,304.2572,304.5285,304.8092,305.1,305.4018,305.7165,306.0439,306.3841,306.7367,307.1016,307.4785,307.8674,308.2679
227.377,297.9994,297.8283,297.6689,297.5214,297.386,297.2629,297.1521,297.0541,296.9689,296.8966,296.8363,296.7864,296.7462,296.7156,296.6942,296.6821,296.6792,296.6853,296.7002,296.7238,296.7557,296.7957,296.8434,296.8984,296.9603,297.0285,297.1027,297.1823,297.2669,297.356,297.4491,297.5458,297.6456,297.7481,297.8529,297.9598,298.0683,298.1782,298.2892,298.4012,298.5138,298.627,298.7406,298.8545,298.9687,299.0831,299.1978,299.3127,299.4279,299.5436,299.6598,299.7767,299.8946,300.0135,300.1338,300.2558,300.3798,300.5062,300.6352,300.7674,300.9031,301.0429,301.1872,301.3364,301.491,301.6516,301.8186,301.9925,302.1736,302.3625,302.5594,302.7647,302.9786,303.2013,303.4331,303.6741,303.9243,304.1838,304.4528,304.7315,305.0207,305.3218,305.6358,305.9628,306.3023,306.6543,307.0186,307.3949,307.7832,308.1831
228.3743,298.1043,297.9296,297.7666,297.6154,297.4764,297.3495,297.2351,297.1334,297.0444,296.9685,296.9052,296.8529,296.8106,296.778,296.7548,296.7409,296.7362,296.7406,296.7538,296.7757,296.8059,296.8441,296.89,296.9432,297.0032,297.0696,297.1419,297.2196,297.3022,297.3894,297.4805,297.5751,297.6729,297.7734,297.8762,297.981,298.0875,298.1953,298.3043,298.4141,298.5246,298.6357,298.7472,298.859,298.9711,299.0834,299.1959,299.3086,299.4217,299.5352,299.6493,299.764,299.8797,299.9964,300.1146,300.2344,300.3561,300.4802,300.607,300.7369,300.8704,301.0079,301.1498,301.2967,301.449,301.6072,301.7717,301.9432,302.1218,302.3082,302.5026,302.7053,302.9167,303.1369,303.3662,303.6046,303.8524,304.1096,304.3765,304.6534,304.9413,305.2418,305.5553,305.8816,306.2206,306.572,306.9357,307.3114,307.699,308.0983
229.3716,298.2122,298.0338,297.8671,297.7122,297.5694,297.4388,297.3207,297.2152,297.1225,297.0428,296.9761,296.9211,296.8764,296.8417,296.8165,296.8007,296.7942,296.7967,296.8081,296.8282,296.8565,296.8929,296.937,296.9882,297.0463,297.1108,297.1811,297.2569,297.3375,297.4226,297.5117,297.6043,297.7,297.7984,297.8992,298.0019,298.1062,298.2119,298.3187,298.4264,298.5348,298.6438,298.7531,298.8628,298.9727,299.0828,299.1931,299.3037,299.4147,299.526,299.6378,299.7504,299.8638,299.9784,300.0943,300.2118,300.3314,300.4532,300.5778,300.7054,300.8366,300.9717,301.1113,301.2558,301.4058,301.5616,301.7237,301.8927,302.0689,302.2528,302.4447,302.6449,302.8538,303.0715,303.2983,303.5343,303.7797,304.0347,304.2996,304.5749,304.8619,305.1618,305.4748,305.8005,306.1389,306.4898,306.8528,307.2279,307.6149,308.0136
230.3689,298.323,298.1409,297.9704,297.8118,297.6652,297.5308,297.4088,297.2995,297.203,297.1194,297.049,296.9909,296.9438,296.9067,296.8794,296.8616,296.8531,296.8537,296.8632,296.8813,296.9077,296.9422,296.9843,297.0336,297.0897,297.1521,297.2205,297.2941,297.3727,297.4558,297.5428,297.6333,297.7268,297.8231,297.9217,298.0223,298.1245,298.228,298.3327,298.4382,298.5444,298.6512,298.7583,298.8658,298.9735,299.0814,299.1896,299.298,299.4067,299.5158,299.6254,299.7358,299.847,299.9593,300.0729,300.1883,300.3055,300.4251,300.5474,300.6727,300.8016,300.9345,301.0717,301.2139,301.3614,301.5149,301.6746,301.8412,302.0149,302.1963,302.3857,302.5835,302.7899,303.0051,303.2295,303.4632,303.7064,303.9593,304.2223,304.4962,304.7825,305.0819,305.3943,305.7195,306.0573,306.4076,306.77,307.1445,307.5309,307.9289
231.3661,298.4368,298.2508,298.0765,297.914,297.7635,297.6253,297.4995,297.3863,297.2858,297.1983,297.124,297.0626,297.0126,296.9731,296.9435,296.9235,296.9129,296.9114,296.9189,296.935,296.9594,296.9919,297.0319,297.0792,297.1333,297.1936,297.2599,297.3314,297.4079,297.4888,297.5736,297.662,297.7534,297.8475,297.9439,298.0423,298.1422,298.2436,298.346,298.4493,298.5534,298.6579,298.7628,298.8681,298.9735,299.0792,299.1852,299.2913,299.3978,299.5047,299.6121,299.7202,299.8291,299.9392,300.0506,300.1636,300.2786,300.3959,300.5159,300.639,300.7656,300.8961,301.031,301.1708,301.316,301.467,301.6244,301.7885,301.9599,302.1388,302.3258,302.5211,302.725,302.9379,303.1599,303.3913,303.6323,303.8833,304.1446,304.4175,304.7032,305.0021,305.3139,305.6385,305.9758,306.3254,306.6873,307.0612,307.4469,307.8443
232.3634,298.5534,298.3635,298.1853,298.0189,297.8645,297.7223,297.5926,297.4754,297.371,297.2795,297.2012,297.1361,297.083,297.0408,297.0088,296.9865,296.9736,296.97,296.9753,296.9893,297.0116,297.042,297.0799,297.1251,297.177,297.2352,297.2993,297.3687,297.443,297.5217,297.6043,297.6905,297.7797,297.8715,297.9657,298.0618,298.1595,298.2586,298.3588,298.4599,298.5616,298.6639,298.7666,298.8696,298.9728,299.0763,299.1799,299.2838,299.388,299.4926,299.5978,299.7036,299.8103,299.9181,300.0272,300.138,300.2507,300.3657,300.4834,300.6041,300.7284,300.8566,300.9892,301.1267,301.2695,301.4181,301.5731,301.7348,301.9038,302.0803,302.2648,302.4577,302.6593,302.8698,303.0895,303.3187,303.5577,303.8068,304.0667,304.3387,304.6239,304.9222,305.2335,305.5576,305.8943,306.2433,306.6046,306.9778,307.363,307.7597
233.3607,298.6727,298.4789,298.2967,298.1263,297.968,297.8218,297.688,297.5669,297.4584,297.3629,297.2806,297.2114,297.155,297.1099,297.0752,297.0504,297.0353,297.0293,297.0324,297.0442,297.0643,297.0925,297.1283,297.1712,297.2209,297.277,297.3388,297.406,297.478,297.5545,297.6348,297.7187,297.8056,297.8952,297.9871,298.0809,298.1764,298.2732,298.3711,298.4698,298.5693,298.6693,298.7697,298.8704,298.9713,299.0724,299.1738,299.2754,299.3773,299.4797,299.5825,299.686,299.7904,299.8959,300.0028,300.1113,300.2217,300.3344,300.4498,300.5682,300.6902,300.816,300.9463,301.0814,301.2219,301.3682,301.5207,301.6801,301.8466,302.0208,302.2029,302.3935,302.5927,302.8009,303.0184,303.2455,303.4825,303.7299,303.9886,304.26,304.5447,304.8425,305.1532,305.4767,305.8128,306.1613,306.5219,306.8946,307.2791,307.6752
234.3579,298.7948,298.5969,298.4107,298.2363,298.0739,297.9237,297.7859,297.6606,297.5481,297.4485,297.362,297.2887,297.2286,297.1804,297.1429,297.1155,297.0978,297.0895,297.0902,297.0997,297.1175,297.1434,297.1769,297.2176,297.265,297.3188,297.3783,297.4432,297.5129,297.5871,297.6651,297.7466,297.8312,297.9185,298.0081,298.0995,298.1927,298.2871,298.3827,298.4792,298.5763,298.6739,298.772,298.8704,298.969,299.0678,299.1669,299.2662,299.3658,299.4658,299.5663,299.6675,299.7696,299.8728,299.9773,300.0835,300.1916,300.302,300.4151,300.5312,300.6508,300.7744,300.9023,301.0351,301.1732,301.3171,301.4673,301.6243,301.7885,301.9603,302.1401,302.3283,302.5252,302.7312,302.9465,303.1716,303.4067,303.6527,303.9104,304.1814,304.4655,304.7628,305.073,305.3959,305.7314,306.0793,306.4393,306.8114,307.1953,307.5907
235.3552,298.9194,298.7176,298.5273,298.3488,298.1823,298.028,297.886,297.7566,297.6399,297.5362,297.4455,297.368,297.3039,297.2522,297.2117,297.1815,297.1612,297.1504,297.1487,297.1557,297.1712,297.1947,297.2258,297.2642,297.3093,297.3607,297.4179,297.4804,297.5477,297.6195,297.6952,297.7743,297.8566,297.9414,298.0286,298.1177,298.2085,298.3006,298.3938,298.4878,298.5826,298.6779,298.7736,298.8696,298.9659,299.0623,299.159,299.256,299.3533,299.4509,299.5491,299.648,299.7478,299.8487,299.9509,300.0547,300.1605,300.2686,300.3794,300.4932,300.6104,300.7317,300.8572,300.9877,301.1235,301.265,301.4129,301.5675,301.7294,301.8988,302.0763,302.2622,302.4569,302.6607,302.874,303.0971,303.3306,303.5752,303.8323,304.1028,304.3864,304.6831,304.9928,305.3151,305.65,305.9973,306.3568,306.7282,307.1115,307.5064
236.3525,299.0467,298.8407,298.6463,298.4637,298.293,298.1345,297.9884,297.8548,297.7339,297.6259,297.531,297.4493,297.3809,297.3255,297.2818,297.2487,297.2256,297.2121,297.2078,297.2123,297.2253,297.2464,297.2751,297.311,297.3537,297.4026,297.4574,297.5175,297.5824,297.6518,297.725,297.8018,297.8816,297.964,298.0487,298.1354,298.2238,298.3135,298.4042,298.4959,298.5883,298.6811,298.7745,298.8681,298.962,299.0561,299.1504,299.245,299.3399,299.4352,299.531,299.6276,299.725,299.8235,299.9234,300.0249,300.1284,300.2342,300.3426,300.4541,300.569,300.6879,300.8111,300.9393,301.0727,301.212,301.3575,301.5098,301.6693,301.8364,302.0117,302.1953,302.3878,302.5895,302.8008,303.0221,303.2541,303.4977,303.7543,304.0242,304.3073,304.6035,304.9126,305.2344,305.5687,305.9154,306.2743,306.6452,307.0278,307.422
237.3497,299.1765,298.9663,298.7677,298.5809,298.406,298.2433,298.0929,297.9551,297.8299,297.7177,297.6185,297.5325,297.4597,297.4003,297.3531,297.3168,297.2908,297.2746,297.2676,297.2695,297.2799,297.2984,297.3246,297.358,297.3982,297.4447,297.497,297.5546,297.617,297.6839,297.7546,297.8289,297.9062,297.9862,298.0685,298.1527,298.2385,298.3258,298.4141,298.5033,298.5932,298.6837,298.7746,298.8658,298.9572,299.0489,299.1409,299.2331,299.3256,299.4185,299.512,299.6062,299.7012,299.7974,299.895,299.9941,300.0952,300.1987,300.3048,300.4139,300.5265,300.6431,300.764,300.8898,301.0209,301.1579,301.3011,301.4511,301.6083,301.7732,301.9461,302.1276,302.318,302.5177,302.7271,302.9467,303.1773,303.4202,303.6763,303.9457,304.2283,304.524,304.8325,305.1537,305.4875,305.8336,306.1919,306.5621,306.9441,307.3377
238.347,299.3088,299.0944,298.8915,298.7004,298.5213,298.3543,298.1996,298.0575,297.928,297.8114,297.7079,297.6175,297.5404,297.4766,297.4257,297.3861,297.357,297.3378,297.328,297.3272,297.335,297.3509,297.3744,297.4053,297.4429,297.4868,297.5365,297.5915,297.6515,297.7158,297.784,297.8557,297.9305,298.008,298.0877,298.1694,298.2528,298.3375,298.4234,298.5101,298.5975,298.6855,298.774,298.8627,298.9517,299.041,299.1305,299.2203,299.3104,299.4009,299.492,299.5838,299.6765,299.7703,299.8655,299.9623,300.0611,300.1622,300.2659,300.3727,300.483,300.5973,300.7159,300.8393,300.9682,301.1028,301.2437,301.3914,301.5464,301.709,301.8798,302.0592,302.2475,302.4452,302.6528,302.8709,303.1004,303.3427,303.5983,303.8672,304.1493,304.4444,304.7524,305.0731,305.4063,305.7518,306.1095,306.4791,306.8605,307.2535
239.3443,299.4435,299.2247,299.0176,298.8222,298.6387,298.4674,298.3084,298.1619,298.028,297.9071,297.7991,297.7043,297.6228,297.5546,297.4996,297.4564,297.4241,297.4019,297.3892,297.3855,297.3905,297.4037,297.4245,297.4527,297.4876,297.5289,297.576,297.6285,297.6858,297.7475,297.8131,297.8822,297.9544,298.0293,298.1065,298.1857,298.2665,298.3487,298.432,298.5162,298.6012,298.6867,298.7726,298.8589,298.9454,299.0322,299.1193,299.2066,299.2943,299.3824,299.4711,299.5605,299.6508,299.7422,299.835,299.9295,300.0259,300.1246,300.226,300.3305,300.4385,300.5504,300.6667,300.7879,300.9144,301.0468,301.1854,301.3309,301.4836,301.6441,301.8127,301.99,302.1763,302.3721,302.5781,302.7948,303.0235,303.2653,303.5204,303.7888,304.0704,304.365,304.6724,304.9925,305.3252,305.6701,306.0272,306.3962,306.777,307.1693
240.3415,299.5805,299.3574,299.1459,298.9461,298.7583,298.5826,298.4191,298.2682,298.13,298.0046,297.8922,297.7929,297.7069,297.6342,297.5748,297.5279,297.4921,297.4667,297.4509,297.4443,297.4465,297.4568,297.4749,297.5003,297.5325,297.5711,297.6155,297.6653,297.7199,297.779,297.842,297.9085,297.978,298.0503,298.1249,298.2015,298.2797,298.3593,298.44,298.5217,298.6041,298.6871,298.7705,298.8543,298.9383,299.0226,299.1072,299.1921,299.2773,299.363,299.4493,299.5362,299.6241,299.7132,299.8036,299.8957,299.9897,300.0861,300.1852,300.2873,300.393,300.5026,300.6166,300.7355,300.8597,300.9898,301.1262,301.2694,301.42,301.5783,301.7448,301.9201,302.1045,302.2985,302.5029,302.7185,302.9465,303.1879,303.4426,303.7105,303.9915,304.2856,304.5925,304.912,305.2441,305.5884,305.9449,306.3133,306.6935,307.0852
241.3388,299.7197,299.4923,299.2763,299.0722,298.8799,298.6997,298.5319,298.3765,298.2338,298.1039,297.987,297.8832,297.7926,297.7154,297.6515,297.6005,297.5611,297.5323,297.5134,297.5037,297.5028,297.5103,297.5255,297.5481,297.5775,297.6133,297.655,297.702,297.7539,297.8103,297.8706,297.9344,298.0013,298.0709,298.1428,298.2167,298.2923,298.3693,298.4475,298.5266,298.6064,298.6868,298.7676,298.8489,298.9304,299.0122,299.0943,299.1767,299.2595,299.3427,299.4265,299.5111,299.5965,299.6832,299.7712,299.8609,299.9526,300.0466,300.1433,300.2431,300.3465,300.4538,300.5655,300.6821,300.8041,300.9319,301.0661,301.2071,301.3555,301.5117,301.6762,301.8495,302.0321,302.2245,302.4275,302.6421,302.8696,303.1105,303.3647,303.6322,303.9127,304.2062,304.5126,304.8316,305.163,305.5068,305.8627,306.2305,306.6101,307.0012
242.3361,299.8612,299.6293,299.4089,299.2003,299.0035,298.8189,298.6465,298.4867,298.3394,298.205,298.0835,297.9752,297.88,297.7981,297.7296,297.6743,297.631,297.5987,297.5765,297.5636,297.5597,297.5641,297.5764,297.5961,297.6226,297.6556,297.6944,297.7386,297.7878,297.8413,297.8989,297.9599,298.0241,298.091,298.1603,298.2315,298.3044,298.3788,298.4543,298.5307,298.608,298.6858,298.7641,298.8427,298.9217,299.001,299.0806,299.1605,299.2407,299.3215,299.4028,299.4849,299.568,299.6522,299.7378,299.8251,299.9145,300.0061,300.1005,300.198,300.299,300.404,300.5134,300.6278,300.7475,300.8731,301.0051,301.144,301.2903,301.4444,301.6069,301.7783,301.9591,302.15,302.3518,302.5657,302.7928,303.0332,303.287,303.5539,303.8339,304.1269,304.4327,304.7511,305.082,305.4252,305.7805,306.1477,306.5267,306.9172
243.3333,300.0048,299.7684,299.5435,299.3304,299.1291,298.9399,298.7631,298.5986,298.4468,298.3078,298.1817,298.0688,297.969,297.8824,297.8092,297.7493,297.702,297.6659,297.6402,297.6241,297.6169,297.6183,297.6275,297.6442,297.6678,297.6979,297.7338,297.7752,297.8215,297.8722,297.9269,297.9852,298.0466,298.1107,298.1772,298.2458,298.316,298.3877,298.4605,298.5343,298.6089,298.684,298.7597,298.8358,298.9122,298.9889,299.066,299.1433,299.2211,299.2994,299.3782,299.4579,299.5385,299.6203,299.7035,299.7884,299.8754,299.9647,300.0567,300.1519,300.2506,300.3533,300.4605,300.5726,300.6901,300.8135,300.9433,301.0801,301.2243,301.3764,301.537,301.7066,301.8857,302.0752,302.276,302.4893,302.716,302.956,303.2092,303.4757,303.7552,304.0476,304.3529,304.6708,305.0011,305.3437,305.6984,306.065,306.4434,306.8332
244.3306,300.1505,299.9095,299.6801,299.4624,299.2566,299.0628,298.8813,298.7123,298.5559,298.4123,298.2815,298.1639,298.0594,297.9682,297.8902,297.8255,297.7739,297.734,297.7046,297.6851,297.6747,297.6728,297.6789,297.6925,297.7131,297.7402,297.7731,297.8116,297.855,297.9028,297.9547,298.0101,298.0687,298.1301,298.1938,298.2595,298.327,298.396,298.4661,298.5372,298.6091,298.6816,298.7547,298.8281,298.902,298.9761,299.0506,299.1254,299.2006,299.2764,299.3528,299.43,299.5081,299.5875,299.6683,299.7508,299.8354,299.9223,300.012,300.1049,300.2013,300.3017,300.4066,300.5165,300.6318,300.753,300.8807,301.0154,301.1576,301.3077,301.4664,301.6343,301.8119,302.0001,302.2001,302.413,302.6392,302.8788,303.1316,303.3975,303.6765,303.9684,304.2731,304.5905,304.9202,305.2623,305.6164,305.9824,306.3601,306.7493
245.3279,300.2982,300.0526,299.8186,299.5963,299.3859,299.1875,299.0014,298.8277,298.6666,298.5183,298.3829,298.2605,298.1513,298.0553,297.9726,297.9031,297.8469,297.8029,297.7698,297.7466,297.7328,297.7276,297.7305,297.741,297.7585,297.7825,297.8124,297.8479,297.8883,297.9332,297.9822,298.0347,298.0905,298.149,298.2098,298.2728,298.3375,298.4037,298.4711,298.5395,298.6086,298.6785,298.7489,298.8197,298.8909,298.9625,299.0343,299.1066,299.1793,299.2525,299.3264,299.4011,299.4768,299.5537,299.6321,299.7123,299.7944,299.879,299.9664,300.0569,300.1511,300.2492,300.3519,300.4595,300.5726,300.6917,300.8173,300.95,301.0901,301.2384,301.3953,301.5615,301.7377,301.9248,302.1242,302.3367,302.5625,302.8016,303.0539,303.3194,303.5979,303.8893,304.1934,304.5102,304.8394,305.1808,305.5344,305.8998,306.2769,306.6655
246.3251,300.4478,300.1976,299.959,299.732,299.5169,299.3139,299.1231,298.9447,298.7789,298.6259,298.4858,298.3586,298.2447,298.1439,298.0563,297.982,297.921,297.8726,297.8355,297.8087,297.7914,297.7828,297.7824,297.7896,297.8039,297.8248,297.8517,297.8841,297.9215,297.9634,298.0094,298.059,298.1118,298.1674,298.2255,298.2856,298.3475,298.4108,298.4754,298.5411,298.6075,298.6747,298.7424,298.8105,298.8791,298.948,299.0173,299.087,299.1571,299.2278,299.2992,299.3714,299.4446,299.5191,299.5951,299.6728,299.7526,299.8348,299.9199,300.0081,300.1,300.1959,300.2963,300.4017,300.5127,300.6297,300.7532,300.8838,301.0221,301.1685,301.3237,301.4883,301.6632,301.8495,302.0484,302.2605,302.4859,302.7245,302.9763,303.2413,303.5193,303.8101,304.1138,304.43,304.7586,305.0995,305.4524,305.8172,306.1937,306.5817
247.3224,300.5992,300.3444,300.1011,299.8694,299.6497,299.4419,299.2464,299.0633,298.8928,298.735,298.5901,298.4582,298.3394,298.2337,298.1413,298.0622,297.9962,297.9432,297.902,297.8714,297.8504,297.8383,297.8345,297.8384,297.8495,297.8671,297.8909,297.9201,297.9545,297.9934,298.0363,298.083,298.1328,298.1855,298.2406,298.2978,298.3569,298.4174,298.4792,298.5421,298.6058,298.6702,298.7352,298.8006,298.8665,298.9328,298.9995,299.0666,299.1341,299.2023,299.2711,299.3408,299.4116,299.4836,299.5571,299.6325,299.7099,299.7898,299.8725,299.9584,300.048,300.1416,300.2399,300.3431,300.452,300.5669,300.6884,300.817,300.9534,301.098,301.2516,301.4148,301.5885,301.7741,301.9726,302.1843,302.4093,302.6474,302.8988,303.1633,303.4407,303.7311,304.0342,304.3498,304.6779,305.0182,305.3705,305.7347,306.1106,306.498
248.3197,300.7525,300.493,300.2449,300.0086,299.784,299.5715,299.3713,299.1834,299.0081,298.8455,298.6958,298.559,298.4354,298.3249,298.2276,298.1435,298.0726,298.0148,297.9693,297.9346,297.9098,297.8941,297.8868,297.8873,297.8951,297.9095,297.93,297.9561,297.9873,298.0231,298.063,298.1066,298.1534,298.2031,298.2553,298.3096,298.3658,298.4234,298.4824,298.5424,298.6034,298.665,298.7272,298.79,298.8532,298.9168,298.9809,299.0453,299.1103,299.1759,299.2422,299.3094,299.3777,299.4472,299.5183,299.5913,299.6663,299.7438,299.8242,299.9079,299.9952,300.0866,300.1826,300.2838,300.3905,300.5033,300.6228,300.7496,300.8841,301.027,301.179,301.3409,301.5137,301.6987,301.8968,302.1081,302.3327,302.5704,302.8213,303.0853,303.3622,303.6521,303.9546,304.2697,304.5972,304.9369,305.2887,305.6523,306.0276,306.4143
249.3169,300.9075,300.6432,300.3904,300.1493,299.92,299.7027,299.4976,299.305,299.1248,298.9574,298.8028,298.6612,298.5327,298.4172,298.315,298.2259,298.1501,298.0873,298.0372,297.9984,297.9697,297.9503,297.9394,297.9364,297.9408,297.9518,297.969,297.9919,298.0199,298.0526,298.0894,298.1299,298.1737,298.2204,298.2696,298.3209,298.3741,298.4289,298.485,298.5422,298.6003,298.6592,298.7186,298.7787,298.8392,298.9001,298.9615,299.0233,299.0857,299.1487,299.2125,299.2772,299.3429,299.41,299.4787,299.5492,299.6219,299.6971,299.7751,299.8565,299.9416,300.0308,300.1246,300.2236,300.3283,300.4391,300.5566,300.6815,300.8142,300.9555,301.1061,301.2668,301.4387,301.6234,301.8211,302.032,302.2562,302.4934,302.7439,303.0073,303.2838,303.5731,303.8751,304.1897,304.5166,304.8557,305.2069,305.5699,305.9446,306.3307
250.3142,301.0641,300.7951,300.5375,300.2915,300.0574,299.8353,299.6254,299.4279,299.2429,299.0706,298.9111,298.7646,298.6311,298.5108,298.4036,298.3095,298.2286,298.1608,298.1059,298.0628,298.03,298.0068,297.9922,297.9857,297.9865,297.9942,298.008,298.0276,298.0524,298.0818,298.1155,298.1529,298.1936,298.2372,298.2834,298.3317,298.382,298.4338,298.487,298.5413,298.5966,298.6526,298.7093,298.7666,298.8244,298.8826,298.9413,299.0005,299.0603,299.1207,299.1819,299.2441,299.3074,299.372,299.4382,299.5063,299.5766,299.6495,299.7252,299.8043,299.8872,299.9742,300.0659,300.1628,300.2654,300.3742,300.4898,300.6129,300.7439,300.8836,301.0328,301.1925,301.3638,301.5481,301.7455,301.956,302.1797,302.4165,302.6665,302.9294,303.2054,303.4942,303.7956,304.1096,304.436,304.7746,305.1252,305.4876,305.8616,306.2471
251.3115,301.2223,300.9485,300.6861,300.4353,300.1963,299.9694,299.7546,299.5522,299.3623,299.1851,299.0207,298.8692,298.7308,298.6054,298.4932,298.3941,298.3082,298.2353,298.1754,298.1277,298.0908,298.0636,298.0453,298.0351,298.0324,298.0365,298.047,298.0632,298.0847,298.1109,298.1413,298.1755,298.2131,298.2536,298.2967,298.3421,298.3893,298.4382,298.4885,298.5399,298.5923,298.6455,298.6994,298.7539,298.8089,298.8644,298.9204,298.977,299.0341,299.092,299.1506,299.2102,299.271,299.3332,299.397,299.4627,299.5306,299.6011,299.6746,299.7514,299.832,299.9169,300.0064,300.1012,300.2018,300.3087,300.4225,300.5437,300.6731,300.8113,300.9593,301.118,301.2889,301.4728,301.6698,301.88,302.1032,302.3396,302.5891,302.8516,303.127,303.4153,303.7162,304.0297,304.3555,304.6935,305.0435,305.4053,305.7787,306.1636
252.3087,301.3821,301.1034,300.8361,300.5804,300.3366,300.1048,299.8851,299.6778,299.483,299.3008,299.1314,298.975,298.8316,298.7012,298.5839,298.4798,298.3887,298.3108,298.2458,298.1933,298.1521,298.1208,298.0986,298.0846,298.0783,298.0789,298.0859,298.0987,298.1168,298.1397,298.1669,298.1979,298.2323,298.2697,298.3097,298.3519,298.3962,298.442,298.4894,298.5378,298.5873,298.6377,298.6888,298.7405,298.7927,298.8455,298.8988,298.9527,299.0072,299.0624,299.1185,299.1756,299.2339,299.2936,299.3549,299.4182,299.4838,299.552,299.6231,299.6977,299.7761,299.8588,299.9463,300.039,300.1376,300.2426,300.3545,300.4741,300.6019,300.7387,300.8855,301.0435,301.2141,301.3977,301.5943,301.804,302.0268,302.2628,302.5118,302.7738,303.0487,303.3365,303.6369,303.9498,304.275,304.6124,304.9618,305.3231,305.6959,306.0802
253.306,301.5432,301.2596,300.9875,300.7269,300.4782,300.2414,300.0168,299.8046,299.6048,299.4177,299.2433,299.0818,298.9334,298.798,298.6756,298.5664,298.4702,298.3871,298.3169,298.2596,298.2138,298.1784,298.1521,298.1343,298.1243,298.1213,298.1247,298.1341,298.1488,298.1683,298.1922,298.2199,298.2511,298.2853,298.3222,298.3613,298.4025,298.4454,298.4897,298.5352,298.5818,298.6293,298.6775,298.7264,298.7759,298.8259,298.8765,298.9277,298.9796,299.0322,299.0857,299.1402,299.196,299.2532,299.3121,299.373,299.4362,299.5021,299.571,299.6433,299.7195,299.8001,299.8855,299.9762,300.0728,300.1759,300.2861,300.4039,300.5302,300.6658,300.8116,300.9691,301.1393,301.3225,301.5187,301.7281,301.9505,302.186,302.4345,302.6961,302.9705,303.2577,303.5576,303.8699,304.1946,304.5314,304.8803,305.2409,305.6131,305.9968
254.3033,301.7058,301.4173,301.1402,300.8747,300.621,300.3793,300.1498,299.9325,299.7277,299.5356,299.3562,299.1897,299.0362,298.8957,298.7683,298.6539,298.5526,298.4643,298.3889,298.3265,298.276,298.2362,298.2059,298.1842,298.1703,298.1637,298.1635,298.1693,298.1806,298.1967,298.2172,298.2416,298.2696,298.3006,298.3343,298.3703,298.4084,298.4482,298.4895,298.5321,298.5757,298.6203,298.6656,298.7117,298.7583,298.8056,298.8535,298.902,298.9512,299.0012,299.0521,299.1041,299.1574,299.2121,299.2686,299.3271,299.3879,299.4515,299.5181,299.5882,299.6623,299.7407,299.824,299.9128,300.0075,300.1087,300.2171,300.3334,300.4583,300.5926,300.7376,300.8946,301.0645,301.2474,301.4433,301.6522,301.8742,302.1092,302.3573,302.6184,302.8923,303.179,303.4783,303.7901,304.1142,304.4505,304.7987,305.1588,305.5304,305.9135
255.3005,301.8696,301.5762,301.2941,301.0237,300.7651,300.5184,300.2838,300.0615,299.8518,299.6546,299.4702,299.2986,299.14,298.9944,298.8618,298.7423,298.6358,298.5423,298.4617,298.394,298.3387,298.2945,298.26,298.2342,298.2165,298.206,298.2022,298.2045,298.2122,298.2249,298.242,298.2631,298.2877,298.3155,298.346,298.3788,298.4138,298.4505,298.4888,298.5284,298.5691,298.6107,298.6531,298.6963,298.7402,298.7847,298.8298,298.8757,298.9222,298.9696,299.0179,299.0673,299.1181,299.1703,299.2244,299.2805,299.339,299.4002,299.4646,299.5325,299.6044,299.6807,299.762,299.8488,299.9416,300.041,300.1478,300.2625,300.386,300.5193,300.6636,300.8202,300.9898,301.1723,301.3678,301.5763,301.7979,302.0325,302.2801,302.5407,302.8141,303.1003,303.3991,303.7104,304.0339,304.3696,304.7173,305.0767,305.4477,305.8302
256.2978,302.0347,301.7363,301.4493,301.1738,300.9102,300.6585,300.4189,300.1916,299.9768,299.7745,299.585,299.4084,299.2446,299.0939,298.9562,298.8314,298.7198,298.621,298.5352,298.4623,298.402,298.3531,298.3142,298.2844,298.2627,298.2485,298.2409,298.2395,298.2437,298.2528,298.2665,298.2842,298.3055,298.33,298.3573,298.387,298.4188,298.4524,298.4876,298.5241,298.5618,298.6005,298.6401,298.6804,298.7215,298.7632,298.8055,298.8486,298.8925,298.9372,298.983,299.0298,299.0781,299.1279,299.1795,299.2332,299.2894,299.3483,299.4104,299.4761,299.5459,299.6201,299.6994,299.7842,299.8752,299.9729,300.078,300.1912,300.3135,300.4458,300.5895,300.7459,300.9151,301.0973,301.2924,301.5005,301.7217,301.9559,302.203,302.4631,302.736,303.0217,303.3199,303.6307,303.9537,304.2888,304.6359,304.9947,305.3651,305.747
257.2951,302.2009,301.8975,301.6055,301.325,301.0564,300.7996,300.555,300.3227,300.1027,299.8954,299.7008,299.519,299.3501,299.1942,299.0513,298.9214,298.8045,298.7005,298.6094,298.5312,298.4657,298.412,298.3688,298.3348,298.309,298.2909,298.2796,298.2745,298.275,298.2806,298.2908,298.3051,298.323,298.3442,298.3682,298.3947,298.4233,298.4538,298.4859,298.5194,298.5541,298.5898,298.6265,298.6639,298.7021,298.741,298.7806,298.821,298.8622,298.9043,298.9474,298.9917,299.0374,299.0848,299.1339,299.1853,299.2391,299.2958,299.3557,299.4192,299.4868,299.559,299.6363,299.7192,299.8083,299.9043,300.0079,300.1197,300.2408,300.3722,300.5155,300.6716,300.8405,301.0223,301.217,301.4248,301.6455,301.8792,302.1259,302.3855,302.658,302.9431,303.2408,303.551,303.8734,304.208,304.5545,304.9127,305.2826,305.6638
258.2923,302.3682,302.0597,301.7627,301.4772,301.2035,300.9417,300.692,300.4546,300.2296,300.0172,299.8174,299.6305,299.4564,299.2953,299.1472,299.0121,298.8899,298.7806,298.6843,298.6007,298.5299,298.4714,298.4236,298.3853,298.3554,298.3333,298.3182,298.3093,298.3062,298.3082,298.3149,298.3257,298.3403,298.3581,298.3788,298.402,298.4274,298.4548,298.4838,298.5142,298.5459,298.5786,298.6123,298.6469,298.6822,298.7183,298.7551,298.7928,298.8313,298.8707,298.9112,298.953,298.9962,299.041,299.0878,299.1368,299.1883,299.2426,299.3003,299.3617,299.4272,299.4973,299.5727,299.6537,299.741,299.8354,299.9374,300.0479,300.1679,300.2986,300.4416,300.5973,300.7659,300.9474,301.1417,301.3491,301.5694,301.8027,302.0489,302.308,302.5799,302.8646,303.1618,303.4714,303.7933,304.1273,304.4732,304.8308,305.2001,305.5807
259.2896,302.5365,302.223,301.9209,301.6304,301.3516,301.0847,300.8299,300.5874,300.3573,300.1397,299.9348,299.7427,299.5635,299.3972,299.2438,299.1034,298.976,298.8614,298.7597,298.6708,298.5947,298.5311,298.4786,298.4359,298.4019,298.3758,298.3567,298.3441,298.3372,298.3356,298.3388,298.3461,298.3572,298.3716,298.389,298.4089,298.4311,298.4553,298.4812,298.5085,298.5371,298.5669,298.5976,298.6293,298.6617,298.695,298.7291,298.764,298.7998,298.8366,298.8745,298.9137,298.9544,298.9967,299.0411,299.0877,299.1369,299.189,299.2444,299.3036,299.367,299.4352,299.5086,299.5878,299.6734,299.7661,299.8666,299.9759,300.0949,300.225,300.3677,300.5231,300.6914,300.8724,301.0664,301.2734,301.4933,301.7261,301.9719,302.2306,302.502,302.7861,303.0828,303.3918,303.7132,304.0466,304.3919,304.749,305.1176,305.4976
260.2869,302.7057,302.3871,302.08,301.7844,301.5005,301.2285,300.9686,300.721,300.4857,300.263,300.0529,299.8556,299.6712,299.4997,299.3411,299.1954,299.0626,298.9428,298.8357,298.7415,298.66,298.5912,298.534,298.4868,298.4485,298.4183,298.3952,298.3787,298.3682,298.3629,298.3624,298.3662,298.3738,298.3848,298.3989,298.4155,298.4345,298.4554,298.4782,298.5024,298.528,298.5547,298.5825,298.6112,298.6408,298.6712,298.7025,298.7347,298.7678,298.8019,298.8372,298.8738,298.912,298.9519,298.9938,299.0381,299.0849,299.1348,299.188,299.2451,299.3064,299.3726,299.4441,299.5214,299.6053,299.6965,299.7956,299.9037,300.0218,300.1515,300.2938,300.4489,300.6168,300.7976,300.9912,301.1978,301.4172,301.6496,301.895,302.1531,302.4241,302.7077,303.0038,303.3123,303.6331,303.966,304.3107,304.6672,305.0352,305.4146
261.2842,302.8757,302.5521,302.2399,301.9392,301.6502,301.3731,301.1081,300.8553,300.6149,300.387,300.1717,299.9692,299.7796,299.6028,299.4389,299.2879,299.1499,299.0247,298.9123,298.8127,298.7258,298.6517,298.5895,298.5378,298.4952,298.4608,298.4337,298.4133,298.399,298.39,298.3859,298.3861,298.3902,298.3978,298.4084,298.4218,298.4374,298.4552,298.4747,298.4959,298.5184,298.5421,298.5669,298.5926,298.6193,298.6469,298.6754,298.7048,298.7352,298.7667,298.7994,298.8335,298.8691,298.9066,298.9461,298.9879,299.0325,299.0801,299.1312,299.1861,299.2454,299.3096,299.3792,299.4547,299.537,299.6266,299.7243,299.8313,299.9487,300.078,300.22,300.3748,300.5424,300.7228,300.916,301.1222,301.3412,301.5732,301.8181,302.0758,302.3462,302.6293,302.9249,303.2329,303.5531,303.8854,304.2296,304.5854,304.9529,305.3317
262.2814,303.0466,302.7179,302.4005,302.0947,301.8006,301.5184,301.2482,300.9903,300.7447,300.5116,300.2911,300.0834,299.8885,299.7064,299.5373,299.381,299.2376,299.107,298.9893,298.8843,298.7921,298.7126,298.6454,298.5889,298.5419,298.5033,298.4722,298.4479,298.4296,298.4169,298.4091,298.4058,298.4064,298.4105,298.4177,298.4277,298.4401,298.4546,298.471,298.4889,298.5083,298.529,298.5508,298.5737,298.5975,298.6222,298.6479,298.6745,298.7022,298.731,298.7611,298.7926,298.8257,298.8607,298.8978,298.9373,298.9796,299.025,299.0739,299.1267,299.184,299.2462,299.3139,299.3877,299.4683,299.5564,299.6529,299.7589,299.8755,300.0045,300.1462,300.3007,300.4679,300.648,300.8409,301.0466,301.2653,301.4968,301.7412,301.9984,302.2684,302.5509,302.846,303.1535,303.4731,303.8049,304.1485,304.5038,304.8706,305.2488
263.2787,303.2181,302.8843,302.5619,302.2509,301.9517,301.6643,301.3889,301.1258,300.875,300.6367,300.4111,300.1981,299.9979,299.8106,299.6361,299.4745,299.3258,299.1899,299.0667,298.9563,298.8587,298.7738,298.7015,298.6403,298.5888,298.5459,298.5107,298.4823,298.4602,298.4437,298.4322,298.4253,298.4223,298.4229,298.4267,298.4333,298.4424,298.4537,298.4668,298.4816,298.498,298.5156,298.5344,298.5543,298.5752,298.597,298.6199,298.6438,298.6688,298.6949,298.7224,298.7513,298.7819,298.8145,298.8492,298.8863,298.9263,298.9694,299.0162,299.0669,299.1222,299.1825,299.2483,299.3204,299.3994,299.4861,299.5814,299.6863,299.8024,299.9311,300.0725,300.2267,300.3936,300.5733,300.7658,300.9711,301.1894,301.4205,301.6644,301.9211,302.1906,302.4727,302.7672,303.0741,303.3932,303.7244,304.0674,304.4221,304.7883,305.1659
264.276,303.3903,303.0514,302.7238,302.4077,302.1033,301.8107,301.5302,301.2619,301.0059,300.7624,300.5315,300.3133,300.1078,299.9152,299.7354,299.5685,299.4144,299.2731,299.1446,299.0288,298.9257,298.8354,298.7578,298.6918,298.6357,298.5885,298.5491,298.5167,298.4907,298.4704,298.4552,298.4445,298.438,298.4351,298.4355,298.4387,298.4445,298.4524,298.4624,298.474,298.4872,298.5018,298.5176,298.5345,298.5525,298.5715,298.5915,298.6127,298.6349,298.6584,298.6833,298.7096,298.7377,298.7678,298.8001,298.8349,298.8726,298.9135,298.9581,299.0068,299.06,299.1184,299.1825,299.2529,299.3303,299.4156,299.5097,299.6138,299.7294,299.8577,299.9988,300.1526,300.3192,300.4986,300.6907,300.8957,301.1135,301.3442,301.5877,301.8439,302.1129,302.3944,302.6885,302.9948,303.3134,303.644,303.9864,304.3405,304.7062,305.0831
265.2732,303.563,303.219,302.8862,302.565,302.2554,301.9577,301.672,301.3985,301.1373,300.8885,300.6524,300.4289,300.2181,300.0202,299.8351,299.6628,299.5033,299.3567,299.2227,299.1015,298.993,298.8973,298.8144,298.7434,298.6828,298.6311,298.5875,298.5511,298.5211,298.497,298.478,298.4637,298.4535,298.4471,298.444,298.4438,298.4462,298.4509,298.4576,298.4661,298.4762,298.4876,298.5004,298.5144,298.5294,298.5456,298.5628,298.5812,298.6007,298.6215,298.6438,298.6676,298.6932,298.7208,298.7507,298.7832,298.8186,298.8573,298.8997,298.9463,298.9976,299.0541,299.1164,299.1851,299.261,299.3449,299.4379,299.5412,299.6563,299.7844,299.9252,300.0787,300.2449,300.4239,300.6157,300.8203,301.0377,301.2679,301.5109,301.7667,302.0352,302.3162,302.6097,302.9156,303.2336,303.5636,303.9055,304.259,304.624,305.0004
266.2705,303.7362,303.387,303.0491,302.7227,302.408,302.1051,301.8142,301.5354,301.269,301.015,300.7736,300.5448,300.3288,300.1256,299.9351,299.7575,299.5926,299.4405,299.3012,299.1745,299.0606,298.9594,298.8712,298.7952,298.7299,298.6738,298.6259,298.5854,298.5515,298.5234,298.5007,298.4826,298.4689,298.4589,298.4523,298.4487,298.4478,298.4492,298.4526,298.4579,298.4648,298.4732,298.483,298.4939,298.5061,298.5194,298.5338,298.5493,298.5662,298.5843,298.6039,298.6252,298.6483,298.6734,298.7009,298.7311,298.7643,298.8008,298.8411,298.8856,298.9349,298.9895,299.05,299.1171,299.1915,299.2742,299.3661,299.4686,299.5834,299.7111,299.8516,300.0048,300.1707,300.3493,300.5407,300.7449,300.9619,301.1917,301.4343,301.6896,301.9576,302.2381,302.5311,302.8364,303.1538,303.4833,303.8246,304.1775,304.542,304.9177
267.2678,303.9099,303.5555,303.2124,302.8809,302.5609,302.2528,301.9567,301.6727,301.4011,301.1418,300.8952,300.6611,300.4398,300.2312,300.0354,299.8524,299.6822,299.5247,299.3799,299.2478,299.1284,299.0218,298.9283,298.8472,298.7771,298.7165,298.6643,298.6197,298.5817,298.5498,298.5232,298.5015,298.4841,298.4706,298.4605,298.4534,298.4491,298.4472,298.4474,298.4495,298.4533,298.4586,298.4653,298.4732,298.4825,298.4928,298.5044,298.5172,298.5313,298.5468,298.5638,298.5825,298.6031,298.6258,298.6509,298.6788,298.7097,298.744,298.7822,298.8247,298.872,298.9248,298.9835,299.049,299.1219,299.2033,299.2942,299.3961,299.5105,299.6378,299.778,299.9309,300.0964,300.2747,300.4658,300.6696,300.8861,301.1155,301.3576,301.6125,301.88,302.16,302.4525,302.7572,303.0741,303.403,303.7437,304.0961,304.46,304.8351
268.265,304.0838,303.7243,303.376,303.0393,302.7142,302.4009,302.0995,301.8103,301.5334,301.2689,301.017,300.7776,300.551,300.3371,300.1359,299.9475,299.7719,299.609,299.4588,299.3213,299.1964,299.0844,298.9854,298.8993,298.8243,298.7592,298.7028,298.6539,298.6119,298.576,298.5457,298.5202,298.4991,298.482,298.4684,298.4579,298.4502,298.445,298.4419,298.4408,298.4415,298.4437,298.4473,298.4523,298.4586,298.4661,298.4749,298.4849,298.4963,298.5091,298.5235,298.5396,298.5577,298.578,298.6007,298.6262,298.6549,298.687,298.7231,298.7636,298.809,298.8599,298.9169,298.9808,299.0523,299.1324,299.2224,299.3236,299.4376,299.5646,299.7045,299.857,300.0223,300.2002,300.3909,300.5943,300.8105,301.0394,301.2811,301.5354,301.8024,302.082,302.3739,302.6781,302.9945,303.3228,303.6629,304.0147,304.378,304.7525
269.2623,304.258,303.8933,303.5399,303.1979,302.8676,302.5491,302.2426,301.9481,301.666,301.3962,301.139,300.8944,300.6624,300.4431,300.2366,300.0429,299.8618,299.6935,299.5379,299.3949,299.2646,299.1472,299.0428,298.9514,298.8717,298.802,298.7412,298.6881,298.6421,298.6023,298.568,298.5388,298.5141,298.4934,298.4763,298.4623,298.4512,298.4426,298.4363,298.432,298.4295,298.4286,298.4292,298.4312,298.4345,298.4392,298.4451,298.4523,298.461,298.4711,298.4829,298.4965,298.5121,298.5299,298.5503,298.5735,298.5999,298.6298,298.6638,298.7023,298.7458,298.7948,298.8502,298.9125,298.9826,299.0615,299.1505,299.2511,299.3648,299.4915,299.631,299.7832,299.9481,300.1257,300.316,300.519,300.7348,300.9633,301.2045,301.4584,301.7249,302.004,302.2954,302.5991,302.9149,303.2426,303.5822,303.9334,304.2961,304.67
270.2596,304.4324,304.0625,303.7039,303.3568,303.0213,302.6975,302.3858,302.0861,301.7987,301.5237,301.2611,301.0112,300.7739,300.5493,300.3375,300.1383,299.9519,299.7781,299.617,299.4686,299.3329,299.21,299.1003,299.0037,298.9191,298.8448,298.7796,298.7223,298.6722,298.6284,298.5903,298.5574,298.529,298.5046,298.484,298.4666,298.4521,298.4402,298.4306,298.423,298.4173,298.4134,298.4109,298.4099,298.4103,298.4121,298.4152,298.4196,298.4256,298.433,298.4422,298.4532,298.4663,298.4817,298.4997,298.5206,298.5448,298.5726,298.6044,298.6409,298.6825,298.7297,298.7833,298.8441,298.9128,298.9906,299.0787,299.1787,299.292,299.4184,299.5576,299.7095,299.874,300.0513,300.2412,300.4438,300.6592,300.8873,301.1281,301.3815,301.6475,301.926,302.2169,302.5201,302.8353,303.1625,303.5015,303.8521,304.2142,304.5876
271.2568,304.6068,304.2318,303.868,303.5157,303.175,302.846,302.529,302.2241,301.9315,301.6512,301.3834,301.1281,300.8855,300.6556,300.4384,300.2338,300.042,299.8628,299.6963,299.5424,299.4013,299.273,299.1578,299.0561,298.9665,298.8876,298.818,298.7565,298.7022,298.6545,298.6126,298.5758,298.5437,298.5158,298.4916,298.4707,298.4528,298.4376,298.4247,298.4139,298.4051,298.398,298.3925,298.3885,298.386,298.3848,298.3851,298.3868,298.39,298.3948,298.4014,298.4099,298.4205,298.4334,298.449,298.4676,298.4895,298.5152,298.545,298.5794,298.6191,298.6646,298.7165,298.7757,298.8431,298.9197,299.0069,299.1064,299.2193,299.3453,299.4842,299.6358,299.8,299.9769,300.1664,300.3687,300.5836,300.8113,301.0516,301.3046,301.5701,301.8481,302.1385,302.4411,302.7558,303.0825,303.4209,303.7709,304.1324,304.5052
272.2541,304.7813,304.4011,304.0322,303.6746,303.3287,302.9946,302.6724,302.3622,302.0643,301.7787,301.5056,301.2451,300.9972,300.7619,300.5393,300.3294,300.1321,299.9475,299.7756,299.6163,299.4697,299.336,299.2154,299.1085,299.014,298.9304,298.8564,298.7906,298.7323,298.6806,298.6348,298.5942,298.5585,298.5269,298.4992,298.4749,298.4535,298.4349,298.4188,298.4048,298.3928,298.3826,298.374,298.3671,298.3616,298.3576,298.355,298.3539,298.3544,298.3565,298.3605,298.3664,298.3745,298.3851,298.3983,298.4146,298.4343,298.4578,298.4855,298.5179,298.5557,298.5994,298.6496,298.7073,298.7733,298.8489,298.9353,299.0342,299.1466,299.2723,299.4108,299.5621,299.726,299.9025,300.0917,300.2936,300.5081,300.7353,300.9752,301.2277,301.4928,301.7703,302.0601,302.3622,302.6764,303.0025,303.3403,303.6898,304.0507,304.4228
273.2514,304.9558,304.5704,304.1963,303.8335,303.4824,303.1431,302.8156,302.5002,302.1971,301.9063,301.6279,301.362,301.1088,300.8681,300.6402,300.4249,300.2222,300.0322,299.8548,299.6901,299.5381,299.3989,299.273,299.1609,299.0615,298.9733,298.8948,298.8248,298.7623,298.7066,298.6569,298.6126,298.5732,298.538,298.5067,298.4789,298.4542,298.4323,298.4128,298.3956,298.3804,298.3671,298.3555,298.3456,298.3371,298.3302,298.3248,298.321,298.3187,298.3182,298.3196,298.323,298.3286,298.3367,298.3476,298.3616,298.379,298.4003,298.426,298.4565,298.4923,298.5342,298.5828,298.639,298.7037,298.7781,298.8637,298.962,299.074,299.1993,299.3375,299.4885,299.652,299.8282,300.017,300.2185,300.4326,300.6594,300.8989,301.1509,301.4155,301.6925,301.9818,302.2833,302.597,302.9225,303.2598,303.6087,303.969,304.3405
274.2486,305.1301,304.7395,304.3602,303.9923,303.636,303.2914,302.9588,302.6382,302.3298,302.0337,301.75,301.4789,301.2203,300.9743,300.741,300.5203,300.3123,300.1168,299.934,299.7639,299.6064,299.4619,299.3307,299.2133,299.109,299.0161,298.9332,298.8589,298.7924,298.7327,298.6791,298.631,298.5878,298.5491,298.5143,298.483,298.4549,298.4296,298.4069,298.3864,298.3681,298.3517,298.337,298.3241,298.3127,298.3029,298.2947,298.2881,298.2831,298.2799,298.2787,298.2795,298.2827,298.2883,298.2969,298.3086,298.3238,298.343,298.3665,298.395,298.429,298.4691,298.5161,298.5707,298.6341,298.7074,298.7921,298.8899,299.0015,299.1264,299.2643,299.4149,299.5781,299.7539,299.9424,300.1435,300.3572,300.5836,300.8226,301.0741,301.3382,301.6147,301.9035,302.2045,302.5176,302.8426,303.1793,303.5276,303.8873,304.2583
275.2459,305.3042,304.9085,304.524,304.1509,303.7894,303.4396,303.1018,302.7759,302.4623,302.1609,301.872,301.5955,301.3316,301.0804,300.8417,300.6156,300.4022,300.2014,300.0131,299.8375,299.6747,299.5247,299.3882,299.2658,299.1565,299.059,298.9715,298.893,298.8224,298.7587,298.7013,298.6494,298.6025,298.5602,298.5218,298.4871,298.4555,298.4269,298.4009,298.3773,298.3558,298.3363,298.3186,298.3026,298.2883,298.2757,298.2646,298.2552,298.2475,298.2417,298.2379,298.2361,298.2368,298.2401,298.2462,298.2556,298.2686,298.2857,298.3072,298.3337,298.3658,298.4041,298.4494,298.5026,298.5646,298.6369,298.7207,298.8178,298.929,299.0536,299.1911,299.3413,299.5042,299.6797,299.8678,300.0685,300.2818,300.5078,300.7463,300.9974,301.261,301.537,301.8253,302.1258,302.4383,302.7627,303.0989,303.4466,303.8057,304.1761
276.2432,305.478,305.0772,304.6875,304.3093,303.9426,303.5876,303.2445,302.9135,302.5946,302.288,301.9937,301.712,301.4428,301.1862,300.9422,300.7108,300.4919,300.2857,300.0921,299.911,299.7428,299.5875,299.4457,299.3181,299.204,299.1018,299.0099,298.9272,298.8524,298.7847,298.7234,298.6678,298.6173,298.5713,298.5294,298.4912,298.4563,298.4243,298.3951,298.3682,298.3436,298.3209,298.3002,298.2813,298.264,298.2485,298.2346,298.2225,298.2121,298.2036,298.1971,298.1929,298.1911,298.1919,298.1957,298.2028,298.2136,298.2285,298.2479,298.2725,298.3027,298.3392,298.3829,298.4346,298.4953,298.5664,298.6494,298.7459,298.8566,298.9808,299.1179,299.2678,299.4304,299.6055,299.7932,299.9936,300.2065,300.432,300.6701,300.9207,301.1838,301.4593,301.7471,302.0471,302.3591,302.6829,303.0185,303.3657,303.7242,304.094
277.2404,305.6515,305.2455,304.8507,304.4673,304.0954,303.7353,303.387,303.0507,302.7266,302.4147,302.1152,301.8282,301.5537,301.2918,301.0424,300.8057,300.5815,300.3698,300.1708,299.9844,299.8107,299.6501,299.5031,299.3704,299.2515,299.1446,299.0483,298.9613,298.8824,298.8108,298.7457,298.6863,298.632,298.5825,298.5371,298.4954,298.4571,298.4218,298.3893,298.3592,298.3314,298.3057,298.282,298.26,298.2399,298.2215,298.2048,298.1899,298.1768,298.1656,298.1566,298.1498,298.1455,298.1439,298.1454,298.1502,298.1588,298.1715,298.1889,298.2114,298.2397,298.2745,298.3165,298.3667,298.4261,298.4962,298.5783,298.6741,298.7842,298.908,299.0448,299.1944,299.3566,299.5314,299.7187,299.9187,300.1312,300.3563,300.5939,300.8441,301.1067,301.3817,301.669,301.9684,302.2799,302.6032,302.9382,303.2848,303.6427,304.0119
278.2377,305.8245,305.4134,305.0135,304.6249,304.2479,303.8825,303.529,303.1876,302.8582,302.5411,302.2364,301.9441,301.6643,301.3971,301.1424,300.9003,300.6707,300.4537,300.2493,300.0575,299.8785,299.7125,299.5603,299.4227,299.2989,299.1874,299.0867,298.9955,298.9125,298.8369,298.7679,298.7048,298.6469,298.5937,298.5448,298.4997,298.458,298.4194,298.3836,298.3504,298.3195,298.2907,298.2639,298.239,298.2159,298.1946,298.1751,298.1574,298.1417,298.1279,298.1162,298.1069,298.1001,298.0961,298.0952,298.0978,298.1041,298.1147,298.13,298.1506,298.177,298.21,298.2504,298.299,298.3572,298.4261,298.5073,298.6023,298.712,298.8353,298.9718,299.121,299.2829,299.4573,299.6443,299.8438,300.0559,300.2806,300.5178,300.7675,301.0297,301.3042,301.5909,301.8898,302.2007,302.5235,302.8579,303.2039,303.5613,303.9299
279.235,305.9971,305.5808,305.1758,304.782,304.3998,304.0293,303.6707,303.324,302.9895,302.6672,302.3572,302.0597,301.7746,301.502,301.242,300.9946,300.7597,300.5373,300.3275,300.1303,299.9459,299.7747,299.6174,299.4748,299.3462,299.2302,299.1251,299.0296,298.9426,298.8631,298.7903,298.7234,298.6618,298.6051,298.5527,298.5042,298.4591,298.4172,298.3782,298.3417,298.3077,298.2758,298.246,298.2181,298.1921,298.168,298.1457,298.1253,298.1068,298.0903,298.0761,298.0642,298.055,298.0486,298.0453,298.0456,298.0497,298.0581,298.0714,298.09,298.1145,298.1457,298.1844,298.2316,298.2884,298.3562,298.4364,298.5307,298.6398,298.7627,298.8988,299.0476,299.2091,299.3832,299.5698,299.769,299.9807,300.205,300.4417,300.691,300.9526,301.2266,301.5129,301.8113,302.1216,302.4438,302.7777,303.1232,303.4799,303.8479
280.2322,306.1691,305.7477,305.3375,304.9386,304.5513,304.1757,303.8118,303.46,303.1202,302.7927,302.4775,302.1747,301.8844,301.6066,301.3413,301.0885,300.8483,300.6205,300.4054,300.2028,300.0131,299.8367,299.6742,299.5268,299.3935,299.2729,299.1635,299.0638,298.9728,298.8893,298.8127,298.7421,298.6769,298.6166,298.5607,298.5088,298.4604,298.4152,298.3729,298.3333,298.2961,298.2612,298.2283,298.1975,298.1686,298.1416,298.1165,298.0933,298.0722,298.0531,298.0363,298.0219,298.0102,298.0013,297.9957,297.9937,297.9956,298.0019,298.013,298.0296,298.0523,298.0817,298.1188,298.1645,298.2199,298.2865,298.3657,298.4592,298.5676,298.6901,298.8258,298.9743,299.1355,299.3092,299.4955,299.6942,299.9055,300.1294,300.3657,300.6145,300.8757,301.1492,301.4349,301.7328,302.0426,302.3642,302.6976,303.0424,303.3986,303.766
281.2295,306.3404,305.9139,305.4986,305.0946,304.7022,304.3214,303.9524,303.5954,303.2505,302.9178,302.5974,302.2893,301.9938,301.7107,301.4401,301.182,300.9364,300.7034,300.4829,300.275,300.08,299.8983,299.7309,299.5786,299.4407,299.3156,299.2019,299.098,299.0029,298.9156,298.8352,298.7609,298.6921,298.6283,298.5689,298.5135,298.4618,298.4133,298.3678,298.3251,298.2848,298.2468,298.211,298.1772,298.1454,298.1156,298.0877,298.0617,298.0379,298.0162,297.9968,297.9799,297.9657,297.9544,297.9465,297.9421,297.9418,297.9459,297.955,297.9696,297.9904,298.018,298.0534,298.0976,298.1516,298.217,298.2953,298.3879,298.4956,298.6176,298.7529,298.901,299.0619,299.2352,299.4211,299.6195,299.8304,300.0538,300.2897,300.538,300.7987,301.0718,301.357,301.6543,301.9636,302.2847,302.6175,302.9617,303.3173,303.6841
282.2268,306.511,306.0794,305.659,305.25,304.8524,304.4665,304.0924,303.7302,303.3801,303.0422,302.7166,302.4034,302.1026,301.8143,301.5384,301.275,301.0241,300.7858,300.5599,300.3468,300.1465,299.9597,299.7873,299.6303,299.4878,299.3583,299.2402,299.1323,299.0332,298.942,298.8578,298.7798,298.7074,298.6401,298.5773,298.5185,298.4635,298.4117,298.3631,298.3171,298.2737,298.2327,298.1939,298.1572,298.1225,298.0898,298.0592,298.0305,298.0039,297.9796,297.9576,297.9382,297.9215,297.9079,297.8976,297.891,297.8884,297.8904,297.8974,297.91,297.9289,297.9547,297.9884,298.031,298.0837,298.1478,298.225,298.3167,298.4237,298.5451,298.68,298.8278,298.9883,299.1613,299.3468,299.5448,299.7553,299.9783,300.2138,300.4616,300.7219,300.9944,301.2791,301.5759,301.8846,302.2052,302.5374,302.8811,303.2361,303.6023
283.224,306.6807,306.2441,305.8187,305.4045,305.0019,304.6108,304.2316,303.8643,303.5091,303.1661,302.8353,302.5169,302.2108,301.9173,301.6362,301.3675,301.1113,300.8677,300.6365,300.4181,300.2126,300.0207,299.8435,299.6819,299.5348,299.4009,299.2786,299.1665,299.0635,298.9684,298.8805,298.7989,298.7229,298.6521,298.5859,298.5238,298.4654,298.4104,298.3586,298.3095,298.263,298.219,298.1772,298.1376,298.1,298.0645,298.031,297.9996,297.9704,297.9435,297.9189,297.897,297.8778,297.8618,297.8491,297.8402,297.8354,297.8352,297.8402,297.8508,297.8677,297.8917,297.9238,297.9648,298.0161,298.079,298.155,298.2457,298.3518,298.4727,298.6072,298.7546,298.9148,299.0874,299.2726,299.4702,299.6803,299.9029,300.1379,300.3853,300.645,300.9171,301.2013,301.4975,301.8057,302.1258,302.4574,302.8005,303.155,303.5206
284.2213,306.8496,306.408,305.9775,305.5583,305.1505,304.7544,304.3701,303.9977,303.6374,303.2892,302.9533,302.6297,302.3185,302.0197,301.7333,301.4594,301.198,300.9491,300.7127,300.489,300.2783,300.0813,299.8995,299.7332,299.5817,299.4434,299.3169,299.2008,299.0939,298.995,298.9033,298.8181,298.7386,298.6643,298.5947,298.5292,298.4676,298.4094,298.3544,298.3022,298.2527,298.2056,298.1608,298.1183,298.0779,298.0396,298.0033,297.9692,297.9373,297.9078,297.8806,297.8562,297.8346,297.8161,297.8011,297.7899,297.7829,297.7805,297.7834,297.792,297.807,297.8292,297.8595,297.899,297.9488,298.0104,298.0853,298.1749,298.2801,298.4004,298.5345,298.6815,298.8413,299.0136,299.1984,299.3956,299.6053,299.8274,300.062,300.309,300.5682,300.8398,301.1235,301.4192,301.7269,302.0464,302.3774,302.72,303.0739,303.4389
285.2186,307.0176,306.5709,306.1354,305.7111,305.2984,304.8972,304.5078,304.1303,303.7649,303.4116,303.0705,302.7418,302.4254,302.1214,301.8298,301.5507,301.2841,301.0299,300.7882,300.5593,300.3435,300.1416,299.9551,299.7844,299.6284,299.4859,299.3553,299.2352,299.1243,299.0217,298.9263,298.8375,298.7545,298.6768,298.6038,298.535,298.4701,298.4087,298.3505,298.2952,298.2427,298.1926,298.1449,298.0995,298.0562,298.0151,297.9761,297.9393,297.9047,297.8725,297.8428,297.8159,297.7918,297.7709,297.7536,297.7401,297.7308,297.7263,297.7271,297.7336,297.7467,297.7671,297.7957,297.8335,297.8819,297.9422,298.0159,298.1044,298.2086,298.3282,298.4618,298.6084,298.7678,298.9398,299.1242,299.321,299.5303,299.7521,299.9862,300.2327,300.4915,300.7625,301.0457,301.341,301.6481,301.967,302.2975,302.6395,302.9928,303.3572
286.2158,307.1845,306.7329,306.2923,305.8631,305.4453,305.0391,304.6446,304.2621,303.8915,303.5331,303.187,302.8531,302.5316,302.2224,301.9257,301.6413,301.3695,301.11,300.8632,300.6291,300.4082,300.2015,300.0105,299.8353,299.6751,299.5283,299.3936,299.2695,299.1548,299.0485,298.9495,298.8571,298.7706,298.6895,298.6131,298.5411,298.4729,298.4084,298.347,298.2887,298.2331,298.18,298.1294,298.0811,298.035,297.9911,297.9493,297.9098,297.8726,297.8378,297.8056,297.7761,297.7496,297.7263,297.7066,297.6908,297.6793,297.6726,297.6713,297.6758,297.687,297.7055,297.7323,297.7686,297.8154,297.8743,297.9468,298.0341,298.1373,298.2561,298.3892,298.5354,298.6944,298.866,299.0501,299.2465,299.4554,299.6767,299.9104,300.1565,300.4148,300.6854,300.9681,301.2628,301.5694,301.8877,302.2177,302.5591,302.9118,303.2756
287.2131,307.3504,306.8937,306.4482,306.014,305.5911,305.1799,304.7805,304.3929,304.0173,303.6538,303.3026,302.9636,302.6369,302.3226,302.0207,301.7312,301.4542,301.1896,300.9375,300.6983,300.4724,300.261,300.0656,299.8861,299.7216,299.5707,299.4319,299.304,299.1855,299.0754,298.9728,298.8769,298.787,298.7024,298.6228,298.5475,298.4761,298.4084,298.344,298.2826,298.2239,298.1679,298.1144,298.0632,298.0143,297.9676,297.9231,297.8809,297.841,297.8036,297.7689,297.7369,297.7079,297.6822,297.6602,297.6421,297.6284,297.6195,297.616,297.6185,297.6277,297.6444,297.6695,297.7041,297.7494,297.8069,297.878,297.9641,298.0661,298.1841,298.3166,298.4624,298.6211,298.7923,298.976,299.1721,299.3806,299.6015,299.8347,300.0803,300.3382,300.6082,300.8904,301.1846,301.4907,301.8085,302.1379,302.4787,302.8309,303.1941
288.2104,307.515,307.0534,306.603,306.1638,305.736,305.3198,304.9153,304.5227,304.1421,303.7736,303.4173,303.0732,302.7415,302.4221,302.115,301.8204,301.5381,301.2684,301.0112,300.7668,300.536,300.3201,300.1204,299.9367,299.768,299.613,299.4703,299.3384,299.2162,299.1025,298.9963,298.8969,298.8036,298.7157,298.6327,298.5542,298.4797,298.4088,298.3413,298.2769,298.2153,298.1563,298.0999,298.0458,297.9941,297.9446,297.8974,297.8525,297.8101,297.7701,297.7327,297.6982,297.6668,297.6388,297.6143,297.5939,297.578,297.567,297.5614,297.5618,297.569,297.5838,297.6071,297.6401,297.6838,297.7399,297.8097,297.8945,297.9953,298.1122,298.2441,298.3895,298.5478,298.7186,298.9019,299.0977,299.3058,299.5262,299.759,300.0042,300.2616,300.5311,300.8128,301.1065,301.412,301.7293,302.0581,302.3984,302.75,303.1126
289.2077,307.6784,307.2119,306.7565,306.3124,305.8797,305.4585,305.0491,304.6515,304.2659,303.8924,303.531,303.1819,302.8451,302.5206,302.2085,301.9087,301.6213,301.3464,301.0841,300.8348,300.5991,300.3789,300.1749,299.987,299.8142,299.6552,299.5086,299.373,299.247,299.1297,299.02,298.9172,298.8204,298.7292,298.643,298.5613,298.4836,298.4096,298.3391,298.2716,298.2071,298.1452,298.0859,298.029,297.9744,297.9222,297.8723,297.8248,297.7797,297.7371,297.6972,297.6603,297.6264,297.5959,297.5692,297.5465,297.5283,297.515,297.5073,297.5057,297.511,297.5239,297.5454,297.5766,297.6188,297.6733,297.7417,297.8252,297.9247,298.0406,298.1717,298.3167,298.4745,298.645,298.8279,299.0233,299.231,299.451,299.6834,299.9281,300.185,300.4541,300.7353,301.0284,301.3334,301.6502,301.9785,302.3182,302.6691,303.0312
290.2049,307.8405,307.3692,306.9089,306.4598,306.0222,305.5961,305.1817,304.7792,304.3886,304.0101,303.6437,303.2896,302.9478,302.6182,302.301,301.9962,301.7037,301.4237,301.1563,300.902,300.6617,300.4372,300.2291,300.0371,299.8603,299.6974,299.5469,299.4075,299.2779,299.157,299.0439,298.9376,298.8376,298.7431,298.6536,298.5687,298.4879,298.4109,298.3373,298.2669,298.1994,298.1346,298.0724,298.0127,297.9554,297.9004,297.8478,297.7976,297.7499,297.7048,297.6624,297.6229,297.5866,297.5537,297.5246,297.4996,297.4792,297.4638,297.4539,297.4503,297.4535,297.4645,297.4842,297.5137,297.5543,297.6073,297.6742,297.7563,297.8545,297.9691,298.0995,298.2439,298.4013,298.5714,298.754,298.9489,299.1562,299.3759,299.6078,299.8521,300.1085,300.3771,300.6578,300.9504,301.2549,301.5711,301.8988,302.238,302.5883,302.9498
291.2022,308.0012,307.525,307.0599,306.6059,306.1634,305.7324,305.3131,304.9057,304.5102,304.1267,303.7554,303.3963,303.0494,302.7149,302.3926,302.0827,301.7852,301.5001,301.2277,300.9685,300.7238,300.4951,300.283,300.087,299.9063,299.7395,299.5853,299.4422,299.309,299.1846,299.068,298.9584,298.855,298.7573,298.6646,298.5766,298.4927,298.4126,298.336,298.2626,298.1922,298.1245,298.0595,297.997,297.9369,297.8793,297.824,297.7712,297.7208,297.6732,297.6282,297.5863,297.5475,297.5123,297.4808,297.4535,297.4308,297.4132,297.4012,297.3955,297.3968,297.4058,297.4237,297.4514,297.4903,297.5418,297.6072,297.6878,297.7846,297.8979,298.0273,298.1712,298.3282,298.4979,298.6801,298.8746,299.0816,299.3008,299.5323,299.7761,300.032,300.3002,300.5803,300.8725,301.1764,301.492,301.8192,302.1578,302.5076,302.8685
292.1995,308.1605,307.6794,307.2095,306.7507,306.3033,305.8675,305.4433,305.031,304.6306,304.2422,303.8659,303.5018,303.15,302.8105,302.4832,302.1683,301.8657,301.5757,301.2983,301.0344,300.7854,300.5526,300.3366,300.1367,299.9522,299.7816,299.6236,299.4769,299.3401,299.2123,299.0923,298.9793,298.8727,298.7718,298.676,298.5848,298.4979,298.4148,298.3352,298.2589,298.1856,298.1151,298.0472,297.982,297.9191,297.8588,297.8008,297.7454,297.6925,297.6422,297.5948,297.5504,297.5092,297.4715,297.4377,297.4081,297.3832,297.3634,297.3492,297.3414,297.3407,297.3478,297.3638,297.3898,297.427,297.4768,297.5407,297.6198,297.7151,297.827,297.9553,298.0985,298.2551,298.4244,298.6062,298.8004,299.0069,299.2257,299.4568,299.7001,299.9556,300.2233,300.5029,300.7945,301.098,301.413,301.7397,302.0777,302.4269,302.7872
293.1967,308.3182,307.8324,307.3576,306.894,306.4418,306.0012,305.5722,305.155,304.7497,304.3564,303.9753,303.6063,303.2495,302.905,302.5728,302.2529,301.9453,301.6503,301.3681,301.0995,300.8464,300.6098,300.3899,300.1862,299.9979,299.8236,299.662,299.5117,299.3714,299.2401,299.1168,299.0006,298.8907,298.7866,298.6877,298.5935,298.5035,298.4175,298.3349,298.2557,298.1795,298.1062,298.0356,297.9675,297.902,297.8389,297.7783,297.7203,297.6648,297.612,297.5621,297.5152,297.4716,297.4315,297.3954,297.3635,297.3363,297.3143,297.298,297.2881,297.2853,297.2905,297.3046,297.3288,297.3643,297.4125,297.4747,297.5522,297.646,297.7565,297.8836,298.026,298.1821,298.351,298.5324,298.7262,298.9323,299.1507,299.3814,299.6242,299.8793,300.1464,300.4256,300.7167,301.0196,301.3341,301.6602,301.9976,302.3463,302.706
294.194,308.4743,307.9838,307.5042,307.0359,306.5789,306.1335,305.6997,305.2776,304.8675,304.4694,304.0834,303.7095,303.3478,302.9984,302.6612,302.3364,302.0239,301.724,301.437,301.164,300.9069,300.6665,300.4428,300.2355,300.0434,299.8655,299.7003,299.5465,299.4028,299.2682,299.1415,299.0221,298.9091,298.8019,298.6999,298.6026,298.5096,298.4206,298.3352,298.2531,298.1741,298.0979,298.0245,297.9537,297.8855,297.8198,297.7566,297.6959,297.6378,297.5825,297.5301,297.4808,297.4347,297.3923,297.3538,297.3196,297.2902,297.266,297.2475,297.2355,297.2307,297.2339,297.2461,297.2685,297.3022,297.3487,297.4093,297.4852,297.5774,297.6864,297.8121,297.9536,298.1091,298.2776,298.4586,298.652,298.8577,299.0757,299.306,299.5484,299.803,300.0696,300.3483,300.6389,300.9412,301.2552,301.5807,301.9176,302.2657,302.6249
295.1913,308.6288,308.1335,307.6492,307.1762,306.7145,306.2643,305.8257,305.3989,304.984,304.581,304.1902,303.8115,303.4449,303.0906,302.7486,302.4188,302.1014,301.7966,301.505,301.2279,300.9669,300.7228,300.4955,300.2845,300.0889,299.9074,299.7387,299.5814,299.4344,299.2964,299.1665,299.0439,298.9277,298.8174,298.7124,298.6121,298.5162,298.4243,298.336,298.251,298.1692,298.0903,298.0141,297.9406,297.8697,297.8014,297.7355,297.6723,297.6117,297.5538,297.4989,297.4472,297.3987,297.3539,297.3131,297.2766,297.2449,297.2185,297.1979,297.1838,297.1769,297.1781,297.1884,297.2089,297.2409,297.2856,297.3445,297.4188,297.5093,297.6167,297.7409,297.8813,298.0362,298.2043,298.3849,298.5779,298.7832,299.0008,299.2306,299.4726,299.7267,299.9929,300.271,300.5611,300.8629,301.1764,301.5014,301.8377,302.1852,302.5437
296.1885,308.7815,308.2815,307.7926,307.3149,306.8484,306.3935,305.9502,305.5187,305.099,304.6913,304.2957,303.9121,303.5408,303.1816,302.8347,302.5001,302.1779,301.8683,301.5722,301.2911,301.0264,300.7787,300.5478,300.3333,300.1341,299.9492,299.777,299.6164,299.466,299.3248,299.1917,299.066,298.9467,298.8334,298.7254,298.6221,298.5233,298.4285,298.3373,298.2496,298.1649,298.0833,298.0044,297.9282,297.8547,297.7837,297.7152,297.6494,297.5863,297.5259,297.4686,297.4143,297.3635,297.3163,297.2732,297.2344,297.2004,297.1718,297.149,297.1328,297.1239,297.1231,297.1315,297.1501,297.1802,297.2232,297.2804,297.3529,297.4418,297.5475,297.6702,297.8093,297.9634,298.131,298.3112,298.5039,298.7088,298.9259,299.1553,299.3968,299.6505,299.9162,300.1938,300.4834,300.7847,301.0976,301.422,301.7578,302.1047,302.4627
297.1858,308.9324,308.4278,307.9342,307.4518,306.9808,306.5212,306.0732,305.6369,305.2126,304.8001,304.3997,304.0115,303.6353,303.2714,302.9196,302.5802,302.2532,301.939,301.6385,301.3537,301.0854,300.8341,300.5998,300.3819,300.1793,299.9909,299.8154,299.6514,299.4978,299.3534,299.2172,299.0883,298.9661,298.8497,298.7387,298.6326,298.5309,298.4332,298.3392,298.2487,298.1613,298.0769,297.9954,297.9165,297.8403,297.7667,297.6957,297.6273,297.5617,297.4989,297.439,297.3824,297.3291,297.2796,297.2341,297.1931,297.1568,297.126,297.101,297.0827,297.0717,297.0689,297.0753,297.0921,297.1204,297.1615,297.2169,297.2877,297.3748,297.4788,297.5999,297.7375,297.8908,298.0578,298.2376,298.4298,298.6343,298.8511,299.08,299.3211,299.5743,299.8395,300.1167,300.4057,300.7065,301.0189,301.3427,301.6779,302.0243,302.3817
298.1831,309.0814,308.5723,308.0741,307.5871,307.1114,306.6471,306.1945,305.7536,305.3246,304.9075,304.5024,304.1094,303.7285,303.3598,303.0033,302.6591,302.3273,302.0086,301.7041,301.4156,301.1439,300.8892,300.6515,300.4302,300.2243,300.0326,299.8538,299.6866,299.5297,299.3822,299.2429,299.111,298.9857,298.8664,298.7525,298.6435,298.539,298.4385,298.3417,298.2484,298.1583,298.0712,297.987,297.9055,297.8267,297.7505,297.677,297.6061,297.5379,297.4726,297.4103,297.3513,297.2957,297.2438,297.196,297.1526,297.1141,297.081,297.0539,297.0334,297.0204,297.0156,297.02,297.0348,297.0613,297.1006,297.1541,297.2231,297.3084,297.4107,297.53,297.6662,297.8182,297.9847,298.164,298.3558,298.56,298.7763,299.0048,299.2454,299.4981,299.7629,300.0396,300.3281,300.6283,300.9402,301.2635,301.5981,301.9439,302.3008
299.1803,309.2285,308.7148,308.2121,307.7205,307.2402,306.7714,306.3142,305.8687,305.435,305.0132,304.6035,304.2058,303.8202,303.4468,303.0856,302.7367,302.4003,302.0772,301.7689,301.4769,301.2018,300.9439,300.7029,300.4783,300.2691,300.0742,299.8921,299.7218,299.5618,299.4112,299.2688,299.1339,299.0057,298.8835,298.7667,298.6549,298.5475,298.4443,298.3448,298.2487,298.156,298.0662,297.9793,297.8953,297.8138,297.7351,297.659,297.5856,297.515,297.4472,297.3825,297.321,297.263,297.2088,297.1587,297.113,297.0723,297.037,297.0077,296.9851,296.9699,296.9631,296.9655,296.9784,297.003,297.0404,297.0921,297.1592,297.2427,297.3431,297.4607,297.5952,297.746,297.9116,298.0905,298.2819,298.4856,298.7015,298.9296,299.1698,299.4221,299.6863,299.9625,300.2505,300.5502,300.8616,301.1843,301.5184,301.8636,302.2199
300.1776,309.3736,308.8554,308.3481,307.852,307.3672,306.8939,306.4321,305.982,305.5438,305.1174,304.703,304.3007,303.9105,303.5324,303.1666,302.813,302.4721,302.1449,301.833,301.5376,301.2593,300.9981,300.754,300.5262,300.3138,300.1157,299.9305,299.757,299.594,299.4403,299.295,299.1572,299.0261,298.901,298.7814,298.6668,298.5566,298.4506,298.3484,298.2497,298.1543,298.0619,297.9724,297.8857,297.8018,297.7205,297.6419,297.566,297.4929,297.4227,297.3555,297.2917,297.2313,297.1748,297.1223,297.0744,297.0314,296.9939,296.9624,296.9377,296.9204,296.9115,296.912,296.9229,296.9455,296.9811,297.0309,297.0961,297.1776,297.2762,297.392,297.5248,297.6741,297.8387,298.017,298.208,298.4113,298.6268,298.8545,299.0942,299.346,299.6098,299.8855,300.173,300.4722,300.783,301.1052,301.4387,301.7834,302.139
301.1749,309.5166,308.9939,308.4822,307.9817,307.4924,307.0145,306.5482,306.0936,305.6508,305.2199,304.801,304.3941,303.9993,303.6166,303.2461,302.888,302.5427,302.2116,301.8963,301.5977,301.3162,301.052,300.8047,300.5739,300.3584,300.1571,299.9689,299.7923,299.6263,299.4697,299.3214,299.1807,299.0468,298.9189,298.7965,298.6791,298.5663,298.4576,298.3527,298.2513,298.1532,298.0582,297.9662,297.8769,297.7904,297.7066,297.6255,297.5472,297.4716,297.399,297.3295,297.2632,297.2005,297.1416,297.0869,297.0367,296.9914,296.9517,296.9181,296.8912,296.8718,296.8608,296.8593,296.8682,296.8889,296.9225,296.9704,297.0337,297.1133,297.2099,297.3238,297.4549,297.6025,297.766,297.9437,298.1342,298.3371,298.5522,298.7794,299.0187,299.27,299.5333,299.8085,300.0955,300.3942,300.7044,301.0261,301.3591,301.7032,302.0582
302.1721,309.6574,309.1304,308.6143,308.1093,307.6156,307.1333,306.6625,306.2034,305.7562,305.3208,304.8973,304.4859,304.0865,303.6992,303.3242,302.9616,302.6121,302.2775,301.9589,301.6572,301.3726,301.1054,300.8552,300.6213,300.4028,300.1985,300.0073,299.8277,299.6588,299.4992,299.3481,299.2045,299.0678,298.9371,298.812,298.6919,298.5764,298.465,298.3575,298.2535,298.1529,298.0553,297.9607,297.8689,297.7799,297.6936,297.6101,297.5292,297.4513,297.3762,297.3043,297.2357,297.1707,297.1094,297.0524,296.9999,296.9524,296.9105,296.8747,296.8456,296.8242,296.8111,296.8075,296.8145,296.8332,296.8648,296.9107,296.9721,297.0497,297.1444,297.2563,297.3855,297.5315,297.6935,297.8704,298.0604,298.2629,298.4776,298.7043,298.9432,299.1941,299.4569,299.7316,300.0181,300.3162,300.626,300.9471,301.2795,301.623,301.9775
303.1694,309.7961,309.2646,308.7442,308.2348,307.7367,307.25,306.7749,306.3114,305.8597,305.4198,304.9919,304.576,304.1721,303.7803,303.4008,303.0338,302.6805,302.3425,302.0208,301.716,301.4285,301.1584,300.9053,300.6684,300.447,300.2398,300.0456,299.8632,299.6913,299.5289,299.375,299.2287,299.0892,298.9558,298.828,298.7052,298.5871,298.4731,298.3629,298.2564,298.1532,298.0531,297.9559,297.8617,297.7702,297.6814,297.5954,297.5122,297.4318,297.3544,297.2801,297.2091,297.1417,297.0782,297.0189,296.9641,296.9144,296.8703,296.8323,296.8011,296.7775,296.7624,296.7567,296.7617,296.7783,296.808,296.852,296.9113,296.9869,297.0795,297.1895,297.3167,297.4609,297.6214,297.7972,297.9867,298.1887,298.403,298.6293,298.8678,299.1182,299.3805,299.6547,299.9407,300.2383,300.5475,300.8681,301.2,301.5429,301.8968
304.1667,309.9324,309.3967,308.8719,308.3583,307.8558,307.3648,306.8853,306.4174,305.9613,305.5171,305.0847,304.6644,304.256,303.8598,303.4759,303.1047,302.7478,302.4066,302.0819,301.7742,301.4839,301.211,300.955,300.7154,300.4911,300.281,300.084,299.8987,299.724,299.5588,299.4021,299.2531,299.1109,298.9749,298.8444,298.719,298.5982,298.4817,298.369,298.2599,298.1541,298.0515,297.9519,297.8552,297.7612,297.67,297.5816,297.496,297.4132,297.3334,297.2568,297.1835,297.1138,297.048,296.9863,296.9293,296.8774,296.8311,296.7909,296.7575,296.7318,296.7146,296.7069,296.7098,296.7245,296.7521,296.794,296.8513,296.9249,297.0155,297.1234,297.2486,297.3909,297.5498,297.7243,297.9131,298.1146,298.3285,298.5544,298.7924,299.0423,299.3042,299.5779,299.8634,300.1605,300.4691,300.7892,301.1205,301.4629,301.8162
305.1639,310.0665,309.5265,308.9975,308.4795,307.9728,307.4775,306.9937,306.5215,306.0611,305.6124,305.1757,304.751,304.3383,303.9377,303.5495,303.1744,302.8141,302.4698,302.1422,301.8318,301.5388,301.2632,301.0045,300.7621,300.535,300.3221,300.1223,299.9342,299.7568,299.5889,299.4295,299.2778,299.133,298.9943,298.8613,298.7333,298.61,298.4909,298.3756,298.264,298.1558,298.0507,297.9487,297.8495,297.7531,297.6595,297.5687,297.4806,297.3955,297.3134,297.2344,297.1588,297.0868,297.0187,296.9548,296.8956,296.8414,296.7928,296.7505,296.715,296.6872,296.6679,296.6581,296.6589,296.6715,296.6972,296.737,296.7922,296.8637,296.9522,297.058,297.1812,297.3216,297.4786,297.6517,297.8396,298.0406,298.254,298.4795,298.717,298.9665,299.2279,299.5011,299.7861,300.0827,300.3908,300.7103,301.041,301.3829,301.7356
306.1612,310.1981,309.6539,309.1207,308.5985,308.0876,307.588,307.1,306.6235,306.1588,305.7059,305.2649,304.8358,304.4188,304.0139,303.6215,303.2428,302.8794,302.5322,302.2019,301.8888,301.5932,301.3149,301.0536,300.8085,300.5787,300.3631,300.1606,299.9698,299.7897,299.6192,299.4571,299.3028,299.1554,299.0141,298.8785,298.748,298.6222,298.5006,298.3829,298.2688,298.1581,298.0506,297.9461,297.8445,297.7458,297.6498,297.5566,297.4662,297.3787,297.2942,297.213,297.1351,297.0608,296.9904,296.9243,296.8628,296.8064,296.7556,296.7111,296.6735,296.6435,296.6221,296.6103,296.609,296.6196,296.6432,296.681,296.7341,296.8034,296.8897,296.9934,297.1145,297.2529,297.4081,297.5795,297.7662,297.9666,298.1795,298.4046,298.6417,298.8907,299.1517,299.4244,299.7089,300.0049,300.3125,300.6315,300.9617,301.3029,301.6551
307.1585,310.3272,309.7789,309.2416,308.7152,308.2001,307.6964,307.2042,306.7235,306.2546,305.7974,305.3522,304.9188,304.4975,304.0884,303.6921,303.3101,302.9437,302.5938,302.2608,301.9452,301.647,301.3662,301.1023,300.8546,300.6223,300.4041,300.1989,300.0055,299.8227,299.6496,299.485,299.3281,299.1781,299.0343,298.8963,298.7633,298.6349,298.5109,298.3908,298.2743,298.1612,298.0512,297.9443,297.8404,297.7392,297.6409,297.5453,297.4526,297.3628,297.2761,297.1925,297.1123,297.0357,296.9631,296.8947,296.831,296.7724,296.7195,296.6728,296.633,296.6009,296.5774,296.5635,296.5602,296.5687,296.5902,296.6258,296.6768,296.744,296.8282,296.9296,297.0486,297.1848,297.3381,297.5078,297.6931,297.8927,298.1052,298.3298,298.5664,298.815,299.0755,299.3477,299.6317,299.9272,300.2343,300.5527,300.8823,301.223,301.5746
308.1557,310.4539,309.9015,309.36,308.8296,308.3104,307.8025,307.3061,306.8213,306.3482,305.8869,305.4375,304.9999,304.5744,304.1612,303.7612,303.3761,303.007,302.6544,302.319,302.0009,301.7003,301.417,301.1507,300.9005,300.6656,300.4449,300.2371,300.0412,299.8559,299.6801,299.513,299.3536,299.2011,299.0549,298.9144,298.779,298.6482,298.5218,298.3992,298.2803,298.1648,298.0526,297.9433,297.837,297.7335,297.6328,297.535,297.44,297.3479,297.2588,297.173,297.0905,297.0117,296.9368,296.8662,296.8003,296.7395,296.6844,296.6355,296.5936,296.5594,296.5337,296.5177,296.5123,296.5187,296.5381,296.5717,296.6205,296.6855,296.7675,296.8667,296.9834,297.1176,297.2688,297.4366,297.6203,297.819,298.0309,298.255,298.4912,298.7393,298.9993,299.2711,299.5545,299.8496,300.1561,300.474,300.8031,301.1432,301.4942
309.153,310.5779,310.0215,309.476,308.9416,308.4183,307.9064,307.4059,306.917,306.4398,305.9744,305.5208,305.0791,304.6495,304.2323,303.829,303.4411,303.0693,302.7142,302.3764,302.056,301.7531,301.4675,301.1987,300.9461,300.7088,300.4856,300.2753,300.0769,299.8891,299.7109,299.5413,299.3794,299.2245,299.0759,298.9329,298.7951,298.662,298.5332,298.4083,298.287,298.1692,298.0546,297.943,297.8344,297.7286,297.6256,297.5255,297.4282,297.3338,297.2425,297.1544,297.0697,296.9887,296.9116,296.8388,296.7706,296.7077,296.6504,296.5993,296.5552,296.5189,296.4912,296.473,296.4655,296.4698,296.4871,296.5186,296.5652,296.628,296.7077,296.8047,296.9191,297.0511,297.2002,297.366,297.548,297.7454,297.9566,298.1803,298.4161,298.6637,298.9232,299.1945,299.4775,299.772,300.078,300.3953,300.7238,301.0634,301.4139
310.1503,310.6993,310.1389,309.5895,309.051,308.5238,308.0079,307.5034,307.0105,306.5292,306.0597,305.602,305.1563,304.7226,304.3018,303.8955,303.5049,303.1306,302.7732,302.4331,302.1104,301.8053,301.5174,301.2464,300.9915,300.7517,300.5261,300.3134,300.1126,299.9224,299.7417,299.5697,299.4055,299.2482,299.0972,298.9519,298.8118,298.6763,298.5451,298.4179,298.2944,298.1743,298.0573,297.9435,297.8326,297.7245,297.6193,297.5169,297.4173,297.3207,297.2272,297.1368,297.0499,296.9666,296.8873,296.8123,296.742,296.6769,296.6174,296.5642,296.518,296.4795,296.4497,296.4294,296.4198,296.422,296.4372,296.4664,296.5109,296.5715,296.6488,296.7435,296.8557,296.9854,297.1323,297.2961,297.4763,297.6721,297.8825,298.1056,298.3409,298.5881,298.8472,299.118,299.4004,299.6944,299.9999,300.3167,300.6447,300.9837,301.3336
311.1475,310.818,310.2537,309.7004,309.158,308.6268,308.1069,307.5985,307.1016,306.6164,306.1429,305.6812,305.2314,304.7939,304.3698,303.9607,303.5676,303.1909,302.8313,302.489,302.1642,301.8569,301.5669,301.2937,301.0365,300.7945,300.5665,300.3515,300.1483,299.9557,299.7727,299.5984,299.4318,299.2722,299.1189,298.9713,298.8288,298.6911,298.5577,298.4282,298.3024,298.18,298.0608,297.9447,297.8315,297.7212,297.6138,297.5091,297.4073,297.3085,297.2127,297.1202,297.0311,296.9456,296.8641,296.7869,296.7145,296.6471,296.5855,296.5302,296.4818,296.4412,296.4093,296.3869,296.3752,296.3753,296.3883,296.4154,296.4576,296.5159,296.591,296.6833,296.7932,296.9206,297.0652,297.2269,297.4051,297.5993,297.8085,298.031,298.2659,298.5126,298.7712,299.0415,299.3234,299.6169,299.9219,300.2381,300.5655,300.904,301.2533
312.1448,310.9339,310.3658,309.8086,309.2624,308.7273,308.2036,307.6912,307.1904,306.7013,306.2238,305.7582,305.3046,304.8634,304.4363,304.0246,303.6291,303.2503,302.8886,302.5442,302.2174,301.9081,301.616,301.3406,301.0813,300.837,300.6068,300.3895,300.184,299.9891,299.8039,299.6272,299.4584,299.2965,299.1409,298.9911,298.8464,298.7064,298.5707,298.439,298.311,298.1863,298.065,297.9466,297.8313,297.7188,297.6091,297.5022,297.3983,297.2972,297.1993,297.1046,297.0133,296.9256,296.842,296.7626,296.688,296.6185,296.5547,296.4972,296.4467,296.404,296.37,296.3455,296.3317,296.3296,296.3405,296.3654,296.4054,296.4614,296.5341,296.6241,296.7316,296.8566,296.999,297.1585,297.3346,297.5269,297.7347,297.9565,298.1908,298.4371,298.6952,298.965,299.2465,299.5395,299.8439,300.1596,300.4865,300.8244,301.1731
313.1421,311.047,310.4751,309.9141,309.3641,308.8253,308.2977,307.7815,307.2769,306.7839,306.3026,305.8331,305.3756,304.9311,304.5013,304.0873,303.6896,303.3087,302.9449,302.5986,302.2699,301.9586,301.6645,301.3871,301.1257,300.8793,300.6469,300.4274,300.2197,300.0226,299.8351,299.6563,299.4852,299.3211,299.1633,299.0112,298.8643,298.7222,298.5843,298.4504,298.3202,298.1934,298.0698,297.9493,297.8318,297.7171,297.6052,297.4962,297.3901,297.2869,297.1868,297.0899,296.9964,296.9066,296.8208,296.7393,296.6625,296.5909,296.525,296.4654,296.4128,296.368,296.3318,296.3052,296.2892,296.285,296.2937,296.3164,296.3542,296.4079,296.4783,296.5659,296.6709,296.7936,296.9336,297.0908,297.2648,297.4552,297.6613,297.8821,298.1159,298.3617,298.6193,298.8886,299.1696,299.4621,299.766,300.0811,300.4074,300.7448,301.093
314.1393,311.1572,310.5817,310.0169,309.4632,308.9206,308.3893,307.8693,307.3609,306.8641,306.379,305.9057,305.4447,304.9972,304.5649,304.1486,303.7489,303.3661,303.0005,302.6523,302.3217,302.0086,301.7126,301.4332,301.1698,300.9214,300.6869,300.4653,300.2554,300.0561,299.8665,299.6854,299.5122,299.346,299.186,299.0318,298.8827,298.7384,298.5984,298.4624,298.33,298.2011,298.0753,297.9527,297.833,297.7162,297.6022,297.4911,297.3828,297.2775,297.1752,297.0762,296.9806,296.8887,296.8007,296.7171,296.6382,296.5644,296.4964,296.4347,296.38,296.333,296.2947,296.266,296.2479,296.2416,296.2481,296.2686,296.3041,296.3555,296.4235,296.5087,296.6113,296.7315,296.8691,297.024,297.1958,297.3841,297.5884,297.8079,298.041,298.2863,298.5434,298.8123,299.0928,299.3847,299.6881,300.0027,300.3285,300.6652,301.0129
315.1366,311.2645,310.6853,310.1169,309.5595,309.0133,308.4782,307.9546,307.4425,306.9419,306.4531,305.9761,305.5117,305.0616,304.6271,304.2088,303.8071,303.4225,303.0551,302.7052,302.3729,302.058,301.7602,301.479,301.2136,300.9632,300.7267,300.503,300.291,300.0897,299.8979,299.7148,299.5394,299.3711,299.209,299.0527,298.9016,298.7551,298.613,298.4749,298.3404,298.2094,298.0816,297.9568,297.835,297.7161,297.6,297.4868,297.3764,297.269,297.1646,297.0635,296.9658,296.8717,296.7817,296.6959,296.6149,296.5391,296.4689,296.4051,296.3483,296.2992,296.2588,296.228,296.2078,296.1993,296.2036,296.2219,296.2551,296.3041,296.3697,296.4525,296.5526,296.6704,296.8055,296.958,297.1275,297.3136,297.516,297.7339,297.9662,298.211,298.4676,298.736,299.016,299.3074,299.6102,299.9243,300.2496,300.5858,300.9328
316.1339,311.3688,310.786,310.2141,309.6531,309.1032,308.5646,308.0373,307.5215,307.0173,306.5248,306.0443,305.5769,305.1245,304.6879,304.2677,303.8642,303.4779,303.1089,302.7574,302.4234,302.1068,301.8073,301.5243,301.257,301.0047,300.7663,300.5406,300.3266,300.1232,299.9294,299.7443,299.5669,299.3965,299.2324,299.074,298.9208,298.7723,298.6282,298.488,298.3514,298.2183,298.0885,297.9617,297.8378,297.7168,297.5987,297.4833,297.3709,297.2614,297.1549,297.0517,296.9519,296.8558,296.7637,296.6758,296.5927,296.5148,296.4425,296.3766,296.3177,296.2666,296.2241,296.1911,296.1688,296.1581,296.1603,296.1763,296.2072,296.2539,296.3171,296.3974,296.495,296.6102,296.7429,296.893,297.0601,297.244,297.4442,297.6604,297.8915,298.1357,298.3919,298.6597,298.9392,299.2301,299.5325,299.846,300.1707,300.5064,300.8528
317.1311,311.4701,310.8838,310.3083,309.7438,309.1903,308.6482,308.1174,307.598,307.0902,306.5942,306.1103,305.6403,305.1857,304.7472,304.3253,303.9202,303.5323,303.1618,302.8087,302.4732,302.155,301.8538,301.5691,301.3001,301.046,300.8057,300.5781,300.3622,300.1568,299.961,299.7739,299.5945,299.4221,299.256,299.0956,298.9405,298.79,298.6438,298.5016,298.3631,298.2279,298.096,297.9672,297.8413,297.7183,297.5981,297.4808,297.3663,297.2547,297.1462,297.0409,296.9391,296.8409,296.7467,296.6568,296.5716,296.4916,296.4173,296.3493,296.2883,296.2351,296.1905,296.1554,296.131,296.1182,296.1181,296.1319,296.1604,296.2048,296.2656,296.3434,296.4385,296.5512,296.6813,296.8288,296.9935,297.1751,297.3732,297.5874,297.817,298.0605,298.3161,298.5835,298.8625,299.1529,299.4547,299.7678,300.0919,300.427,300.7729
318.1284,311.5682,310.9785,310.3995,309.8316,309.2747,308.729,308.1947,307.6719,307.1606,306.6611,306.1742,305.7019,305.2454,304.8052,304.3817,303.9751,303.5857,303.2138,302.8593,302.5223,302.2026,301.8999,301.6135,301.3429,301.087,300.8449,300.6154,300.3976,300.1904,299.9927,299.8036,299.6223,299.448,299.2799,299.1176,298.9605,298.808,298.6599,298.5157,298.3752,298.2381,298.1043,297.9735,297.8456,297.7206,297.5984,297.479,297.3625,297.2489,297.1384,297.0311,296.9272,296.827,296.7308,296.6388,296.5516,296.4695,296.3931,296.3231,296.26,296.2047,296.158,296.1209,296.0943,296.0793,296.0771,296.0886,296.1149,296.1568,296.2151,296.2904,296.3831,296.4931,296.6207,296.7657,296.9279,297.107,297.3029,297.515,297.7429,297.9854,298.2405,298.5074,298.7859,299.0758,299.377,299.6895,300.0131,300.3477,300.693
319.1257,311.6632,311.0701,310.4878,309.9164,309.3562,308.8071,308.2694,307.7431,307.2284,306.7256,306.2361,305.7618,305.3036,304.8618,304.4368,304.0289,303.6382,303.2649,302.9091,302.5707,302.2496,301.9454,301.6575,301.3852,301.1277,300.8838,300.6526,300.433,300.2239,300.0244,299.8335,299.6503,299.4741,299.3041,299.1399,298.9809,298.8265,298.6765,298.5304,298.388,298.249,298.1132,297.9804,297.8506,297.7236,297.5994,297.4781,297.3596,297.2441,297.1316,297.0223,296.9164,296.8141,296.7159,296.6219,296.5326,296.4485,296.3701,296.298,296.2329,296.1755,296.1267,296.0875,296.0588,296.0417,296.0372,296.0465,296.0704,296.11,296.1659,296.2387,296.3287,296.4362,296.5612,296.7036,296.8632,297.0399,297.2333,297.4433,297.6692,297.9104,298.1649,298.4313,298.7092,298.9987,299.2994,299.6114,299.9344,300.2684,300.6132
320.123,311.755,311.1586,310.573,309.9983,309.4347,308.8823,308.3412,307.8116,307.2936,306.7877,306.296,305.82,305.3602,304.917,304.4907,304.0815,303.6896,303.3151,302.958,302.6184,302.296,301.9904,301.701,301.4272,301.168,300.9225,300.6896,300.4683,300.2575,300.0561,299.8634,299.6784,299.5003,299.3286,299.1626,299.0017,298.8455,298.6936,298.5456,298.4013,298.2604,298.1227,297.988,297.8563,297.7274,297.6013,297.478,297.3576,297.2401,297.1256,297.0144,296.9065,296.8023,296.702,296.606,296.5148,296.4286,296.3482,296.2741,296.2069,296.1475,296.0966,296.0553,296.0245,296.0052,295.9985,296.0055,296.0272,296.0644,296.1178,296.188,296.2755,296.3804,296.5027,296.6425,296.7995,296.9736,297.1647,297.3723,297.5962,297.8357,298.0894,298.3552,298.6327,298.9216,299.2218,299.5333,299.8558,300.1892,300.5334
321.1202,311.8435,311.2439,310.6551,310.0772,309.5103,308.9547,308.4103,307.8774,307.3562,306.8477,306.3541,305.8764,305.4153,304.9708,304.5434,304.133,303.74,303.3644,303.0062,302.6653,302.3417,302.0348,301.744,301.4688,301.2081,300.961,300.7265,300.5035,300.2909,300.0879,299.8934,299.7066,299.5268,299.3533,299.1855,299.0228,298.8648,298.7111,298.5613,298.4151,298.2724,298.1328,297.9963,297.8627,297.7319,297.604,297.4788,297.3564,297.237,297.1206,297.0074,296.8976,296.7914,296.6892,296.5913,296.498,296.4099,296.3274,296.2513,296.1821,296.1206,296.0677,296.0243,295.9914,295.9699,295.9611,295.9658,295.9851,296.0199,296.0709,296.1386,296.2234,296.3257,296.4454,296.5825,296.7369,296.9084,297.0969,297.3021,297.5237,297.7614,298.0139,298.2792,298.5562,298.8446,299.1443,299.4552,299.7771,300.11,300.4537
322.1175,311.9287,311.326,310.734,310.1529,309.5829,309.0241,308.4765,307.9404,307.4162,306.9054,306.4102,305.9312,305.4688,305.0233,304.5948,304.1834,303.7894,303.4127,303.0535,302.7116,302.3867,302.0786,301.7866,301.5099,301.2478,300.9992,300.7631,300.5385,300.3243,300.1196,299.9235,299.735,299.5535,299.3783,299.2087,299.0443,298.8845,298.729,298.5774,298.4295,298.285,298.1436,298.0053,297.8698,297.7372,297.6074,297.4803,297.3561,297.2348,297.1165,297.0014,296.8897,296.7816,296.6774,296.5775,296.4823,296.3922,296.3078,296.2296,296.1584,296.0949,296.04,295.9945,295.9595,295.9359,295.9248,295.9273,295.9443,295.9767,296.0251,296.0903,296.1726,296.2721,296.3891,296.5235,296.6752,296.8441,297.03,297.2327,297.452,297.6876,297.9387,298.2033,298.4797,298.7676,299.0668,299.3772,299.6986,300.0309,300.374
323.1148,312.0106,311.4048,310.8097,310.2256,309.6525,309.0905,308.5398,308.0007,307.4737,306.9611,306.4645,305.9843,305.5209,305.0744,304.6449,304.2327,303.8377,303.4601,303.1,302.757,302.4311,302.1218,301.8286,301.5507,301.2872,301.0371,300.7996,300.5734,300.3577,300.1514,299.9536,299.7635,299.5803,299.4034,299.2322,299.066,298.9046,298.7474,298.5941,298.4444,298.2981,298.155,298.0149,297.8776,297.7432,297.6116,297.4827,297.3566,297.2335,297.1133,296.9963,296.8827,296.7727,296.6666,296.5648,296.4677,296.3756,296.2892,296.2091,296.1359,296.0704,296.0134,295.9659,295.9288,295.903,295.8898,295.89,295.9047,295.9346,295.9806,296.0432,296.1229,296.2198,296.3341,296.4657,296.6147,296.7809,296.9641,297.1642,297.3811,297.6145,297.8637,298.1274,298.4033,298.6907,298.9894,299.2992,299.6201,299.9518,300.2944
324.112,312.0891,311.4803,310.8822,310.2951,309.7189,309.1539,308.6002,308.0581,307.5288,307.0147,306.5169,306.0357,305.5714,305.1241,304.6938,304.2808,303.885,303.5066,303.1456,302.8017,302.4748,302.1645,301.8701,301.5909,301.3261,301.0748,300.8358,300.6082,300.3909,300.1831,299.9837,299.7921,299.6073,299.4288,299.2559,299.0881,298.925,298.7662,298.6112,298.4598,298.3118,298.167,298.0251,297.8861,297.7499,297.6165,297.4859,297.358,297.233,297.111,296.9922,296.8767,296.7649,296.6569,296.5532,296.4541,296.3601,296.2718,296.1897,296.1146,296.0471,295.9881,295.9385,295.8993,295.8714,295.856,295.8539,295.8663,295.8938,295.9373,295.9974,296.0744,296.1686,296.2802,296.4091,296.5553,296.7187,296.8992,297.0967,297.311,297.542,297.7892,298.0517,298.327,298.6138,298.912,299.2213,299.5416,299.8728,300.2148
325.1093,312.1641,311.5524,310.9514,310.3613,309.7822,309.2143,308.6577,308.1128,307.5816,307.0663,306.5675,306.0855,305.6204,305.1724,304.7415,304.3277,303.9313,303.5522,303.1903,302.8457,302.5179,302.2065,301.9111,301.6308,301.3647,301.1121,300.8717,300.6427,300.424,300.2147,300.0139,299.8207,299.6344,299.4543,299.2799,299.1105,298.9458,298.7853,298.6287,298.4757,298.326,298.1795,298.036,297.8953,297.7574,297.6222,297.4898,297.3602,297.2334,297.1096,296.989,296.8717,296.758,296.6482,296.5426,296.4416,296.3458,296.2555,296.1715,296.0944,296.0249,295.9639,295.9123,295.871,295.841,295.8234,295.8191,295.8291,295.8542,295.8953,295.9527,296.0271,296.1186,296.2274,296.3536,296.497,296.6576,296.8353,297.0301,297.2418,297.4703,297.7153,297.9761,298.2507,298.537,298.8347,299.1434,299.4632,299.7939,300.1353
326.1066,312.2357,311.6211,311.0173,310.4243,309.8424,309.2716,308.7121,308.1648,307.6322,307.1159,306.6163,306.1336,305.6679,305.2193,304.7878,304.3735,303.9765,303.5968,303.2342,302.8888,302.5602,302.248,301.9515,301.6701,301.403,301.1491,300.9074,300.6771,300.457,300.2463,300.0441,299.8494,299.6616,299.4801,299.3041,299.1332,298.9669,298.8049,298.6467,298.4921,298.3408,298.1926,298.0474,297.9051,297.7655,297.6286,297.4945,297.3632,297.2347,297.1091,296.9867,296.8676,296.7521,296.6405,296.533,296.4302,296.3325,296.2403,296.1544,296.0754,296.0039,295.9409,295.8873,295.8439,295.8118,295.792,295.7855,295.7932,295.8159,295.8545,295.9094,295.9811,296.0699,296.1759,296.2993,296.4399,296.5976,296.7725,296.9645,297.1735,297.3994,297.642,297.9009,298.1745,298.4603,298.7574,299.0656,299.3849,299.715,300.0558
327.1038,312.3037,311.6863,311.0798,310.484,309.8993,309.3257,308.7635,308.2143,307.6805,307.1634,306.6632,306.18,305.7139,305.2649,304.8329,304.4182,304.0207,303.6404,303.2773,302.9312,302.6018,302.2887,301.9914,301.709,301.4408,301.1857,300.9429,300.7113,300.4899,300.2779,300.0742,299.8782,299.689,299.5059,299.3285,299.1561,298.9884,298.8248,298.6651,298.5089,298.356,298.2063,298.0595,297.9155,297.7743,297.6358,297.5,297.3669,297.2367,297.1095,296.9853,296.8645,296.7472,296.6337,296.5245,296.4198,296.3203,296.2263,296.1384,296.0575,295.9841,295.9191,295.8635,295.8181,295.7839,295.7619,295.7531,295.7585,295.7789,295.8149,295.8673,295.9363,296.0224,296.1257,296.2462,296.3839,296.5388,296.7109,296.9,297.1062,297.3293,297.5694,297.8261,298.0984,298.3836,298.6801,298.9879,299.3066,299.6361,299.9764
328.1011,312.3681,311.7481,311.1388,310.5404,309.953,309.3767,308.812,308.2613,307.7267,307.209,306.7084,306.2249,305.7584,305.309,304.8767,304.4616,304.0637,303.683,303.3194,302.9727,302.6427,302.3289,302.0307,301.7474,301.4781,301.222,300.978,300.7452,300.5226,300.3093,300.1043,299.9069,299.7164,299.532,299.3531,299.1793,299.0101,298.8451,298.6839,298.5262,298.3718,298.2205,298.0721,297.9266,297.7838,297.6436,297.5062,297.3715,297.2396,297.1107,296.9848,296.8622,296.7432,296.628,296.517,296.4105,296.3091,296.2133,296.1236,296.0407,295.9655,295.8985,295.8409,295.7934,295.7572,295.733,295.7221,295.7251,295.7431,295.7766,295.8264,295.8928,295.9762,296.0767,296.1943,296.3292,296.4812,296.6503,296.8366,297.0399,297.2602,297.4977,297.752,298.0225,298.3069,298.6029,298.9101,299.2283,299.5573,299.8971
329.0984,312.4289,311.8063,311.1944,310.5934,310.0033,309.4245,308.8577,308.3058,307.7707,307.2527,306.7518,306.268,305.8013,305.3518,304.9193,304.5039,304.1057,303.7246,303.3606,303.0134,302.6828,302.3683,302.0694,301.7852,301.515,301.2579,301.0129,300.7789,300.5552,300.3406,300.1344,299.9357,299.7439,299.5581,299.3779,299.2027,299.0321,298.8657,298.703,298.5439,298.388,298.2352,298.0853,297.9383,297.7939,297.6522,297.5132,297.3769,297.2433,297.1127,296.9852,296.8609,296.7402,296.6233,296.5105,296.4023,296.2991,296.2014,296.1099,296.0252,295.948,295.8791,295.8195,295.77,295.7317,295.7054,295.6922,295.693,295.7085,295.7396,295.7868,295.8506,295.9312,296.0289,296.1437,296.2757,296.4248,296.591,296.7742,296.9746,297.1921,297.4268,297.6785,297.9469,298.2303,298.5258,298.8325,299.1501,299.4786,299.8177
330.0956,312.486,311.8609,311.2465,310.643,310.0504,309.4691,308.9006,308.3481,307.8126,307.2944,306.7934,306.3095,305.8428,305.3931,304.9605,304.545,304.1466,303.7653,303.4009,303.0533,302.7222,302.4071,302.1075,301.8226,301.5515,301.2934,301.0474,300.8124,300.5875,300.3718,300.1644,299.9645,299.7714,299.5844,299.4029,299.2264,299.0544,298.8866,298.7225,298.562,298.4047,298.2505,298.0991,297.9505,297.8046,297.6614,297.5208,297.383,297.2478,297.1156,296.9865,296.8605,296.7381,296.6195,296.505,296.395,296.2901,296.1906,296.0973,296.0107,295.9317,295.8609,295.7993,295.7479,295.7074,295.6791,295.6636,295.6621,295.6753,295.7039,295.7486,295.8097,295.8876,295.9825,296.0944,296.2235,296.3696,296.5328,296.7131,296.9105,297.125,297.3568,297.6058,297.8719,298.1539,298.4487,298.7549,299.072,299.3999,299.7385
331.0929,312.5394,311.9119,311.2951,310.6891,310.0941,309.5105,308.9409,308.388,307.8524,307.3341,306.8332,306.3494,305.8827,305.4331,305.0005,304.5849,304.1864,303.8049,303.4403,303.0924,302.7608,302.4452,302.145,301.8593,301.5875,301.3286,301.0816,300.8456,300.6197,300.4028,300.1943,299.9933,299.7989,299.6107,299.428,299.2502,299.0769,298.9078,298.7424,298.5805,298.4218,298.2662,298.1134,297.9634,297.816,297.6713,297.5292,297.3898,297.2531,297.1194,296.9886,296.8611,296.737,296.6167,296.5005,296.3888,296.2821,296.1809,296.0858,295.9974,295.9165,295.8439,295.7804,295.7269,295.6844,295.6539,295.6363,295.6325,295.6434,295.6695,295.7116,295.7701,295.8453,295.9373,296.0464,296.1725,296.3157,296.4759,296.6531,296.8475,297.059,297.2878,297.5339,297.7974,298.0776,298.3717,298.6773,298.9939,299.3212,299.6593
332.0902,312.5891,311.9593,311.3401,310.7317,310.1344,309.5489,308.9786,308.4255,307.89,307.372,306.8712,306.3876,305.9211,305.4716,305.0391,304.6236,304.2251,303.8435,303.4787,303.1305,302.7986,302.4826,302.1818,301.8955,301.623,301.3632,301.1154,300.8785,300.6516,300.4337,300.2241,300.022,299.8265,299.6371,299.4532,299.2742,299.0997,298.9293,298.7626,298.5994,298.4394,298.2824,298.1282,297.9768,297.828,297.6819,297.5383,297.3974,297.2592,297.1239,296.9916,296.8624,296.7368,296.6148,296.497,296.3837,296.2752,296.1723,296.0754,295.9853,295.9025,295.828,295.7626,295.7072,295.6627,295.6301,295.6103,295.6042,295.6127,295.6364,295.6759,295.7318,295.8042,295.8935,295.9997,296.1229,296.263,296.4202,296.5944,296.7856,296.994,297.2197,297.4629,297.7237,298.0016,298.2948,298.5998,298.9158,299.2426,299.5801
333.0874,312.635,312.0029,311.3815,310.7709,310.1713,309.5844,309.0138,308.4609,307.9256,307.4079,306.9075,306.4242,305.958,305.5088,305.0765,304.6611,304.2626,303.881,303.5162,303.1678,302.8357,302.5193,302.218,301.9312,301.658,301.3975,301.1489,300.9111,300.6832,300.4644,300.2538,300.0506,299.8541,299.6636,299.4785,299.2984,299.1227,298.9511,298.7832,298.6187,298.4574,298.2991,298.1436,297.9908,297.8406,297.693,297.5481,297.4057,297.2661,297.1292,296.9954,296.8647,296.7375,296.6139,296.4945,296.3795,296.2694,296.1648,296.0662,295.9742,295.8897,295.8133,295.746,295.6887,295.6422,295.6075,295.5855,295.5772,295.5833,295.6046,295.6416,295.6948,295.7645,295.851,295.9543,296.0745,296.2117,296.3658,296.5368,296.725,296.9302,297.1528,297.3929,297.6507,297.9262,298.2179,298.5223,298.8378,299.1641,299.501
334.0847,312.6771,312.0428,311.4192,310.8064,310.2049,309.617,309.0465,308.4939,307.9591,307.4419,306.942,306.4592,305.9934,305.5445,305.1125,304.6973,304.299,303.9175,303.5527,303.2042,302.8719,302.5552,302.2535,301.9662,301.6924,301.4313,301.1819,300.9433,300.7146,300.4949,300.2834,300.0792,299.8816,299.6901,299.5039,299.3227,299.1458,298.9731,298.804,298.6383,298.4757,298.3162,298.1594,298.0053,297.8538,297.7049,297.5585,297.4147,297.2736,297.1353,297.0,296.8678,296.7391,296.614,296.4929,296.3763,296.2646,296.1583,296.058,295.9643,295.878,295.7998,295.7307,295.6714,295.6229,295.5861,295.5621,295.5515,295.5553,295.5741,295.6086,295.6592,295.7262,295.8098,295.9103,296.0275,296.1617,296.3127,296.4806,296.6655,296.8676,297.087,297.3239,297.5786,297.8513,298.1412,298.4449,298.7599,299.0856,299.422
335.082,312.7153,312.079,311.4533,310.8384,310.2351,309.647,309.0768,308.5247,307.9906,307.474,306.9747,306.4925,306.0272,305.5788,305.1472,304.7324,304.3343,303.953,303.5882,303.2397,302.9073,302.5903,302.2884,302.0006,301.7263,301.4646,301.2146,300.9753,300.7458,300.5252,300.3128,300.1077,299.9091,299.7166,299.5294,299.3471,299.1692,298.9953,298.8251,298.6582,298.4945,298.3337,298.1757,298.0203,297.8675,297.7173,297.5696,297.4244,297.2819,297.1422,297.0055,296.8718,296.7415,296.6149,296.4923,296.3741,296.2608,296.1529,296.0509,295.9555,295.8674,295.7875,295.7165,295.6553,295.6048,295.5661,295.5398,295.5271,295.5286,295.545,295.5769,295.6249,295.6892,295.77,295.8676,295.9819,296.113,296.2609,296.4257,296.6074,296.8062,297.0223,297.2559,297.5075,297.7771,298.0648,298.3676,298.682,299.0072,299.343
336.0792,312.7497,312.1113,311.4836,310.8668,310.2622,309.6742,309.1046,308.5533,308.02,307.5042,307.0056,306.5241,306.0595,305.6116,305.1805,304.7661,304.3684,303.9873,303.6227,303.2743,302.9418,302.6247,302.3225,302.0344,301.7597,301.4974,301.2468,301.0068,300.7766,300.5553,300.342,300.136,299.9366,299.7431,299.555,299.3716,299.1927,299.0178,298.8464,298.6785,298.5136,298.3516,298.1924,298.0358,297.8818,297.7303,297.5813,297.4348,297.291,297.1499,297.0117,296.8766,296.7449,296.6168,296.4927,296.373,296.2581,296.1485,296.0449,295.9478,295.858,295.7763,295.7035,295.6404,295.588,295.5472,295.5189,295.5039,295.5031,295.5171,295.5466,295.5919,295.6535,295.7316,295.8262,295.9376,296.0656,296.2104,296.372,296.5505,296.746,296.9588,297.1891,297.4373,297.7038,297.9888,298.2904,298.6041,298.9288,299.2641
337.0765,312.7801,312.1398,311.5102,310.8916,310.2862,309.6988,309.1301,308.5798,308.0474,307.5325,307.0348,306.5541,306.0902,305.643,305.2125,304.7986,304.4014,304.0206,303.6562,303.3079,302.9755,302.6583,302.3559,302.0676,301.7925,301.5298,301.2786,301.038,300.8071,300.5851,300.371,300.1642,299.964,299.7696,299.5805,299.3963,299.2164,299.0404,298.868,298.699,298.5331,298.37,298.2096,298.0518,297.8966,297.7439,297.5936,297.4459,297.3007,297.1583,297.0187,296.8823,296.7491,296.6196,296.494,296.3727,296.2563,296.1452,296.0399,295.9412,295.8498,295.7663,295.6917,295.6268,295.5724,295.5296,295.4992,295.4821,295.479,295.4906,295.5176,295.5604,295.6193,295.6945,295.7863,295.8947,296.0197,296.1614,296.3197,296.495,296.6871,296.8965,297.1234,297.3682,297.6314,297.9133,298.2132,298.5263,298.8504,299.1852
338.0738,312.8065,312.1645,311.5331,310.9128,310.3074,309.7207,309.1531,308.604,308.0727,307.5589,307.0623,306.5825,306.1194,305.673,305.2432,304.8299,304.4331,304.0528,303.6887,303.3407,303.0083,302.6911,302.3886,302.1001,301.8246,301.5616,301.3099,301.0688,300.8373,300.6146,300.3998,300.1923,299.9912,299.796,299.6061,299.421,299.2401,299.0632,298.8899,298.7198,298.5528,298.3887,298.2272,298.0683,297.9119,297.758,297.6065,297.4575,297.3111,297.1674,297.0265,296.8887,296.7542,296.6232,296.4962,296.3735,296.2555,296.1429,296.036,295.9357,295.8426,295.7574,295.681,295.6143,295.5581,295.5133,295.4809,295.4616,295.4562,295.4655,295.49,295.5301,295.5864,295.6588,295.7477,295.8532,295.9751,296.1137,296.2688,296.4407,296.6295,296.8355,297.0589,297.3002,297.5599,297.8386,298.1362,298.4486,298.7721,299.1063
339.071,312.829,312.1852,311.5521,310.9306,310.3256,309.7402,309.1739,308.626,308.0961,307.5835,307.0879,306.6092,306.1471,305.7015,305.2725,304.8599,304.4637,304.0838,303.7202,303.3724,303.0402,302.7231,302.4206,302.1319,301.8562,301.5928,301.3407,301.0991,300.8671,300.6438,300.4284,300.2202,300.0184,299.8224,299.6317,299.4457,299.264,299.0862,298.9119,298.7409,298.5729,298.4077,298.2452,298.0852,297.9277,297.7727,297.62,297.4699,297.3222,297.1772,297.0351,296.896,296.7601,296.6278,296.4993,296.3752,296.2557,296.1416,296.0332,295.9313,295.8366,295.7497,295.6716,295.603,295.545,295.4982,295.4637,295.4423,295.4347,295.4416,295.4637,295.5013,295.5548,295.6246,295.7106,295.813,295.932,296.0674,296.2193,296.3879,296.5733,296.7758,296.9956,297.2333,297.4894,297.7647,298.0596,298.3709,298.6939,299.0275
340.0683,312.8475,312.2021,311.5674,310.9451,310.3411,309.7571,309.1923,308.646,308.1174,307.6061,307.1118,306.6342,306.1732,305.7286,305.3004,304.8886,304.4931,304.1138,303.7506,303.4032,303.0712,302.7543,302.4518,302.163,301.8872,301.6235,301.3711,301.1291,300.8966,300.6727,300.4567,300.2479,300.0454,299.8487,299.6572,299.4705,299.2879,299.1093,298.9341,298.7622,298.5933,298.4271,298.2636,298.1026,297.944,297.7879,297.6341,297.4828,297.334,297.1878,297.0444,296.904,296.7668,296.6331,296.5033,296.3778,296.2569,296.1413,296.0314,295.928,295.8316,295.7431,295.6633,295.593,295.5331,295.4844,295.4479,295.4243,295.4145,295.4192,295.4388,295.4738,295.5247,295.5917,295.6749,295.7744,295.8902,296.0225,296.1712,296.3365,296.5184,296.7174,296.9336,297.1676,297.4201,297.6917,297.9834,298.2934,298.6157,298.9488
341.0656,312.8619,312.2149,311.5788,310.9564,310.3538,309.7715,309.2084,308.6637,308.1367,307.6269,307.134,306.6576,306.1977,305.7542,305.327,304.916,304.5212,304.1426,303.7799,303.4329,303.1013,302.7846,302.4822,302.1934,301.9175,301.6536,301.4009,301.1585,300.9256,300.7013,300.4848,300.2753,300.0723,299.8749,299.6828,299.4952,299.312,299.1325,298.9565,298.7837,298.6139,298.4468,298.2824,298.1204,297.9608,297.8036,297.6487,297.4963,297.3463,297.199,297.0544,296.9128,296.7743,296.6394,296.5082,296.3813,296.2591,296.142,296.0307,295.9257,295.8278,295.7377,295.6562,295.5841,295.5224,295.4718,295.4333,295.4077,295.3957,295.398,295.4152,295.4477,295.496,295.5602,295.6406,295.7371,295.8499,295.979,296.1245,296.2864,296.465,296.6603,296.8729,297.1032,297.3518,297.6197,297.9079,298.2159,298.5376,298.8701
342.0628,312.8722,312.2239,311.5865,310.9647,310.3638,309.7834,309.2223,308.6794,308.1541,307.6459,307.1544,306.6794,306.2207,305.7783,305.3521,304.9421,304.5482,304.1703,303.8082,303.4617,303.1305,302.814,302.5118,302.2231,301.9471,301.6831,301.4302,301.1875,300.9543,300.7295,300.5126,300.3026,300.099,299.901,299.7082,299.52,299.336,299.1558,298.979,298.8054,298.6348,298.4668,298.3014,298.1385,297.978,297.8198,297.6639,297.5104,297.3594,297.2109,297.0651,296.9223,296.7826,296.6464,296.514,296.3858,296.2622,296.1437,296.0309,295.9245,295.825,295.7333,295.6502,295.5764,295.5129,295.4605,295.42,295.3923,295.3781,295.3782,295.393,295.423,295.4687,295.5302,295.6077,295.7013,295.8111,295.937,296.0793,296.2378,296.4129,296.6047,296.8136,297.04,297.2848,297.5488,297.8332,298.1386,298.4595,298.7915
343.0601,312.8785,312.2288,311.5905,310.9699,310.3712,309.7929,309.2338,308.6929,308.1694,307.6629,307.173,306.6995,306.2422,305.801,305.3759,304.9669,304.5739,304.1968,303.8354,303.4895,303.1587,302.8426,302.5406,302.252,301.976,301.712,301.4589,301.2161,300.9825,300.7574,300.54,300.3296,300.1254,299.927,299.7336,299.5447,299.3601,299.1792,299.0017,298.8273,298.6559,298.4871,298.3209,298.1571,297.9956,297.8364,297.6796,297.5251,297.373,297.2234,297.0765,296.9326,296.7917,296.6543,296.5206,296.3911,296.2662,296.1464,296.0322,295.9243,295.8233,295.7301,295.6453,295.5699,295.5046,295.4503,295.4079,295.3782,295.3619,295.3597,295.3721,295.3997,295.4428,295.5016,295.5762,295.6669,295.7737,295.8965,296.0355,296.1907,296.3623,296.5505,296.7556,296.9782,297.219,297.4789,297.7593,298.0616,298.3815,298.7129
344.0574,312.8806,312.2297,311.591,310.9723,310.3759,309.8,309.2431,308.7043,308.1828,307.6781,307.1899,306.7179,306.262,305.8222,305.3983,304.9904,304.5984,304.2221,303.8615,303.5162,303.186,302.8703,302.5686,302.2801,302.0043,301.7402,301.4871,301.2441,301.0103,300.7849,300.5671,300.3563,300.1517,299.9527,299.7588,299.5694,299.3842,299.2026,299.0245,298.8494,298.6772,298.5076,298.3406,298.1759,298.0136,297.8535,297.6957,297.5402,297.3872,297.2366,297.0886,296.9436,296.8016,296.663,296.5281,296.3973,296.2711,296.15,296.0344,295.9251,295.8227,295.728,295.6416,295.5645,295.4975,295.4414,295.3971,295.3654,295.347,295.3426,295.3527,295.3778,295.4183,295.4744,295.5463,295.634,295.7378,295.8575,295.9932,296.145,296.3131,296.4977,296.6991,296.9178,297.1545,297.4102,297.6865,297.985,298.3036,298.6344
345.0546,312.8786,312.2265,311.5881,310.9718,310.378,309.8047,309.2502,308.7137,308.1942,307.6914,307.205,306.7346,306.2803,305.8419,305.4193,305.0125,304.6216,304.2463,303.8865,303.5419,303.2123,302.8971,302.5957,302.3075,302.0319,301.7678,301.5147,301.2715,301.0376,300.812,300.5939,300.3828,300.1778,299.9783,299.7839,299.5941,299.4082,299.2261,299.0473,298.8716,298.6987,298.5284,298.3606,298.1952,298.032,297.8711,297.7124,297.556,297.4019,297.2503,297.1014,296.9552,296.8122,296.6724,296.5364,296.4044,296.277,296.1545,296.0377,295.927,295.8232,295.7269,295.639,295.5603,295.4916,295.4338,295.3876,295.3539,295.3334,295.3268,295.3346,295.3572,295.3952,295.4486,295.5177,295.6026,295.7033,295.8199,295.9524,296.1009,296.2655,296.4464,296.644,296.8587,297.0913,297.3428,297.6147,297.9091,298.2257,298.5559
346.0519,312.8724,312.2194,311.582,310.9685,310.3776,309.807,309.2551,308.7209,308.2037,307.7029,307.2183,306.7497,306.297,305.86,305.4388,305.0333,304.6435,304.2692,303.9103,303.5666,303.2376,302.9229,302.622,302.3341,302.0587,301.7948,301.5417,301.2985,301.0644,300.8386,300.6203,300.4089,300.2036,300.0038,299.8089,299.6186,299.4323,299.2496,299.0702,298.8939,298.7204,298.5494,298.3809,298.2147,298.0508,297.889,297.7295,297.5722,297.4172,297.2647,297.1148,296.9676,296.8235,296.6827,296.5455,296.4124,296.2837,296.16,296.0419,295.9299,295.8246,295.7269,295.6376,295.5573,295.4869,295.4273,295.3793,295.3436,295.3211,295.3123,295.3178,295.3381,295.3735,295.4243,295.4907,295.5727,295.6704,295.7839,295.9131,296.0582,296.2193,296.3966,296.5904,296.8011,297.0295,297.2766,297.544,297.834,298.148,298.4775
347.0492,312.862,312.2083,311.5727,310.9624,310.3747,309.807,309.2578,308.7261,308.2111,307.7125,307.2299,306.7632,306.3121,305.8767,305.457,305.0528,304.6642,304.291,303.9331,303.5901,303.2619,302.9478,302.6474,302.3599,302.0847,301.821,301.568,301.3248,301.0907,300.8648,300.6464,300.4347,300.2291,300.0289,299.8338,299.643,299.4562,299.2731,299.0932,298.9163,298.7422,298.5706,298.4014,298.2345,298.0699,297.9074,297.747,297.5889,297.4331,297.2796,297.1288,296.9806,296.8355,296.6937,296.5554,296.4212,296.2913,296.1665,296.047,295.9337,295.8272,295.7281,295.6372,295.5553,295.4834,295.422,295.3722,295.3347,295.3101,295.2992,295.3024,295.3203,295.3532,295.4014,295.4651,295.5442,295.639,295.7493,295.8754,296.0171,296.1747,296.3483,296.5383,296.745,296.9691,297.2118,297.4745,297.7598,298.0704,298.3991
348.0464,312.8474,312.1934,311.5604,310.9536,310.3692,309.8047,309.2583,308.7292,308.2167,307.7203,307.2398,306.7749,306.3257,305.8919,305.4737,305.0709,304.6836,304.3115,303.9546,303.6126,303.2852,302.9718,302.6719,302.3849,302.11,301.8466,301.5937,301.3506,301.1165,300.8905,300.672,300.4601,300.2543,300.0539,299.8584,299.6673,299.4801,299.2965,299.1162,298.9388,298.7641,298.592,298.4222,298.2546,298.0893,297.9261,297.765,297.6061,297.4494,297.2951,297.1434,296.9943,296.8482,296.7054,296.5661,296.4308,296.2998,296.1738,296.0532,295.9386,295.8307,295.7302,295.6379,295.5546,295.481,295.418,295.3664,295.327,295.3004,295.2874,295.2884,295.304,295.3344,295.38,295.4409,295.5172,295.609,295.7163,295.8392,295.9776,296.1316,296.3016,296.4877,296.6903,296.9102,297.1484,297.4063,297.6867,297.9932,298.3208
349.0437,312.8286,312.1748,311.5452,310.9422,310.3614,309.8,309.2567,308.7303,308.2203,307.7262,307.2479,306.785,306.3376,305.9056,305.489,305.0877,304.7017,304.3309,303.9751,303.634,303.3074,302.9947,302.6955,302.409,302.1346,301.8714,301.6188,301.3758,301.1418,300.9158,300.6972,300.4852,300.2792,300.0786,299.8828,299.6914,299.5039,299.32,299.1392,298.9613,298.7862,298.6135,298.4432,298.275,298.109,297.9451,297.7834,297.6237,297.4663,297.3112,297.1586,297.0086,296.8616,296.7178,296.5775,296.4412,296.3092,296.182,296.0602,295.9444,295.8352,295.7334,295.6397,295.5549,295.4798,295.4151,295.3618,295.3205,295.292,295.2769,295.2757,295.289,295.317,295.36,295.4183,295.4918,295.5806,295.6849,295.8045,295.9396,296.0901,296.2564,296.4387,296.6372,296.8528,297.0864,297.3395,297.6147,297.9165,298.2426
350.041,312.8056,312.1526,311.5271,310.9282,310.3511,309.7931,309.2529,308.7293,308.2219,307.7303,307.2542,306.7934,306.348,305.9178,305.5028,305.1031,304.7185,304.3489,303.9943,303.6543,303.3286,303.0168,302.7182,302.4322,302.1583,301.8955,301.6431,301.4004,301.1664,300.9405,300.7219,300.5099,300.3038,300.103,299.907,299.7154,299.5276,299.3433,299.1622,298.9839,298.8083,298.6352,298.4643,298.2956,298.129,297.9645,297.8021,297.6418,297.4836,297.3277,297.1743,297.0236,296.8757,296.731,296.5897,296.4524,296.3193,296.1911,296.0681,295.9512,295.8408,295.7377,295.6426,295.5563,295.4797,295.4134,295.3584,295.3153,295.2849,295.2677,295.2644,295.2754,295.301,295.3415,295.3971,295.4678,295.5538,295.655,295.7714,295.9031,296.0502,296.2128,296.3912,296.5857,296.797,297.0259,297.274,297.5439,297.8404,298.1644
351.0383,312.7784,312.127,311.5061,310.9116,310.3384,309.784,309.2469,308.7263,308.2217,307.7326,307.2588,306.8002,306.3568,305.9284,305.5152,305.117,304.7339,304.3658,304.0124,303.6735,303.3488,303.0378,302.7399,302.4546,302.1812,301.9188,301.6668,301.4243,301.1906,300.9648,300.7462,300.5341,300.328,300.1271,299.931,299.7391,299.5511,299.3666,299.1851,299.0065,298.8305,298.6569,298.4856,298.3164,298.1493,297.9842,297.8212,297.6602,297.5014,297.3448,297.1907,297.0391,296.8904,296.7448,296.6026,296.4643,296.3303,296.201,296.077,295.9589,295.8473,295.7429,295.6465,295.5589,295.4808,295.4129,295.3562,295.3114,295.279,295.2599,295.2544,295.2632,295.2864,295.3244,295.3774,295.4454,295.5284,295.6266,295.7399,295.8683,296.0119,296.1709,296.3454,296.5358,296.7427,296.9669,297.21,297.4744,297.7651,298.0863
352.0355,312.7469,312.0982,311.4824,310.8924,310.3233,309.7726,309.2389,308.7213,308.2195,307.733,307.2616,306.8053,306.3639,305.9375,305.5261,305.1297,304.7481,304.3814,304.0292,303.6915,303.3678,303.0578,302.7607,302.4761,302.2033,301.9414,301.6898,301.4476,301.2141,300.9884,300.77,300.558,300.3518,300.1509,299.9547,299.7627,299.5745,299.3897,299.208,299.0291,298.8528,298.6788,298.5071,298.3375,298.1699,298.0043,297.8406,297.6791,297.5196,297.3624,297.2075,297.0552,296.9057,296.7593,296.6163,296.4771,296.3421,296.2118,296.0867,295.9675,295.8548,295.7492,295.6515,295.5625,295.4829,295.4136,295.3552,295.3086,295.2745,295.2534,295.2458,295.2523,295.2733,295.3088,295.3591,295.4244,295.5046,295.5998,295.71,295.8351,295.9753,296.1306,296.3012,296.4875,296.69,296.9095,297.1474,297.4062,297.6908,298.0083
353.0328,312.7112,312.0663,311.4559,310.8707,310.3059,309.759,309.2287,308.7143,308.2154,307.7316,307.2627,306.8087,306.3695,305.9451,305.5356,305.1409,304.7609,304.3957,304.0449,303.7084,303.3858,303.0767,302.7806,302.4967,302.2245,301.9632,301.712,301.4702,301.237,301.0116,300.7933,300.5814,300.3753,300.1744,299.9781,299.786,299.5977,299.4127,299.2308,299.0517,298.8751,298.7008,298.5287,298.3586,298.1906,298.0245,297.8604,297.6983,297.5382,297.3804,297.2248,297.0718,296.9216,296.7744,296.6306,296.4905,296.3546,296.2234,296.0973,295.9771,295.8632,295.7565,295.6576,295.5672,295.4862,295.4154,295.3555,295.3072,295.2712,295.2481,295.2386,295.2429,295.2615,295.2946,295.3424,295.405,295.4824,295.5746,295.6816,295.8035,295.9402,296.0919,296.2587,296.4409,296.639,296.8538,297.0865,297.3395,297.6177,297.9305
354.0301,312.6715,312.0314,311.4268,310.8466,310.2861,309.7432,309.2165,308.7053,308.2094,307.7283,307.262,306.8104,306.3735,305.9512,305.5436,305.1507,304.7724,304.4087,304.0594,303.7242,303.4027,303.0947,302.7994,302.5164,302.2449,301.9842,301.7335,301.4921,301.2592,301.0341,300.816,300.6043,300.3983,300.1975,300.0012,299.8091,299.6207,299.4356,299.2535,299.0742,298.8973,298.7228,298.5504,298.38,298.2116,298.0451,297.8805,297.7179,297.5573,297.3988,297.2427,297.089,296.9381,296.7902,296.6456,296.5047,296.368,296.2358,296.1088,295.9875,295.8726,295.7647,295.6646,295.573,295.4906,295.4184,295.3569,295.3069,295.2692,295.2442,295.2326,295.2348,295.2512,295.2819,295.3272,295.3871,295.4617,295.5509,295.6549,295.7735,295.9068,296.0549,296.2178,296.3959,296.5896,296.7996,297.0271,297.2743,297.5458,297.8529
355.0273,312.6278,311.9936,311.3951,310.8201,310.2641,309.7252,309.2021,308.6944,308.2015,307.7233,307.2596,306.8105,306.3758,305.9557,305.5501,305.1591,304.7826,304.4204,304.0726,303.7387,303.4185,303.1116,302.8173,302.5351,302.2644,302.0043,301.7542,301.5133,301.2809,301.0561,300.8383,300.6268,300.4209,300.2202,300.024,299.8319,299.6435,299.4583,299.2761,299.0966,298.9196,298.7448,298.5721,298.4015,298.2327,298.0658,297.9008,297.7378,297.5767,297.4177,297.261,297.1068,296.9552,296.8066,296.6613,296.5196,296.382,296.249,296.1211,295.9989,295.8829,295.7739,295.6727,295.5798,295.4961,295.4224,295.3594,295.3079,295.2684,295.2416,295.228,295.2281,295.2423,295.2706,295.3134,295.3707,295.4425,295.5289,295.6298,295.7452,295.8751,296.0195,296.1787,296.3527,296.542,296.7472,296.9694,297.2106,297.4754,297.7758
356.0246,312.5802,311.9529,311.3608,310.7912,310.2399,309.7051,309.1858,308.6814,308.1917,307.7164,307.2555,306.8089,306.3766,305.9587,305.5552,305.1661,304.7913,304.4309,304.0846,303.7521,303.4332,303.1274,302.8341,302.5529,302.283,302.0236,301.7742,301.5338,301.3018,301.0774,300.8599,300.6487,300.4431,300.2425,300.0464,299.8544,299.666,299.4808,299.2986,299.119,298.9418,298.7669,298.594,298.4231,298.254,298.0868,297.9214,297.758,297.5965,297.437,297.2798,297.125,296.9728,296.8236,296.6776,296.5352,296.3968,296.263,296.1342,296.0111,295.8941,295.7841,295.6817,295.5877,295.5027,295.4277,295.3632,295.31,295.2689,295.2403,295.2248,295.2228,295.2347,295.2608,295.3011,295.3558,295.4249,295.5084,295.6063,295.7185,295.845,295.9859,296.1412,296.3112,296.4961,296.6965,296.9134,297.1486,297.4063,297.6992
357.0219,312.5291,311.9096,311.3241,310.7599,310.2134,309.6828,309.1674,308.6665,308.18,307.7077,307.2496,306.8056,306.3758,305.9601,305.5587,305.1716,304.7988,304.44,304.0953,303.7643,303.4467,303.1421,302.85,302.5697,302.3006,302.0421,301.7933,301.5535,301.3221,301.0981,300.881,300.6701,300.4648,300.2644,300.0685,299.8766,299.6883,299.5031,299.3209,299.1413,298.964,298.7889,298.6159,298.4447,298.2755,298.108,297.9423,297.7785,297.6166,297.4567,297.299,297.1437,296.9909,296.8411,296.6945,296.5514,296.4124,296.2778,296.1482,296.0241,295.9062,295.7952,295.6917,295.5966,295.5104,295.434,295.3681,295.3134,295.2706,295.2402,295.2228,295.2189,295.2286,295.2524,295.2903,295.3425,295.4089,295.4896,295.5844,295.6935,295.8167,295.954,296.1055,296.2714,296.4519,296.6475,296.8591,297.0883,297.3388,297.6234
358.0191,312.4743,311.8635,311.2849,310.7264,310.1847,309.6585,309.1469,308.6497,308.1665,307.6973,307.242,306.8006,306.3733,305.96,305.5608,305.1758,304.8048,304.4479,304.1048,303.7753,303.4591,303.1558,302.8648,302.5855,302.3174,302.0597,301.8116,301.5725,301.3416,301.1182,300.9015,300.691,300.4859,300.2859,300.0902,299.8984,299.7102,299.5252,299.343,299.1634,298.9861,298.8109,298.6378,298.4665,298.297,298.1293,297.9634,297.7992,297.637,297.4767,297.3186,297.1628,297.0096,296.8592,296.712,296.5683,296.4286,296.2933,296.1629,296.038,295.9192,295.8073,295.7028,295.6064,295.5191,295.4414,295.3741,295.3179,295.2735,295.2414,295.2222,295.2163,295.2239,295.2455,295.281,295.3307,295.3944,295.4723,295.5642,295.6701,295.79,295.9238,296.0716,296.2335,296.4096,296.6004,296.8066,297.0297,297.273,297.5484
359.0164,312.4163,311.8149,311.2433,310.6906,310.1539,309.6321,309.1245,308.6309,308.1511,307.685,307.2326,306.794,306.3692,305.9584,305.5614,305.1785,304.8095,304.4544,304.113,303.7851,303.4703,303.1683,302.8785,302.6004,302.3332,302.0764,301.8291,301.5907,301.3604,301.1376,300.9214,300.7113,300.5066,300.3069,300.1114,299.9199,299.7319,299.547,299.3649,299.1854,299.0081,298.8329,298.6597,298.4883,298.3187,298.1508,297.9846,297.8202,297.6577,297.4971,297.3386,297.1824,297.0287,296.8779,296.7301,296.5858,296.4455,296.3095,296.1784,296.0527,295.9331,295.8202,295.7147,295.6173,295.5288,295.4499,295.3813,295.3237,295.2777,295.2439,295.2229,295.215,295.2206,295.24,295.2732,295.3204,295.3815,295.4566,295.5456,295.6485,295.7651,295.8954,296.0394,296.1973,296.3691,296.5551,296.756,296.973,297.2088,297.4744
360.0137,312.3551,311.7638,311.1994,310.6525,310.1209,309.6036,309.1001,308.6102,308.1338,307.6709,307.2215,306.7857,306.3636,305.9551,305.5605,305.1797,304.8128,304.4595,304.1199,303.7936,303.4804,303.1798,302.8912,302.6142,302.3481,302.0922,301.8458,301.6081,301.3785,301.1563,300.9406,300.731,300.5268,300.3274,300.1323,299.9411,299.7533,299.5686,299.3866,299.2072,299.0299,298.8548,298.6816,298.5101,298.3404,298.1724,298.0061,297.8415,297.6787,297.5178,297.359,297.2024,297.0484,296.897,296.7488,296.604,296.463,296.3264,296.1946,296.0682,295.9478,295.834,295.7276,295.6292,295.5396,295.4595,295.3896,295.3305,295.283,295.2477,295.2249,295.2151,295.2187,295.2359,295.2668,295.3116,295.3702,295.4426,295.5287,295.6285,295.7419,295.8687,296.0091,296.1629,296.3304,296.5117,296.7072,296.9181,297.1465,297.4017
361.0109,312.2909,311.7102,311.1531,310.6122,310.0858,309.5731,309.0737,308.5876,308.1147,307.6551,307.2087,306.7758,306.3563,305.9504,305.5581,305.1796,304.8147,304.4634,304.1256,303.801,303.4893,303.1901,302.9028,302.627,302.362,302.1071,301.8616,301.6247,301.3959,301.1742,300.9592,300.7501,300.5464,300.3474,300.1527,299.9618,299.7743,299.5898,299.4081,299.2288,299.0517,298.8766,298.7034,298.532,298.3622,298.1941,298.0277,297.8629,297.6999,297.5388,297.3797,297.2229,297.0684,296.9167,296.768,296.6227,296.4812,296.344,296.2116,296.0845,295.9633,295.8487,295.7414,295.6421,295.5514,295.4701,295.3989,295.3386,295.2896,295.2526,295.2281,295.2166,295.2182,295.2333,295.262,295.3044,295.3604,295.4301,295.5134,295.6102,295.7204,295.8438,295.9805,296.1304,296.2936,296.4701,296.6604,296.8651,297.086,297.3305
362.0082,312.2239,311.6543,311.1047,310.5698,310.0486,309.5405,309.0454,308.5631,308.0938,307.6375,307.1942,306.7642,306.3474,305.9441,305.5542,305.1779,304.8152,304.4659,304.1299,303.8071,303.497,303.1992,302.9134,302.6388,302.3749,302.121,301.8765,301.6405,301.4124,301.1915,300.9771,300.7686,300.5654,300.3669,300.1726,299.9821,299.795,299.6108,299.4293,299.2502,299.0732,298.8983,298.7252,298.5538,298.384,298.2159,298.0494,297.8846,297.7214,297.5601,297.4008,297.2437,297.0889,296.9368,296.7878,296.642,296.5,296.3623,296.2293,296.1015,295.9797,295.8643,295.7561,295.6559,295.5642,295.4818,295.4094,295.3478,295.2974,295.2589,295.2327,295.2193,295.219,295.2321,295.2586,295.2986,295.3522,295.4193,295.4998,295.5936,295.7006,295.8207,295.9538,296.0998,296.2587,296.4305,296.6155,296.8141,297.0275,297.2608
363.0055,312.1543,311.5961,311.054,310.5253,310.0094,309.506,309.0151,308.5368,308.0711,307.6181,307.178,306.7509,306.3369,305.9362,305.5488,305.1748,304.8143,304.467,304.133,303.8119,303.5034,303.2072,302.9228,302.6495,302.3868,302.134,301.8905,301.6554,301.4282,301.208,300.9944,300.7865,300.5839,300.3859,300.1921,300.002,299.8152,299.6314,299.4502,299.2713,299.0946,298.9198,298.7469,298.5756,298.4059,298.2378,298.0713,297.9063,297.7431,297.5817,297.4222,297.2648,297.1098,296.9574,296.808,296.6619,296.5195,296.3812,296.2477,296.1193,295.9968,295.8807,295.7717,295.6706,295.5779,295.4945,295.421,295.3581,295.3063,295.2663,295.2385,295.2234,295.2212,295.2323,295.2566,295.2944,295.3456,295.4101,295.4879,295.5788,295.6827,295.7994,295.9289,296.071,296.2257,296.3929,296.5726,296.7651,296.9709,297.1929
364.0027,312.0823,311.5356,311.0012,310.4787,309.9681,309.4695,308.983,308.5086,308.0465,307.597,307.1601,306.736,306.3248,305.9268,305.5419,305.1703,304.812,304.4668,304.1347,303.8155,303.5087,303.2141,302.9311,302.6592,302.3977,302.1461,301.9036,301.6695,301.4431,301.2238,301.0109,300.8037,300.6017,300.4043,300.211,300.0214,299.8351,299.6516,299.4708,299.2922,299.1158,298.9412,298.7685,298.5973,298.4277,298.2597,298.0932,297.9283,297.765,297.6035,297.4438,297.2863,297.1311,296.9785,296.8287,296.6823,296.5395,296.4008,296.2667,296.1378,296.0147,295.8979,295.7882,295.6863,295.5927,295.5083,295.4336,295.3695,295.3164,295.275,295.2456,295.2288,295.2248,295.2339,295.2562,295.2917,295.3405,295.4025,295.4776,295.5656,295.6664,295.7799,295.9059,296.0442,296.1947,296.3573,296.5318,296.7181,296.9165,297.1271
365.0,312.0081,311.473,310.9463,310.4301,309.9249,309.4311,308.9489,308.4785,308.0202,307.5741,307.1404,306.7194,306.3111,305.9158,305.5335,305.1643,304.8082,304.4652,304.1351,303.8178,303.5128,303.2198,302.9383,302.6678,302.4076,302.1572,301.9158,301.6827,301.4573,301.2388,301.0267,300.8202,300.6189,300.4221,300.2295,300.0404,299.8545,299.6715,299.4911,299.3129,299.1367,298.9625,298.7899,298.619,298.4495,298.2816,298.1152,297.9503,297.787,297.6255,297.4658,297.3081,297.1528,296.9999,296.85,296.7032,296.5601,296.421,296.2865,296.1571,296.0334,295.916,295.8056,295.7028,295.6084,295.523,295.4473,295.382,295.3277,295.2848,295.254,295.2355,295.2298,295.237,295.2572,295.2905,295.337,295.3965,295.469,295.5542,295.652,295.7622,295.8847,296.0193,296.1656,296.3236,296.493,296.6733,296.8642,297.0635
