day,-81.4509,-75.1649,-70.8119,-67.2531,-64.1581,-61.3754,-58.8212,-56.4427,-54.2046,-52.0818,-50.0555,-48.1114,-46.2383,-44.427,-42.6702,-40.9618,-39.2965,-37.6699,-36.0782,-34.5181,-32.9867,-31.4814,-30.0,-28.5404,-27.1007,-25.6793,-24.2747,-22.8854,-21.5102,-20.1479,-18.7974,-17.4576,-16.1276,-14.8065,-13.4934,-12.1875,-10.8879,-9.5941,-8.3051,-7.0204,-5.7392,-4.4608,-3.1847,-1.9102,-0.6366,0.6366,1.9102,3.1847,4.4608,5.7392,7.0204,8.3051,9.5941,10.8879,12.1875,13.4934,14.8065,16.1276,17.4576,18.7974,20.1479,21.5102,22.8854,24.2747,25.6793,27.1007,28.5404,30.0,31.4814,32.9867,34.5181,36.0782,37.6699,39.2965,40.9618,42.6702,44.427,46.2383,48.1114,50.0555,52.0818,54.2046,56.4427,58.8212,61.3754,64.1581,67.2531,70.8119,75.1649,81.4509
1.0,275.6256,276.5127,277.3726,278.2433,279.127,280.0231,280.9379,281.8773,282.8445,283.8391,284.8574,285.8915,286.9318,287.9688,288.9937,289.9989,290.9782,291.9263,292.839,293.713,294.5459,295.3359,296.0816,296.7824,297.438,298.0481,298.6132,299.1336,299.6098,300.0425,300.4323,300.7798,301.0856,301.3505,301.575,301.7599,301.9056,302.0128,302.0819,302.1133,302.1074,302.0646,301.9851,301.8692,301.717,301.5287,301.3042,301.0436,300.7468,300.4135,300.0436,299.6366,299.1921,298.7093,298.1875,297.6256,297.0222,296.3757,295.684,294.9445,294.1542,293.3094,292.4054,291.4368,290.3974,289.2795,288.0746,286.7729,285.3636,283.8351,282.1754,280.373,278.4176,276.3022,274.0246,271.5898,269.1619,266.7379,264.3147,261.889,259.4571,257.015,254.5581,252.0809,249.5772,247.0387,244.455,241.8112,239.0836,236.2261
2.0,275.5312,276.4397,277.3159,278.2007,279.0968,280.0032,280.9265,281.8727,282.8448,283.8427,284.8628,285.8977,286.9381,287.9747,288.999,290.0035,290.982,291.9292,292.8411,293.7144,294.5466,295.336,296.0814,296.7819,297.4372,298.0472,298.6123,299.1328,299.6092,300.0423,300.4324,300.7803,301.0866,301.3519,301.577,301.7623,301.9086,302.0162,302.0858,302.1177,302.1123,302.0699,301.9909,301.8755,301.7237,301.5358,301.3117,301.0515,300.755,300.422,300.0524,299.6456,299.2012,298.7185,298.1967,297.6346,297.0308,296.3838,295.6913,294.9509,294.1594,293.3129,292.407,291.4363,290.3944,289.2737,288.066,286.7615,285.3497,283.8194,282.1591,280.3579,278.4062,276.2977,274.0312,271.6125,269.2002,266.7913,264.3828,261.9712,259.5531,257.1242,254.68,252.2152,249.7231,247.1958,244.6226,241.9886,239.2701,236.4208
3.0,275.4354,276.3649,277.2574,278.1563,279.0647,279.9817,280.9135,281.8664,282.8435,283.8449,284.8669,285.9026,286.9432,287.9795,289.0032,290.007,290.9847,291.9311,292.8423,293.7149,294.5465,295.3354,296.0803,296.7805,297.4356,298.0456,298.6107,299.1313,299.608,300.0413,300.4319,300.7802,301.087,301.3529,301.5784,301.7643,301.9111,302.0193,302.0894,302.1219,302.117,302.0751,301.9966,301.8816,301.7303,301.5429,301.3192,301.0594,300.7633,300.4307,300.0613,299.6548,299.2106,298.728,298.2061,297.6439,297.0399,296.3924,295.6992,294.9578,294.1651,293.3171,292.4095,291.4366,290.3923,289.2691,288.0586,286.7515,285.3375,283.8058,282.1452,280.3455,278.3979,276.2968,274.0416,271.6391,269.2426,266.849,264.4554,262.0583,259.6541,257.2388,254.8077,252.3554,249.8754,247.3597,244.7976,242.174,239.4653,236.6253
4.0,275.3383,276.2884,277.1971,278.1102,279.031,279.9584,280.8989,281.8586,282.8408,283.8457,284.8696,285.9063,286.9471,287.9831,289.0063,290.0094,290.9863,291.932,292.8425,293.7144,294.5454,295.3338,296.0783,296.7783,297.4332,298.0432,298.6083,299.1291,299.6061,300.0398,300.4308,300.7796,301.0869,301.3533,301.5794,301.7659,301.9133,302.0221,302.0928,302.1258,302.1214,302.0801,302.0021,301.8877,301.7369,301.5499,301.3268,301.0674,300.7717,300.4395,300.0705,299.6643,299.2203,298.7378,298.216,297.6536,297.0493,296.4014,295.7076,294.9653,294.1714,293.322,292.4126,291.4377,290.3911,289.2654,288.0525,286.7431,285.3271,283.7942,282.1338,280.336,278.3927,276.2992,274.0557,271.6696,269.289,266.911,264.5325,262.1501,259.7602,257.3587,254.9409,252.5016,250.0341,247.5304,244.9797,242.3672,239.6691,236.8396
5.0,275.24,276.2102,277.1351,278.0622,278.9955,279.9334,280.8827,281.8492,282.8366,283.8451,284.871,285.9087,286.9497,287.9856,289.0083,290.0108,290.987,291.932,292.8417,293.713,294.5435,295.3314,296.0756,296.7752,297.4301,298.04,298.6052,299.1262,299.6035,300.0376,300.4291,300.7784,301.0863,301.3532,301.58,301.7671,301.9151,302.0245,302.0958,302.1294,302.1256,302.0849,302.0075,301.8936,301.7434,301.5569,301.3343,301.0754,300.7802,300.4484,300.0798,299.6739,299.2302,298.7479,298.2261,297.6637,297.0592,296.4108,295.7164,294.9733,294.1783,293.3275,292.4164,291.4396,290.3909,289.2629,288.0477,286.7361,285.3185,283.7847,282.1247,280.3291,278.3906,276.3051,274.0735,271.7039,269.3394,266.9772,264.614,262.2465,259.8711,257.4837,255.0797,252.6536,250.199,247.7077,245.1691,242.5681,239.8814,237.0637
6.0,275.1406,276.1304,277.0713,278.0125,278.9582,279.9068,280.8648,281.8383,282.831,283.843,284.8711,285.9098,286.9511,287.9869,289.0091,290.011,290.9866,291.9309,292.84,293.7107,294.5406,295.3281,296.0719,296.7714,297.4261,298.0361,298.6014,299.1226,299.6002,300.0348,300.4267,300.7766,301.0851,301.3527,301.5801,301.7678,301.9165,302.0265,302.0985,302.1327,302.1296,302.0895,302.0127,301.8994,301.7498,301.5639,301.3418,301.0835,300.7888,300.4575,300.0893,299.6838,299.2403,298.7582,298.2366,297.6741,297.0694,296.4207,295.7257,294.9818,294.1858,293.3337,292.421,291.4424,290.3916,289.2615,288.0442,286.7307,285.3117,283.7773,282.118,280.325,278.3916,276.3143,274.0948,271.7419,269.3938,267.0475,264.6998,262.3475,259.9869,257.6139,255.2239,252.8114,250.37,247.8916,245.3655,242.7768,240.1023,237.2974
7.0,275.0401,276.049,277.0058,277.9611,278.9193,279.8786,280.8454,281.8259,282.8239,283.8396,284.8699,285.9096,286.9513,287.987,289.0089,290.0102,290.9852,291.9289,292.8373,293.7074,294.5369,295.3239,296.0675,296.7668,297.4214,298.0314,298.5969,299.1183,299.5963,300.0313,300.4238,300.7743,301.0833,301.3516,301.5797,301.7681,301.9174,302.0282,302.1008,302.1358,302.1333,302.0939,302.0177,301.9051,301.7561,301.5708,301.3494,301.0916,300.7975,300.4667,300.0989,299.6938,299.2507,298.7689,298.2473,297.6849,297.0801,296.431,295.7355,294.9909,294.1938,293.3405,292.4264,291.446,290.3933,289.2612,288.0419,286.7268,285.3066,283.7719,282.1137,280.3236,278.3955,276.3267,274.1196,271.7836,269.452,267.1218,264.79,262.4531,260.1075,257.7492,255.3735,252.9749,250.5472,248.082,245.5689,242.9931,240.3315,237.5408
8.0,274.9387,275.9661,276.9387,277.908,278.8788,279.8487,280.8243,281.8119,282.8153,283.8348,284.8673,285.9082,286.9503,287.9859,289.0075,290.0084,290.9827,291.9258,292.8336,293.7032,294.5322,295.3189,296.0622,296.7613,297.4159,298.0259,298.5916,299.1134,299.5917,300.0272,300.4202,300.7713,301.0811,301.35,301.5788,301.7679,301.918,302.0295,302.1029,302.1385,302.1368,302.0981,302.0226,301.9106,301.7623,301.5777,301.3569,301.0997,300.8062,300.4759,300.1087,299.704,299.2613,298.7797,298.2584,297.696,297.0911,296.4418,295.7458,295.0005,294.2025,293.348,292.4324,291.4504,290.396,289.2621,288.041,286.7244,285.3033,283.7686,282.1117,280.3248,278.4024,276.3425,274.1479,271.829,269.5141,267.2002,264.8843,262.5631,260.2328,257.8894,255.5283,253.1441,250.7303,248.2788,245.7793,243.2169,240.5692,237.7939
9.0,274.8364,275.8817,276.87,277.8533,278.8365,279.8172,280.8018,281.7965,282.8053,283.8286,284.8634,285.9055,286.9481,287.9837,289.005,290.0054,290.9792,291.9218,292.829,293.6981,294.5266,295.313,296.0561,296.755,297.4096,298.0197,298.5856,299.1077,299.5864,300.0224,300.4161,300.7678,301.0782,301.3479,301.5774,301.7673,301.9182,302.0304,302.1046,302.141,302.14,302.102,302.0273,301.916,301.7684,301.5845,301.3644,301.1079,300.8149,300.4853,300.1186,299.7144,299.2721,298.7909,298.2697,297.7074,297.1025,296.4529,295.7565,295.0105,294.2117,293.3561,292.4392,291.4557,290.3996,289.264,288.0414,286.7235,285.3017,283.7674,282.1121,280.3287,278.4123,276.3614,274.1796,271.8779,269.5799,267.2825,264.9828,262.6774,260.3626,258.0345,255.6883,253.3187,250.9193,248.482,245.9965,243.4483,240.8151,238.0569
10.0,274.7334,275.796,276.7997,277.797,278.7927,279.7841,280.7776,281.7796,282.7939,283.8211,284.8582,285.9015,286.9447,287.9804,289.0014,290.0014,290.9747,291.9167,292.8235,293.692,294.5202,295.3062,296.0491,296.7479,297.4025,298.0128,298.5789,299.1012,299.5805,300.017,300.4113,300.7637,301.0748,301.3453,301.5756,301.7663,301.9179,302.031,302.1059,302.1431,302.1429,302.1057,302.0318,301.9213,301.7744,301.5913,301.3718,301.116,300.8237,300.4947,300.1286,299.7249,299.2831,298.8022,298.2813,297.7192,297.1142,296.4644,295.7677,295.0211,294.2215,293.3648,292.4467,291.4618,290.4042,289.2671,288.0431,286.7242,285.302,283.7682,282.1148,280.3352,278.4251,276.3835,274.2148,271.9304,269.6493,267.3687,265.0854,262.796,260.497,258.1844,255.8534,253.4988,251.1141,248.6914,246.2205,243.687,241.0694,238.3294
11.0,274.6297,275.7089,276.7278,277.739,278.7472,279.7495,280.752,281.7611,282.781,283.8122,284.8517,285.8963,286.9401,287.9759,288.9968,289.9964,290.9692,291.9107,292.817,293.6851,294.5128,295.2986,296.0412,296.74,297.3946,298.005,298.5714,299.0941,299.5738,300.0109,300.4058,300.759,301.0709,301.3421,301.5732,301.7647,301.9172,302.0311,302.1069,302.1449,302.1456,302.1092,302.036,301.9264,301.7803,301.5979,301.3792,301.1242,300.8326,300.5042,300.1388,299.7356,299.2943,298.8138,298.2932,297.7312,297.1263,296.4764,295.7793,295.0322,294.2318,293.3742,292.4549,291.4688,290.4098,289.2713,288.0461,286.7264,285.304,283.771,282.1198,280.3444,278.4407,276.4087,274.2532,271.9863,269.7225,267.4587,265.1919,262.9189,260.6359,258.339,256.0235,253.6842,251.3147,248.907,246.4512,243.9331,241.3318,238.6113
12.0,274.5253,275.6204,276.6545,277.6795,278.7002,279.7133,280.7248,281.7413,282.7667,283.8019,284.8439,285.8899,286.9343,287.9703,288.991,289.9902,290.9627,291.9037,292.8095,293.6772,294.5046,295.2901,296.0325,296.7313,297.3859,297.9965,298.5631,299.0863,299.5665,300.0042,300.3998,300.7536,301.0663,301.3384,301.5703,301.7628,301.9161,302.0309,302.1075,302.1464,302.1479,302.1124,302.0401,301.9313,301.786,301.6045,301.3866,301.1323,300.8415,300.5138,300.149,299.7465,299.3056,298.8256,298.3054,297.7436,297.1387,296.4887,295.7913,295.0437,294.2427,293.3842,292.4639,291.4766,290.4163,289.2766,288.0504,286.7301,285.3078,283.7758,282.1271,280.3561,278.4592,276.4371,274.295,272.0457,269.7992,267.5524,265.3024,263.0459,260.7792,258.4983,256.1986,253.8749,251.5209,249.1287,246.6884,244.1864,241.6022,238.9023
13.0,274.4203,275.5308,276.5797,277.6185,278.6517,279.6755,280.6961,281.7199,282.751,283.7903,284.8348,285.8822,286.9273,287.9635,288.9841,289.9831,290.9551,291.8957,292.801,293.6683,294.4954,295.2807,296.023,296.7217,297.3764,297.9872,298.5541,299.0777,299.5585,299.9968,300.3931,300.7477,301.0612,301.3341,301.567,301.7603,301.9145,302.0302,302.1078,302.1476,302.15,302.1154,302.044,301.936,301.7916,301.6109,301.3939,301.1404,300.8504,300.5235,300.1593,299.7575,299.3172,298.8376,298.3177,297.7562,297.1514,296.5014,295.8038,295.0558,294.2541,293.3949,292.4736,291.4852,290.4238,289.2831,288.0561,286.7353,285.3133,283.7827,282.1368,280.3703,278.4806,276.4684,274.34,272.1084,269.8794,267.6498,265.4168,263.177,260.9267,258.6621,256.3785,254.0708,251.7326,249.3564,246.9322,244.4468,241.8805,239.2024
14.0,274.3148,275.4399,276.5035,277.556,278.6016,279.6363,280.666,281.6971,282.734,283.7773,284.8244,285.8733,286.9192,287.9556,288.9761,289.9748,290.9465,291.8867,292.7916,293.6586,294.4854,295.2704,296.0126,296.7113,297.3662,297.9771,298.5444,299.0684,299.5497,299.9887,300.3858,300.7412,301.0556,301.3294,301.5631,301.7573,301.9125,302.0292,302.1077,302.1484,302.1518,302.1181,302.0476,301.9406,301.7971,301.6173,301.4011,301.1485,300.8592,300.5331,300.1697,299.7685,299.3289,298.8498,298.3304,297.7691,297.1645,296.5145,295.8167,295.0683,294.2661,293.4062,292.484,291.4946,290.4323,289.2907,288.063,286.7421,285.3206,283.7916,282.1486,280.3871,278.5047,276.5028,274.3882,272.1745,269.963,267.7509,265.535,263.3121,261.0785,258.8304,256.5632,254.2718,251.9499,249.59,247.1824,244.7142,242.1667,239.5116
15.0,274.209,275.3479,276.4259,277.492,278.55,279.5955,280.6343,281.6729,282.7155,283.763,284.8127,285.8632,286.9099,287.9465,288.967,289.9655,290.9369,291.8767,292.7813,293.6479,294.4744,295.2593,296.0014,296.7001,297.3551,297.9663,298.5339,299.0584,299.5403,299.98,300.3778,300.7341,301.0493,301.324,301.5587,301.7539,301.9101,302.0277,302.1072,302.1489,302.1533,302.1205,302.051,301.9449,301.8024,301.6235,301.4082,301.1565,300.8681,300.5428,300.1802,299.7797,299.3407,298.8622,298.3432,297.7823,297.1779,296.5279,295.83,295.0813,294.2786,293.4181,292.4952,291.5049,290.4417,289.2994,288.0713,286.7504,285.3296,283.8024,282.1628,280.4064,278.5315,276.5402,274.4395,272.2438,270.0501,267.8555,265.6569,263.4511,261.2345,259.0032,256.7526,254.4778,252.1725,249.8293,247.4389,244.9885,242.4605,239.8296
16.0,274.1027,275.2549,276.347,277.4266,278.497,279.5533,280.6013,281.6473,282.6957,283.7474,284.7998,285.8519,286.8994,287.9364,288.9569,289.9552,290.9263,291.8657,292.77,293.6363,294.4625,295.2472,295.9893,296.6881,297.3432,297.9547,298.5227,299.0477,299.5302,299.9706,300.3692,300.7263,301.0425,301.3181,301.5538,301.75,301.9072,302.0258,302.1064,302.1491,302.1544,302.1227,302.0542,301.9491,301.8075,301.6296,301.4153,301.1645,300.877,300.5526,300.1908,299.791,299.3527,298.8748,298.3563,297.7958,297.1916,296.5417,295.8437,295.0948,294.2917,293.4306,292.507,291.5161,290.4522,289.3093,288.0808,286.7602,285.3404,283.8153,282.1791,280.4282,278.5611,276.5805,274.4939,272.3164,270.1405,267.9636,265.7825,263.594,261.3945,259.1802,256.9466,254.6887,252.4004,250.0744,247.7015,245.2696,242.762,240.1564
17.0,273.9961,275.1607,276.2669,277.3597,278.4425,279.5097,280.5668,281.6203,282.6745,283.7305,284.7856,285.8393,286.8877,287.9251,288.9457,289.9438,290.9146,291.8538,292.7577,293.6238,294.4498,295.2344,295.9764,296.6752,297.3305,297.9423,298.5107,299.0362,299.5194,299.9605,300.3599,300.718,301.0351,301.3117,301.5484,301.7456,301.9038,302.0235,302.1051,302.1489,302.1553,302.1246,302.0571,301.953,301.8125,301.6356,301.4223,301.1724,300.8859,300.5623,300.2014,299.8024,299.3648,298.8876,298.3696,297.8095,297.2055,296.5558,295.8578,295.1087,294.3053,293.4437,292.5196,291.528,290.4636,289.3202,288.0917,286.7715,285.3529,283.8301,282.1977,280.4524,278.5934,276.6237,274.5514,272.3921,270.2342,268.0751,265.9117,263.7406,261.5586,259.3615,257.1452,254.9045,252.6335,250.3251,247.9703,245.5574,243.0708,240.4916
18.0,273.8893,275.0657,276.1854,277.2916,278.3866,279.4646,280.5309,281.5919,282.652,283.7123,284.7702,285.8256,286.8749,287.9127,288.9334,289.9314,290.902,291.8409,292.7446,293.6103,294.4362,295.2206,295.9626,296.6615,297.3171,297.9291,298.498,299.024,299.5079,299.9498,300.35,300.709,301.027,301.3047,301.5424,301.7407,301.9,302.0208,302.1035,302.1484,302.1558,302.1262,302.0598,301.9568,301.8173,301.6414,301.4291,301.1803,300.8947,300.5721,300.212,299.8139,299.3771,298.9005,298.3831,297.8234,297.2198,296.5702,295.8723,295.1231,294.3195,293.4575,292.5329,291.5409,290.4759,289.3323,288.1039,286.7843,285.3672,283.8468,282.2185,280.4791,278.6283,276.6697,274.6119,272.4709,270.3312,268.19,266.0444,263.891,261.7265,259.547,257.3481,255.1249,252.8716,250.5812,248.245,245.8518,243.387,240.8352
19.0,273.7823,274.9697,276.1028,277.222,278.3293,279.4181,280.4936,281.5622,282.6282,283.6928,284.7535,285.8106,286.8609,287.8992,288.92,289.918,290.8884,291.827,292.7304,293.596,294.4216,295.206,295.948,296.6471,297.3028,297.9152,298.4845,299.0111,299.4956,299.9384,300.3395,300.6994,301.0185,301.2972,301.536,301.7353,301.8958,302.0177,302.1014,302.1474,302.156,302.1275,302.0622,301.9603,301.8219,301.6471,301.4359,301.1881,300.9035,300.5819,300.2227,299.8255,299.3894,298.9135,298.3967,297.8376,297.2344,296.585,295.8872,295.138,294.3342,293.4719,292.5469,291.5545,290.4893,289.3456,288.1174,286.7986,285.3831,283.8655,282.2414,280.5082,278.6659,276.7186,274.6754,272.5528,270.4313,268.3082,266.1806,264.0451,261.8983,259.7365,257.5554,255.3501,253.1148,250.8427,248.5255,246.1525,243.7103,241.187
20.0,273.6751,274.8728,276.019,277.1512,278.2707,279.3702,280.4549,281.5311,282.603,283.672,284.7356,285.7945,286.8458,287.8846,288.9056,289.9035,290.8737,291.8122,292.7154,293.5807,294.4062,295.1905,295.9326,296.6317,297.2877,297.9005,298.4703,298.9975,299.4827,299.9263,300.3283,300.6892,301.0093,301.289,301.5289,301.7295,301.891,302.0141,302.099,302.1462,302.1559,302.1286,302.0644,301.9636,301.8264,301.6527,301.4425,301.1958,300.9123,300.5917,300.2335,299.8371,299.4019,298.9267,298.4106,297.852,297.2492,296.6002,295.9025,295.1533,294.3493,293.4869,292.5617,291.5689,290.5036,289.3599,288.1322,286.8144,285.4007,283.8861,282.2665,280.5396,278.706,276.7702,274.7418,272.6377,270.5346,268.4297,266.3201,264.2027,262.0739,259.9301,257.7669,255.5797,253.3628,251.1095,248.8118,246.4596,244.0407,241.5467
21.0,273.5678,274.7751,275.9341,277.0792,278.2107,279.321,280.4149,281.4986,282.5766,283.65,284.7165,285.7772,286.8296,287.8689,288.8901,289.888,290.8581,291.7964,292.6993,293.5645,294.3899,295.1742,295.9163,296.6156,297.2719,297.885,298.4553,298.9832,299.4691,299.9135,300.3165,300.6783,300.9995,301.2804,301.5214,301.7231,301.8858,302.0101,302.0962,302.1445,302.1554,302.1293,302.0663,301.9667,301.8306,301.6581,301.4491,301.2034,300.921,300.6014,300.2442,299.8488,299.4144,298.9401,298.4246,297.8666,297.2643,296.6156,295.9181,295.169,294.365,293.5025,292.5771,291.5842,290.5188,289.3754,288.1482,286.8316,285.4201,283.9087,282.2937,280.5734,278.7487,276.8246,274.8111,272.7255,270.6409,268.5543,266.463,264.3638,262.2532,260.1275,257.9826,255.8138,253.6156,251.3815,249.1038,246.7729,244.3779,241.9143
22.0,273.452,274.6764,275.8481,277.0059,278.1494,279.2704,280.3735,281.4649,282.5489,283.6267,284.6962,285.7588,286.8122,287.8521,288.8735,289.8715,290.8415,291.7796,292.6824,293.5474,294.3727,295.157,295.8992,296.5987,297.2552,297.8688,298.4396,298.9681,299.4548,299.9001,300.304,300.6669,300.9891,301.2711,301.5133,301.7162,301.8801,302.0056,302.0929,302.1425,302.1546,302.1297,302.0679,301.9695,301.8346,301.6633,301.4554,301.211,300.9296,300.6111,300.255,299.8605,299.4271,298.9536,298.4388,297.8815,297.2796,296.6313,295.9341,295.1852,294.3813,293.5187,292.5932,291.6003,290.535,289.3919,288.1656,286.8504,285.4411,283.9331,282.323,280.6095,278.7939,276.8818,274.8837,272.8184,270.7515,268.683,266.6097,264.5286,262.4362,260.3289,258.2024,256.0523,253.8731,251.6585,249.4012,247.0922,244.7219,242.2895
23.0,273.3219,274.5764,275.761,276.9314,278.0868,279.2186,280.3308,281.4298,282.5198,283.6022,284.6746,285.7391,286.7937,287.8343,288.856,289.854,290.8239,291.7619,292.6646,293.5294,294.3547,295.1389,295.8812,296.5809,297.2378,297.8518,298.4232,298.9523,299.4398,299.8859,300.2909,300.6548,300.9782,301.2613,301.5047,301.7088,301.874,302.0007,302.0893,302.1401,302.1535,302.1298,302.0693,301.9721,301.8385,301.6683,301.4617,301.2184,300.9382,300.6208,300.2657,299.8723,299.4398,298.9671,298.4532,297.8965,297.2952,296.6474,295.9505,295.2018,294.398,293.5354,292.61,291.6172,290.5522,289.4096,288.1842,286.8706,285.4637,283.9594,282.3544,280.6479,278.8417,276.9418,274.9596,272.9147,270.8658,268.8153,266.7601,264.6972,262.6231,260.5342,258.4264,256.2951,254.1351,251.9405,249.704,247.4174,245.0724,242.672
24.0,273.1717,274.4745,275.6728,276.8557,278.023,279.1654,280.2869,281.3935,282.4896,283.5765,284.6519,285.7184,286.7741,287.8153,288.8373,289.8355,290.8054,291.7432,292.6458,293.5106,294.3358,295.12,295.8624,296.5624,297.2196,297.834,298.406,298.9358,299.4241,299.8712,300.2771,300.6421,300.9666,301.251,301.4956,301.7009,301.8673,301.9953,302.0852,302.1373,302.152,302.1296,302.0704,301.9745,301.8421,301.6732,301.4678,301.2257,300.9467,300.6305,300.2765,299.8841,299.4526,298.9808,298.4677,297.9117,297.3111,296.6637,295.9672,295.2188,294.4152,293.5528,292.6275,291.635,290.5703,289.4284,288.2041,286.8922,285.488,283.9875,282.3879,280.6887,278.8921,277.0047,275.0385,273.0139,270.9832,268.9509,266.914,264.8694,262.8137,260.7433,258.6543,256.5421,254.4017,252.2273,250.012,247.7483,245.4293,243.0617
25.0,272.9889,274.3699,275.5835,276.7789,277.958,279.111,280.2416,281.3559,282.4581,283.5495,284.6281,285.6965,286.7534,287.7953,288.8177,289.816,290.7859,291.7237,292.6261,293.4908,294.316,295.1003,295.8428,296.543,297.2006,297.8155,298.388,298.9186,299.4077,299.8557,300.2626,300.6288,300.9545,301.24,301.4859,301.6925,301.8602,301.9895,302.0807,302.1342,302.1502,302.1291,302.0711,301.9766,301.8455,301.6779,301.4737,301.2329,300.9552,300.6401,300.2872,299.8959,299.4654,298.9946,298.4824,297.9271,297.3272,296.6804,295.9843,295.2362,294.4329,293.5708,292.6457,291.6535,290.5893,289.4482,288.2252,286.9153,285.514,284.0175,282.4235,280.7317,278.945,277.0703,275.1203,273.1156,271.1035,269.0896,267.0711,265.045,263.0079,260.9562,258.8862,256.7934,254.6728,252.5189,250.3252,248.0849,245.7925,243.4585
26.0,272.74,274.2609,275.4929,276.701,277.8918,279.0553,280.1951,281.317,282.4253,283.5213,284.603,285.6734,286.7317,287.7743,288.797,289.7954,290.7654,291.7031,292.6055,293.4701,294.2953,295.0797,295.8224,296.5229,297.1808,297.7962,298.3693,298.9006,299.3906,299.8396,300.2476,300.6149,300.9417,301.2285,301.4757,301.6836,301.8526,301.9833,302.0758,302.1306,302.148,302.1282,302.0716,301.9784,301.8486,301.6824,301.4795,301.24,300.9635,300.6496,300.298,299.9078,299.4783,299.0085,298.4972,297.9427,297.3435,296.6973,296.0018,295.2541,294.4511,293.5893,292.6646,291.6728,290.6093,289.4692,288.2476,286.9398,285.5415,284.0493,282.4611,280.777,279.0003,277.1386,275.2048,273.2199,271.2263,269.2311,267.2312,265.2237,263.2054,261.1727,259.1219,257.0486,254.9481,252.8151,250.6434,248.427,246.1617,243.8619
27.0,272.2269,274.1399,275.4004,276.6219,277.8244,278.9985,280.1474,281.277,282.3914,283.492,284.5768,285.6493,286.7088,287.7522,288.7754,289.774,290.7439,291.6817,292.584,293.4486,294.2738,295.0583,295.8012,296.5019,297.1602,297.7762,298.3499,298.882,299.3728,299.8228,300.2319,300.6003,300.9284,301.2164,301.4649,301.6741,301.8446,301.9766,302.0705,302.1267,302.1454,302.127,302.0718,301.98,301.8516,301.6867,301.4852,301.2469,300.9717,300.6591,300.3087,299.9197,299.4913,299.0225,298.5121,297.9585,297.36,296.7145,296.0195,295.2723,294.4698,293.6084,292.6842,291.693,290.6302,289.4912,288.2712,286.9657,285.5707,284.0829,282.5007,280.8246,279.0581,277.2094,275.2918,273.3264,271.3517,269.3752,267.3942,265.4056,263.4062,261.3927,259.3612,257.3078,255.2277,253.1158,250.9665,248.7744,246.5369,244.2717
28.0,271.4593,274.0003,275.3052,276.5415,277.7559,278.9404,280.0985,281.2357,282.3562,283.4615,284.5495,285.6241,286.6849,287.7291,288.7527,289.7515,290.7216,291.6593,292.5616,293.4262,294.2514,295.036,295.7791,296.4802,297.1389,297.7554,298.3298,298.8626,299.3544,299.8053,300.2155,300.5851,300.9144,301.2038,301.4536,301.6642,301.836,301.9694,302.0647,302.1223,302.1425,302.1255,302.0717,301.9813,301.8543,301.6908,301.4906,301.2538,300.9799,300.6686,300.3193,299.9315,299.5043,299.0366,298.5271,297.9744,297.3767,296.7319,296.0376,295.291,294.489,293.6281,292.7044,291.7139,290.652,289.5143,288.2961,286.9931,285.6015,284.1184,282.5423,280.8743,279.1183,277.2827,275.3812,273.435,271.4794,269.5219,267.5598,265.5903,263.6101,261.6159,259.6041,257.5707,255.5112,253.4208,251.2944,249.127,246.9177,244.6879
29.0,270.8744,273.8491,275.207,276.4598,277.6862,278.8812,280.0484,281.1932,282.3199,283.4298,284.521,285.5977,286.6599,287.705,288.729,289.7281,290.6982,291.636,292.5383,293.4029,294.2282,295.013,295.7563,296.4576,297.1168,297.7338,298.3089,298.8425,299.3352,299.7872,300.1985,300.5693,300.8999,301.1906,301.4417,301.6537,301.827,301.9618,302.0586,302.1176,302.1392,302.1237,302.0713,301.9823,301.8567,301.6946,301.4959,301.2604,300.9879,300.6779,300.33,299.9434,299.5173,299.0507,298.5423,297.9905,297.3937,296.7496,296.056,295.31,294.5086,293.6483,292.7253,291.7356,290.6748,289.5384,288.3222,287.0218,285.6338,284.1556,282.5859,280.9262,279.1808,277.3584,275.473,273.5458,271.6093,269.671,267.7281,265.7777,263.8169,261.8423,259.8504,257.8373,255.7987,253.7301,251.6268,249.4846,247.3041,245.11
30.0,270.4168,273.691,275.1057,276.3767,277.6153,278.8209,279.9971,281.1496,282.2824,283.397,284.4914,285.5703,286.6339,287.6798,288.7044,289.7037,290.674,291.6118,292.5141,293.3788,294.2042,294.9891,295.7326,296.4343,297.094,297.7115,298.2873,298.8217,299.3154,299.7684,300.1809,300.5529,300.8848,301.1768,301.4293,301.6428,301.8174,301.9537,302.052,302.1125,302.1355,302.1215,302.0706,301.9831,301.859,301.6983,301.501,301.267,300.9958,300.6872,300.3406,299.9552,299.5304,299.0649,298.5575,298.0068,297.4108,296.7676,296.0747,295.3295,294.5287,293.6691,292.7469,291.7581,290.6984,289.5636,288.3495,287.052,285.6678,284.1945,282.6315,280.9802,279.2455,277.4364,275.567,273.6585,271.7413,269.8223,267.8987,265.9678,264.0265,262.0717,260.0999,258.1073,256.0899,254.0435,251.9636,249.847,247.6958,245.5379
31.0,270.0481,273.5292,275.0014,276.292,277.5433,278.7594,279.9447,281.1048,282.2438,283.3631,284.4608,285.5418,286.6069,287.6536,288.6788,289.6784,290.6488,291.5867,292.4891,293.3538,294.1793,294.9643,295.7082,296.4102,297.0703,297.6885,298.265,298.8003,299.2948,299.749,300.1626,300.5359,300.8691,301.1625,301.4164,301.6313,301.8074,301.9452,302.0449,302.1069,302.1315,302.119,302.0696,301.9835,301.8609,301.7018,301.506,301.2733,301.0036,300.6964,300.3511,299.9671,299.5434,299.0791,298.5729,298.0232,297.4282,296.7858,296.0938,295.3493,294.5493,293.6905,292.7691,291.7813,290.723,289.5899,288.378,287.0834,285.7032,284.2352,282.6789,281.0363,279.3124,277.5166,275.6632,273.7731,271.8754,269.9758,268.0717,266.1603,264.2388,262.3039,260.3524,258.3807,256.3848,254.3607,252.3047,250.2142,248.0927,245.9712
32.0,269.7364,273.3469,274.8933,276.2057,277.4701,278.6967,279.8911,281.0588,282.204,283.328,284.429,285.5123,286.5788,287.6265,288.6522,289.6521,290.6228,291.5608,292.4632,293.328,294.1536,294.9388,295.6829,296.3854,297.046,297.6648,298.242,298.7781,299.2737,299.7289,300.1437,300.5183,300.8528,301.1476,301.403,301.6193,301.7969,301.9362,302.0375,302.101,302.1271,302.1161,302.0683,301.9837,301.8627,301.705,301.5107,301.2795,301.0113,300.7055,300.3616,299.9789,299.5565,299.0934,298.5883,298.0397,297.4457,296.8043,296.1131,295.3695,294.5703,293.7123,292.792,291.8053,290.7484,289.6171,288.4076,287.1163,285.7402,284.2776,282.7283,281.0944,279.3814,277.5989,275.7613,273.8894,272.0112,270.1312,268.2468,266.3552,264.4536,262.5389,260.6079,258.6572,256.6831,254.6817,252.6499,250.5858,248.4945,246.4097
33.0,269.4546,273.1278,274.7798,276.1176,277.3957,278.633,279.8364,281.0118,282.1631,283.2919,284.3962,285.4817,286.5497,287.5984,288.6246,289.6249,290.5958,291.5339,292.4364,293.3013,294.127,294.9125,295.6569,296.3598,297.0209,297.6403,298.2183,298.7552,299.2518,299.7081,300.1242,300.5,300.8359,301.1321,301.3889,301.6068,301.7859,301.9267,302.0296,302.0946,302.1223,302.1129,302.0666,301.9837,301.8641,301.708,301.5152,301.2856,301.0188,300.7144,300.372,299.9906,299.5696,299.1078,298.6039,298.0563,297.4634,296.823,296.1328,295.39,294.5918,293.7348,292.8155,291.8301,290.7747,289.6454,288.4385,287.1505,285.7787,284.3217,282.7794,281.1545,279.4525,277.6834,275.8614,274.0073,272.1489,270.2886,268.4239,266.5523,264.6707,262.7764,260.8662,258.9368,256.9846,255.0063,252.999,250.9617,248.9011,246.853
34.0,269.1755,272.8435,274.6579,276.0273,277.32,278.5682,279.7807,280.9636,282.1212,283.2547,284.3623,285.4501,286.5196,287.5692,288.5961,289.5968,290.5679,291.5062,292.4088,293.2738,294.0997,294.8854,295.6301,296.3334,296.995,297.6151,298.1938,298.7317,299.2293,299.6867,300.104,300.4812,300.8185,301.1161,301.3744,301.5937,301.7744,301.9168,302.0212,302.0879,302.1172,302.1093,302.0646,301.9833,301.8653,301.7108,301.5196,301.2915,301.0262,300.7233,300.3823,300.0024,299.5827,299.1222,298.6195,298.0731,297.4813,296.8419,296.1527,295.4109,294.6137,293.7577,292.8396,291.8556,290.8019,289.6748,288.4705,287.186,285.8188,284.3674,282.8324,281.2165,279.5256,277.7698,275.9634,274.1271,272.2883,270.4479,268.6031,266.7515,264.8902,263.0164,261.1272,259.2192,257.2893,255.3343,253.3518,251.3417,249.3122,247.3008
35.0,268.8458,272.3729,274.5181,275.9336,277.243,278.5023,279.7239,280.9144,282.0781,283.2164,284.3274,285.4175,286.4885,287.5392,288.5667,289.5678,290.5391,291.4776,292.3803,293.2455,294.0715,294.8575,295.6025,296.3062,296.9684,297.5892,298.1687,298.7074,299.2061,299.6647,300.0832,300.4617,300.8004,301.0995,301.3593,301.5802,301.7625,301.9065,302.0125,302.0808,302.1116,302.1054,302.0623,301.9826,301.8663,301.7133,301.5237,301.2972,301.0335,300.7321,300.3925,300.0141,299.5958,299.1366,298.6352,298.09,297.4993,296.8611,296.1729,295.4322,294.636,293.7812,292.8644,291.8818,290.83,289.7051,288.5037,287.2228,285.8602,284.4148,282.8872,281.2804,279.6007,277.8581,276.0673,274.2486,272.4296,270.609,268.7842,266.9527,265.1118,263.2588,261.3906,259.5044,257.597,255.6656,253.7082,251.7257,249.7277,247.7528
36.0,268.3802,271.5471,274.3426,275.8344,277.1642,278.4352,279.666,280.8641,282.034,283.1771,284.2914,285.3838,286.4565,287.5082,288.5364,289.5379,290.5095,291.4481,292.351,293.2163,294.0426,294.8288,295.5742,296.2784,296.9411,297.5625,298.1428,298.6825,299.1822,299.642,300.0618,300.4417,300.7818,301.0824,301.3437,301.5662,301.75,301.8956,302.0033,302.0732,302.1057,302.1011,302.0597,301.9816,301.8669,301.7156,301.5276,301.3027,301.0406,300.7408,300.4027,300.0257,299.6088,299.151,298.6509,298.107,297.5175,296.8805,296.1934,295.4538,294.6588,293.8052,292.8897,291.9088,290.8589,289.7364,288.538,287.261,285.9032,284.4638,282.9437,281.3461,279.6776,277.9484,276.173,274.372,272.5727,270.772,268.9672,267.1559,265.3355,263.5033,261.6565,259.7921,257.9074,255.9999,254.068,252.1134,250.1473,248.2088
37.0,267.902,271.0169,274.1526,275.7293,277.0833,278.3669,279.607,280.8128,281.9889,283.1367,284.2544,285.3492,286.4234,287.4762,288.5051,289.5071,290.479,291.4178,292.3209,293.1864,294.0129,294.7994,295.5451,296.2498,296.9131,297.5352,298.1163,298.657,299.1577,299.6187,300.0398,300.421,300.7626,301.0647,301.3276,301.5516,301.7371,301.8844,301.9936,302.0652,302.0994,302.0965,302.0568,301.9804,301.8673,301.7177,301.5313,301.3081,301.0475,300.7493,300.4128,300.0373,299.6219,299.1655,298.6667,298.1241,297.5359,296.9,296.2142,295.4758,294.682,293.8298,292.9157,291.9365,290.8886,289.7687,288.5735,287.3004,285.9475,284.5143,283.0019,281.4137,279.7564,278.0405,276.2806,274.4971,272.7176,270.9367,269.152,267.3611,265.5613,263.75,261.9246,260.0823,258.2206,256.3371,254.431,252.5047,250.5707,248.6683
38.0,267.4538,270.6243,273.9572,275.6188,277.0003,278.2973,279.547,280.7605,281.9427,283.0953,284.2165,285.3136,286.3895,287.4433,288.473,289.4754,290.4476,291.3867,292.29,293.1556,293.9824,294.7692,295.5153,296.2204,296.8843,297.5072,298.0891,298.6307,299.1326,299.5948,300.0172,300.3998,300.7428,301.0465,301.3109,301.5366,301.7237,301.8726,301.9836,302.0569,302.0928,302.0916,302.0535,301.9788,301.8675,301.7195,301.5349,301.3132,301.0543,300.7577,300.4228,300.0488,299.6349,299.1799,298.6826,298.1413,297.5544,296.9198,296.2352,295.4981,294.7056,293.8548,292.9423,291.965,290.9193,289.8019,288.61,287.341,285.9933,284.5664,283.0617,281.483,279.837,278.1344,276.3899,274.6236,272.8623,271.102,269.3379,267.5676,265.7886,263.9986,262.1948,260.3748,258.5362,256.6771,254.797,252.8992,250.9977,249.1311
39.0,267.0464,270.3013,273.7607,275.5035,276.9149,278.2264,279.4859,280.7071,281.8956,283.0529,284.1775,285.2771,286.3546,287.4095,288.4399,289.4429,290.4154,291.3548,292.2583,293.1241,293.9511,294.7382,295.4848,296.1904,296.8549,297.4784,298.0613,298.6038,299.1068,299.5702,299.994,300.378,300.7225,301.0277,301.2938,301.521,301.7098,301.8604,301.9731,302.0481,302.0857,302.0862,302.0499,301.9769,301.8673,301.7211,301.5381,301.3182,301.061,300.766,300.4327,300.0603,299.6479,299.1944,298.6985,298.1587,297.5731,296.9398,296.2565,295.5207,294.7297,293.8803,292.9696,291.9941,290.9507,289.8362,288.6477,287.3829,286.0404,284.62,283.1232,281.554,279.9194,278.23,276.5006,274.7509,273.0063,271.2672,269.5241,267.7749,266.0172,264.2486,262.4668,260.6694,258.8541,257.0196,255.1658,253.2968,251.428,249.597
40.0,266.6788,270.0175,273.5652,275.3841,276.8272,278.1541,279.4237,280.6527,281.8474,283.0096,284.1376,285.2396,286.3187,287.3749,288.406,289.4095,290.3824,291.322,292.2257,293.0918,293.9191,294.7065,295.4535,296.1596,296.8248,297.449,298.0327,298.5763,299.0804,299.5451,299.9701,300.3556,300.7016,301.0084,301.2761,301.505,301.6955,301.8478,301.9622,302.0389,302.0783,302.0806,302.046,301.9748,301.8669,301.7224,301.5412,301.323,301.0675,300.7742,300.4425,300.0717,299.6609,299.2089,298.7145,298.1761,297.5919,296.96,296.2781,295.5437,294.7541,293.9063,292.9973,292.0239,290.9829,289.8713,288.6864,287.426,286.0889,284.675,283.1863,281.6267,280.0034,278.3273,276.6127,274.8791,273.1508,271.4329,269.711,267.983,266.2468,264.5,262.7403,260.9657,259.1741,257.3644,255.5372,253.6972,251.8613,250.0657
41.0,266.3449,269.7532,273.3572,275.2603,276.7371,278.0804,279.3604,280.5973,281.7982,282.9652,284.0967,285.2011,286.282,287.3393,288.3712,289.3752,290.3485,291.2884,292.1924,293.0587,293.8863,294.6741,295.4215,296.1281,296.7939,297.419,298.0035,298.5481,299.0533,299.5193,299.9457,300.3327,300.6802,300.9885,301.2578,301.4885,301.6807,301.8347,301.9509,302.0294,302.0705,302.0745,302.0418,301.9723,301.8662,301.7235,301.5441,301.3276,301.0738,300.7822,300.4522,300.083,299.6738,299.2234,298.7305,298.1935,297.6108,296.9804,296.2999,295.567,294.7789,293.9328,293.0257,292.0545,291.016,289.9074,288.7262,287.4703,286.1387,284.7316,283.2509,281.7009,280.089,278.426,276.7261,275.0083,273.296,271.5992,269.8986,268.192,266.4774,264.7525,263.0152,261.2636,259.4959,257.7113,255.9109,254.1003,252.2974,250.5369
42.0,266.0341,269.4871,273.1074,275.1293,276.6443,278.0052,279.296,280.5409,281.7481,282.92,284.0549,285.1618,286.2444,287.3028,288.3356,289.3402,290.3139,291.2541,292.1583,293.0249,293.8527,294.6409,295.3887,296.096,296.7624,297.3882,297.9737,298.5193,299.0257,299.4929,299.9207,300.3091,300.6582,300.9681,301.2391,301.4714,301.6654,301.8212,301.9391,302.0194,302.0623,302.0682,302.0372,301.9695,301.8653,301.7244,301.5467,301.332,301.0799,300.7901,300.4618,300.0943,299.6867,299.2379,298.7465,298.2111,297.6299,297.0009,296.322,295.5906,294.8041,293.9598,293.0547,292.0857,291.0499,289.9444,288.767,287.5158,286.1898,284.7895,283.317,281.7768,280.1762,278.5262,276.8407,275.1384,273.4421,271.7663,270.0869,268.4017,266.7088,265.006,263.2913,261.5629,259.8193,258.06,256.2866,254.5056,252.736,251.0102
43.0,265.7323,269.1946,272.7811,274.9864,276.5481,277.9283,279.2305,280.4836,281.6971,282.8737,284.0122,285.1215,286.2058,287.2655,288.2991,289.3043,290.2784,291.219,292.1235,292.9904,293.8185,294.607,295.3553,296.0631,296.7302,297.3568,297.9432,298.4899,298.9974,299.4659,299.8951,300.285,300.6357,300.9472,301.2199,301.4539,301.6496,301.8072,301.9269,302.009,302.0537,302.0614,302.0323,301.9665,301.864,301.7249,301.5491,301.3362,301.0859,300.7978,300.4712,300.1055,299.6995,299.2523,298.7626,298.2287,297.6491,297.0217,296.3443,295.6145,294.8298,293.9873,293.0842,292.1176,291.0845,289.9824,288.8089,287.5624,286.2422,284.8488,283.3846,281.8541,280.2649,278.6277,276.9566,275.2695,273.5889,271.9341,270.2759,268.6123,266.9411,265.2605,263.5685,261.8635,260.1442,258.4104,256.6643,254.913,253.1767,251.4855
44.0,265.4079,268.7994,272.2125,274.8148,276.4464,277.8495,279.1638,280.4252,281.6451,282.8266,283.9686,285.0804,286.1665,287.2274,288.2618,289.2676,290.2422,291.1831,292.0879,292.9551,293.7835,294.5724,295.3212,296.0296,296.6974,297.3248,297.9121,298.4598,298.9686,299.4384,299.869,300.2604,300.6126,300.9258,301.2001,301.4359,301.6334,301.7928,301.9143,301.9982,302.0448,302.0543,302.0271,301.9631,301.8625,301.7253,301.5512,301.3402,301.0917,300.8054,300.4806,300.1165,299.7123,299.2668,298.7787,298.2465,297.6684,297.0426,296.3668,295.6387,294.8558,294.0152,293.1143,292.1501,291.1199,290.0212,288.8518,287.6101,286.2958,284.9094,283.4536,281.9329,280.355,278.7306,277.0736,275.4015,273.7365,272.1027,270.4658,268.8236,267.1743,265.5159,263.8467,262.1652,260.4703,258.7623,257.0436,255.3223,253.6194,251.9624
45.0,265.0403,268.3084,271.5279,274.6101,276.3372,277.7684,279.0959,280.3659,281.5922,282.7786,283.924,285.0384,286.1262,287.1884,288.2237,289.2301,290.2052,291.1464,292.0515,292.919,293.7478,294.5372,295.2865,295.9954,296.6639,297.2921,297.8804,298.4292,298.9391,299.4102,299.8423,300.2352,300.589,300.9038,301.1799,301.4175,301.6167,301.7779,301.9013,301.9871,302.0355,302.0469,302.0215,301.9594,301.8607,301.7253,301.5532,301.344,301.0974,300.8128,300.4898,300.1275,299.7251,299.2812,298.7948,298.2642,297.6878,297.0636,296.3896,295.6632,294.8821,294.0436,293.1449,292.1833,291.1561,290.0609,288.8956,287.659,286.3506,284.9714,283.5239,282.0131,280.4465,278.8348,277.1918,275.5348,273.8859,272.2727,270.6566,269.0358,267.4083,265.7721,264.1258,262.4679,260.7975,259.1154,257.4243,255.7331,254.0636,252.4407
46.0,264.6546,267.8605,271.0938,274.3964,276.2209,277.6845,279.0265,280.3055,281.5383,282.7296,283.8786,284.9955,286.0852,287.1486,288.1848,289.1919,290.1674,291.109,292.0145,292.8823,293.7115,294.5012,295.251,295.9606,296.6298,297.2588,297.848,298.3979,298.9091,299.3815,299.815,300.2095,300.5649,300.8814,301.1592,301.3985,301.5996,301.7626,301.8879,301.9755,302.0258,302.0391,302.0156,301.9554,301.8586,301.7252,301.5549,301.3476,301.1028,300.8201,300.499,300.1385,299.7377,299.2957,298.8109,298.2821,297.7074,297.0849,296.4125,295.688,294.9089,294.0724,293.1761,292.2171,291.193,290.1014,288.9405,287.709,286.4067,285.0347,283.5956,282.0946,280.5393,278.9403,277.3112,275.6695,274.0374,272.4443,270.8489,269.2492,267.6432,266.0293,264.4058,262.7715,261.1258,259.4696,257.8062,256.1453,254.5091,252.92
47.0,264.2717,267.4681,270.7585,274.1822,276.0985,277.5977,278.9557,280.2441,281.4836,282.6798,283.8324,284.9518,286.0433,287.108,288.1451,289.1528,290.1289,291.0709,291.9767,292.8449,293.6744,294.4646,295.2149,295.9251,296.595,297.2249,297.8151,298.3661,298.8784,299.3522,299.7872,300.1832,300.5402,300.8584,301.138,301.3791,301.582,301.7469,301.874,301.9636,302.0158,302.031,302.0094,301.9512,301.8563,301.7247,301.5564,301.3509,301.1081,300.8273,300.5079,300.1493,299.7503,299.3101,298.8271,298.3,297.727,297.1063,296.4358,295.7131,294.936,294.1017,293.2078,292.2516,291.2307,290.1428,288.9863,287.76,286.4639,285.0991,283.6686,282.1775,280.6334,279.0471,277.432,275.8056,274.1907,272.6176,271.0426,269.4638,267.8793,266.2874,264.6866,263.0759,261.4549,259.8247,258.1892,256.5585,254.9557,253.4
48.0,263.9033,267.12,270.4691,273.9705,275.9712,277.508,278.8833,280.1816,281.4279,282.6291,283.7853,284.9073,286.0006,287.0666,288.1047,289.1131,290.0896,291.0321,291.9382,292.8068,293.6367,294.4273,295.1782,295.889,296.5596,297.1904,297.7816,298.3336,298.8472,299.3224,299.7588,300.1564,300.5151,300.835,301.1163,301.3592,301.564,301.7307,301.8598,301.9513,302.0054,302.0226,302.0029,301.9466,301.8537,301.7241,301.5576,301.3541,301.1132,300.8343,300.5168,300.16,299.7629,299.3244,298.8433,298.3179,297.7467,297.1279,296.4592,295.7385,294.9634,294.1314,293.24,292.2867,291.269,290.185,289.033,287.812,286.5222,285.1648,283.7429,282.2617,280.7288,279.1552,277.5541,275.9432,274.3457,272.7923,271.2376,269.6795,268.1163,266.5463,264.9683,263.3811,261.7848,260.1806,258.573,256.9726,255.403,253.8805
49.0,263.5544,266.8047,270.2054,273.7625,275.8401,277.4155,278.8093,280.118,281.3713,282.5776,283.7374,284.862,285.9571,287.0245,288.0635,289.0726,290.0496,290.9925,291.8991,292.768,293.5983,294.3894,295.1408,295.8522,296.5237,297.1553,297.7474,298.3006,298.8155,299.292,299.73,300.1291,300.4894,300.8111,301.0942,301.3389,301.5455,301.7142,301.8451,301.9385,301.9947,302.0138,301.9961,301.9417,301.8507,301.7231,301.5586,301.3571,301.1181,300.8411,300.5256,300.1706,299.7754,299.3388,298.8594,298.3359,297.7666,297.1496,296.4828,295.7642,294.9912,294.1616,293.2728,292.3224,291.3081,290.228,289.0806,287.8651,286.5816,285.2317,283.8184,282.3471,280.8255,279.2645,277.6774,276.0819,274.5005,272.9612,271.4292,269.8934,268.3525,266.8051,265.2501,263.6867,262.1152,260.5371,258.9574,257.3874,255.8508,254.3612
50.0,263.2262,266.514,269.9586,273.5586,275.7059,277.3203,278.7336,280.0533,281.3138,282.5252,283.6887,284.8159,285.9129,286.9816,288.0215,289.0313,290.009,290.9523,291.8592,292.7285,293.5593,294.3508,295.1028,295.8149,296.4871,297.1196,297.7127,298.2671,298.7832,299.2611,299.7005,300.1013,300.4633,300.7867,301.0716,301.3181,301.5266,301.6972,301.8301,301.9255,301.9835,302.0046,301.9889,301.9365,301.8476,301.7219,301.5594,301.3599,301.1228,300.8478,300.5342,300.1812,299.7878,299.3531,298.8756,298.354,297.7865,297.1714,296.5067,295.7901,295.0194,294.1922,293.306,292.3587,291.3479,290.2719,289.1292,287.9192,286.6422,285.2997,283.8951,282.4337,280.9234,279.375,277.8018,276.2212,274.6549,273.1283,271.619,270.1059,268.5877,267.0633,265.5316,263.9923,262.4457,260.8939,259.3422,257.8026,256.2988,254.8417
51.0,262.9172,266.24,269.7174,273.3428,275.568,277.2224,278.6562,279.9874,281.2554,282.472,283.6391,284.769,285.8679,286.9379,287.9789,288.9894,289.9676,290.9114,291.8187,292.6884,293.5196,294.3117,295.0642,295.7769,296.4499,297.0833,297.6775,298.233,298.7504,299.2297,299.6706,300.073,300.4367,300.7618,301.0485,301.2969,301.5073,301.6798,301.8147,301.912,301.9721,301.9951,301.9814,301.9311,301.8441,301.7205,301.56,301.3624,301.1274,300.8543,300.5427,300.1916,299.8002,299.3673,298.8918,298.3721,297.8066,297.1934,296.5307,295.8163,295.0478,294.2231,293.3398,292.3956,291.3884,290.3165,289.1786,287.9742,286.7037,285.3689,283.973,282.5216,281.0225,279.4866,277.9271,276.361,274.8091,273.295,271.808,270.3174,268.822,267.3207,265.8126,264.2974,262.776,261.2506,259.727,258.2179,256.7465,255.3219
52.0,262.6235,265.9717,269.4631,273.0851,275.4231,277.1216,278.5771,279.9204,281.196,282.418,283.5888,284.7213,285.8221,286.8935,287.9355,288.9468,289.9256,290.8698,291.7776,292.6477,293.4793,294.2719,295.025,295.7384,296.4122,297.0465,297.6417,298.1983,298.717,299.1978,299.6402,300.0442,300.4095,300.7365,301.025,301.2753,301.4876,301.662,301.7989,301.8982,301.9602,301.9853,301.9737,301.9253,301.8404,301.7188,301.5603,301.3648,301.1317,300.8607,300.551,300.2019,299.8125,299.3816,298.908,298.3902,297.8267,297.2156,296.5549,295.8427,295.0767,294.2545,293.374,292.433,291.4295,290.3619,289.2289,288.0302,286.7663,285.4391,284.052,282.6105,281.1227,279.5993,278.0533,276.5013,274.9632,273.4616,271.9966,270.5283,269.0556,267.5773,266.0929,264.6021,263.1059,261.607,260.1117,258.6329,257.1939,255.8013
53.0,262.338,265.6941,269.1719,272.7507,275.2653,277.017,278.4961,279.8522,281.1357,282.3631,283.5377,284.6729,285.7756,286.8484,287.8914,288.9035,289.8828,290.8276,291.7358,292.6063,293.4384,294.2315,294.9852,295.6993,296.3739,297.0091,297.6054,298.1632,298.6832,299.1653,299.6093,300.0149,300.382,300.7107,301.001,301.2532,301.4675,301.6439,301.7827,301.884,301.9481,301.9752,301.9656,301.9193,301.8364,301.7168,301.5605,301.3669,301.1359,300.8669,300.5592,300.2121,299.8247,299.3958,298.9242,298.4084,297.8469,297.2379,296.5794,295.8694,295.1058,294.2863,293.4088,292.4711,291.4713,290.408,289.28,288.0871,286.8299,285.5104,284.1321,282.7006,281.224,279.7129,278.1802,276.642,275.1175,273.6282,272.1849,270.7388,269.2886,267.8333,266.3725,264.9061,263.4352,261.963,260.4959,259.0476,257.6404,256.2797
54.0,262.0443,265.3676,268.7597,272.1728,275.0749,276.9059,278.4128,279.7827,281.0745,282.3075,283.4859,284.6237,285.7284,286.8026,287.8467,288.8595,289.8395,290.7847,291.6934,292.5644,293.3969,294.1905,294.9448,295.6597,296.335,296.9712,297.5685,298.1275,298.6488,299.1324,299.5779,299.9851,300.3539,300.6844,300.9766,301.2308,301.4469,301.6253,301.7661,301.8695,301.9356,301.9648,301.9572,301.913,301.8322,301.7147,301.5603,301.3689,301.1399,300.873,300.5673,300.2223,299.8368,299.4099,298.9403,298.4266,297.8672,297.2603,296.604,295.8964,295.1352,294.3185,293.444,292.5097,291.5138,290.4548,289.3319,288.1449,286.8944,285.5827,284.2132,282.7918,281.3263,279.8274,278.3078,276.7832,275.272,273.795,272.3731,270.9489,269.521,268.0887,266.6514,265.2094,263.7638,262.3182,260.8793,259.4614,258.086,256.7567
55.0,261.7326,264.9973,268.2963,271.5973,274.8578,276.7868,278.3267,279.7118,281.0123,282.251,283.4333,284.5739,285.6805,286.7562,287.8013,288.8149,289.7955,290.7413,291.6504,292.5218,293.3549,294.149,294.9039,295.6195,296.2957,296.9328,297.5311,298.0913,298.6139,299.099,299.5461,299.9549,300.3255,300.6578,300.9518,301.2079,301.426,301.6064,301.7492,301.8546,301.9228,301.954,301.9485,301.9064,301.8276,301.7122,301.56,301.3706,301.1438,300.8789,300.5753,300.2323,299.8489,299.424,298.9565,298.4449,297.8875,297.2828,296.6288,295.9236,295.165,294.351,293.4796,292.5488,291.5568,290.5024,289.3846,288.2035,286.9599,285.656,284.2954,282.8839,281.4296,279.9428,278.4362,276.9249,275.4272,273.9644,272.5628,271.1596,269.7535,268.3437,266.9298,265.5119,264.0916,262.6725,261.2619,259.8742,258.5302,257.2322
56.0,261.4083,264.6274,267.8958,271.2249,274.6367,276.6608,278.2377,279.6394,280.9491,282.1937,283.3799,284.5233,285.6319,286.7091,287.7552,288.7697,289.7509,290.6972,291.6068,292.4787,293.3122,294.1069,294.8625,295.5787,296.2558,296.8938,297.4932,298.0546,298.5786,299.0651,299.5137,299.9243,300.2966,300.6307,300.9266,301.1846,301.4047,301.5871,301.7319,301.8394,301.9096,301.9429,301.9395,301.8995,301.8229,301.7096,301.5594,301.3722,301.1474,300.8846,300.5831,300.2422,299.8609,299.4381,298.9727,298.4631,297.908,297.3055,296.6538,295.951,295.1951,294.384,293.5157,292.5884,291.6005,290.5506,289.4381,288.263,287.0263,285.7302,284.3785,282.977,281.5337,280.059,278.5652,277.0674,275.5836,274.136,272.754,271.3712,269.9864,268.5987,267.2077,265.8138,264.4185,263.0258,261.6433,260.2858,258.9728,257.7058
57.0,261.0805,264.2767,267.5502,270.9254,274.4181,276.5291,278.1454,279.5653,280.8849,282.1356,283.3259,284.4721,285.5827,286.6613,287.7085,288.7238,289.7057,290.6525,291.5626,292.435,293.269,294.0643,294.8205,295.5375,296.2154,296.8544,297.4549,298.0175,298.5428,299.0308,299.481,299.8932,300.2672,300.6031,300.901,301.1609,301.383,301.5674,301.7143,301.8238,301.8961,301.9315,301.9302,301.8923,301.8178,301.7067,301.5587,301.3735,301.1509,300.8902,300.5908,300.252,299.8728,299.4521,298.9888,298.4814,297.9285,297.3282,296.6789,295.9787,295.2254,294.4173,293.5523,292.6286,291.6448,290.5996,289.4924,288.3234,287.0936,285.8054,284.4626,283.0711,281.6388,280.1761,278.695,277.2106,275.7408,274.3079,272.9397,271.5795,270.2172,268.8522,267.4844,266.1145,264.7443,263.3779,262.0234,260.6958,259.4135,258.1771
58.0,260.7567,263.949,267.2423,270.659,274.204,276.3932,278.0502,279.4896,280.8196,282.0767,283.2711,284.4201,285.5328,286.6129,287.6612,288.6773,289.6599,290.6073,291.5179,292.3908,293.2253,294.0212,294.778,295.4957,296.1745,296.8144,297.4161,297.9799,298.5065,298.996,299.4478,299.8616,300.2375,300.5752,300.875,301.1368,301.3609,301.5473,301.6963,301.8079,301.8823,301.9199,301.9207,301.8849,301.8126,301.7035,301.5577,301.3747,301.1542,300.8956,300.5984,300.2617,299.8846,299.4661,299.005,298.4998,297.9491,297.3511,296.7043,296.0066,295.2561,294.4509,293.5893,292.6693,291.6896,290.6492,289.5474,288.3845,287.1617,285.8815,284.5476,283.166,281.7447,280.2939,278.8255,277.3544,275.8983,274.4788,273.1207,271.784,270.4449,269.1033,267.7592,266.4135,265.0685,263.7284,262.4018,261.1041,259.8521,258.646
59.0,260.4417,263.6425,266.9602,270.4119,273.9951,276.2542,277.9521,279.4121,280.7532,282.0169,283.2156,284.3675,285.4823,286.5639,287.6133,288.6303,289.6135,290.5615,291.4726,292.346,293.1811,293.9775,294.735,295.4535,296.1331,296.7741,297.3768,297.9418,298.4698,298.9608,299.4141,299.8297,300.2073,300.5469,300.8486,301.1124,301.3385,301.527,301.678,301.7917,301.8682,301.9079,301.9108,301.8772,301.807,301.7002,301.5565,301.3757,301.1573,300.9009,300.6058,300.2713,299.8964,299.4801,299.0211,298.5182,297.9697,297.3742,296.7298,296.0347,295.287,294.485,293.6267,292.7105,291.7351,290.6994,289.6031,288.4464,287.2307,285.9584,284.6335,283.2619,281.8515,280.4125,278.9567,277.4987,276.0559,274.649,273.3005,271.9865,270.6704,269.3521,268.0318,266.7106,265.3907,264.0771,262.7783,261.5102,260.2883,259.1122
60.0,260.1382,263.3544,266.6969,270.1778,273.7911,276.1128,277.8513,279.3329,280.6857,281.9563,283.1594,284.3143,285.4311,286.5142,287.5648,288.5827,289.5666,290.5152,291.4268,292.3007,293.1363,293.9334,294.6915,295.4108,296.0913,296.7332,297.337,297.9033,298.4327,298.9251,299.3801,299.7974,300.1768,300.5182,300.8218,301.0876,301.3157,301.5062,301.6594,301.7752,301.8538,301.8956,301.9007,301.8693,301.8013,301.6966,301.5551,301.3764,301.1603,300.9061,300.6132,300.2808,299.9081,299.494,299.0372,298.5365,297.9904,297.3973,296.7554,296.063,295.3183,294.5193,293.6645,292.7521,291.781,290.7503,289.6595,288.5091,287.3005,286.0362,284.7202,283.3585,281.959,280.5317,279.0884,277.6434,276.2136,274.8187,273.4796,272.1877,270.8943,269.5991,268.3024,267.0055,265.7109,264.4236,263.1526,261.914,260.7218,259.5753
61.0,259.8472,263.0821,266.4481,269.9539,273.5918,275.97,277.7481,279.2519,280.6171,281.8949,283.1024,284.2604,285.3794,286.464,287.5158,288.5345,289.5192,290.4683,291.3805,292.2549,293.0911,293.8887,294.6476,295.3676,296.049,296.6919,297.2969,297.8644,298.3952,298.8891,299.3457,299.7646,300.1458,300.4891,300.7947,301.0624,301.2926,301.4852,301.6404,301.7583,301.8391,301.8831,301.8904,301.8611,301.7953,301.6928,301.5535,301.377,301.1631,300.911,300.6204,300.2902,299.9197,299.5078,299.0533,298.555,298.0112,297.4205,296.7812,296.0916,295.3497,294.554,293.7027,292.7943,291.8276,290.8018,289.7166,288.5725,287.371,286.1147,284.8077,283.4559,282.0672,280.6517,279.2207,277.7884,276.3712,274.988,273.6584,272.388,271.1167,269.8442,268.571,267.2983,266.0288,264.7677,263.5245,262.315,261.1523,260.0352
62.0,259.5686,262.8227,266.2091,269.7336,273.3874,275.8251,277.6426,279.1693,280.5472,281.8326,283.0448,284.2059,285.327,286.4133,287.4662,288.4858,289.4712,290.421,291.3337,292.2087,293.0454,293.8436,294.6032,295.324,296.0063,296.6502,297.2563,297.8251,298.3572,298.8527,299.3109,299.7315,300.1145,300.4597,300.7672,301.0369,301.2691,301.4638,301.6211,301.7412,301.8241,301.8703,301.8797,301.8527,301.789,301.6887,301.5516,301.3774,301.1657,300.9159,300.6274,300.2995,299.9313,299.5216,299.0694,298.5734,298.0321,297.4439,296.8072,296.1203,295.3815,294.589,293.7413,292.8369,291.8746,290.8538,289.7743,288.6366,287.4423,286.1941,284.896,283.5541,282.1762,280.7722,279.3535,277.9337,276.5289,275.157,273.837,272.5876,271.338,270.0879,268.8377,267.5889,266.3443,265.1094,263.8936,262.7132,261.5796,260.4914
63.0,259.3011,262.5712,265.9702,269.4998,273.1477,275.6749,277.5346,279.0849,280.4762,281.7694,282.9865,284.1507,285.2741,286.3619,287.4161,288.4366,289.4227,290.3731,291.2864,292.1619,292.9992,293.7981,294.5584,295.28,295.9631,296.6081,297.2153,297.7853,298.3189,298.8158,299.2757,299.6981,300.0829,300.4299,300.7393,301.0111,301.2453,301.4421,301.6016,301.7238,301.8089,301.8572,301.8689,301.844,301.7826,301.6845,301.5496,301.3777,301.1681,300.9206,300.6344,300.3087,299.9427,299.5354,299.0855,298.5919,298.053,297.4673,296.8333,296.1493,295.4135,294.6244,293.7803,292.8799,291.9222,290.9065,289.8326,288.7014,287.5143,286.2741,284.9851,283.653,282.2858,280.8933,279.4867,278.0792,276.6867,275.3266,274.0188,272.7887,271.5594,270.3307,269.103,267.8777,266.6576,265.4484,264.2599,263.1082,262.0033,260.9438
64.0,259.0415,262.3203,265.7188,269.2341,272.8487,275.5143,277.4234,278.9988,280.404,281.7054,282.9275,284.095,285.2206,286.3101,287.3654,288.3869,289.3737,290.3248,291.2387,292.1147,292.9526,293.7521,294.5131,295.2355,295.9196,296.5656,297.1739,297.7453,298.2802,298.7787,299.2401,299.6643,300.0509,300.3998,300.7112,300.985,301.2212,301.4201,301.5817,301.7061,301.7934,301.8439,301.8577,301.8351,301.7759,301.6801,301.5474,301.3777,301.1704,300.9252,300.6412,300.3178,299.9541,299.5491,299.1016,298.6104,298.0739,297.4909,296.8596,296.1785,295.4458,294.66,293.8197,292.9234,291.9703,290.9597,289.8916,288.7668,287.587,286.3549,285.0748,283.7526,282.3961,281.015,279.6203,278.2251,276.8447,275.4965,274.2007,272.9814,271.7755,270.5698,269.3653,268.1637,266.9682,265.7846,264.6231,263.4997,262.4232,261.392
65.0,258.7837,262.0557,265.4279,268.8873,272.4046,275.3306,277.307,278.9105,280.3306,281.6405,282.8678,284.0387,285.1666,286.2577,287.3143,288.3367,289.3243,290.276,291.1905,292.0671,292.9056,293.7058,294.4674,295.1907,295.8757,296.5227,297.1322,297.7048,298.2411,298.7411,299.2042,299.6301,300.0185,300.3694,300.6827,300.9585,301.1969,301.3978,301.5616,301.6881,301.7776,301.8303,301.8464,301.8259,301.769,301.6754,301.5451,301.3776,301.1726,300.9296,300.6479,300.3268,299.9655,299.5628,299.1177,298.6289,298.095,297.5145,296.886,296.2078,295.4783,294.696,293.8594,292.9673,292.0188,291.0134,289.9512,288.8329,287.6604,286.4364,285.1652,283.8528,282.5069,281.1371,279.7543,278.3712,277.0029,275.6665,274.3817,273.1702,271.9874,270.805,269.624,268.4463,267.2755,266.1176,264.9829,263.8876,262.8391,261.8358
66.0,258.5185,261.7605,265.0723,268.4305,271.796,275.1115,277.1825,278.8196,280.2558,281.5747,282.8074,283.9817,285.112,286.2048,287.2626,288.286,289.2744,290.2267,291.1418,292.019,292.8582,293.659,294.4214,295.1455,295.8314,296.4794,297.0901,297.664,298.2018,298.7033,299.168,299.5956,299.9859,300.3386,300.6539,300.9318,301.1722,301.3753,301.5411,301.6698,301.7615,301.8164,301.8348,301.8166,301.7619,301.6706,301.5425,301.3773,301.1746,300.9339,300.6545,300.3358,299.9767,299.5764,299.1337,298.6474,298.1161,297.5383,296.9126,296.2374,295.5111,294.7322,293.8995,293.0116,292.0678,291.0677,290.0113,288.8996,287.7344,286.5185,285.2563,283.9536,282.6183,281.2598,279.8886,278.5175,277.1612,275.8363,274.5618,273.3576,272.197,271.0373,269.8795,268.7256,267.5793,266.4469,265.339,264.2714,263.2506,262.2749
67.0,258.244,261.4508,264.7196,268.0461,271.4311,274.8882,277.0509,278.7256,280.1795,281.508,282.7463,283.9242,285.0569,286.1514,287.2105,288.2349,289.2241,290.1771,291.0928,291.9706,292.8103,293.6118,294.375,295.0999,295.7867,296.4358,297.0477,297.6228,298.162,298.6651,299.1315,299.5608,299.9529,300.3076,300.6249,300.9047,301.1472,301.3524,301.5205,301.6513,301.7452,301.8024,301.8229,301.807,301.7546,301.6656,301.5398,301.3769,301.1765,300.9381,300.661,300.3446,299.9879,299.59,299.1498,298.6659,298.1372,297.5621,296.9393,296.2671,295.5441,294.7688,293.9399,293.0563,292.1173,291.1224,290.072,288.9669,287.809,286.6012,285.348,284.055,282.7302,281.3828,280.0233,278.664,277.3195,276.0059,274.7413,273.5441,272.4048,271.2671,270.132,269.0016,267.8797,266.7726,265.6912,264.651,263.6576,262.7091
68.0,257.9631,261.142,264.3911,267.7202,271.1424,274.6684,276.914,278.6286,280.1016,281.4403,282.6845,283.8661,285.0013,286.0976,287.158,288.1833,289.1733,290.127,291.0433,291.9218,292.7621,293.5643,294.3282,295.0539,295.7417,296.3919,297.0049,297.5814,298.122,298.6266,299.0947,299.5258,299.9197,300.2763,300.5955,300.8774,301.122,301.3294,301.4995,301.6326,301.7287,301.7881,301.8109,301.7972,301.7471,301.6604,301.5368,301.3763,301.1782,300.9421,300.6674,300.3533,299.999,299.6036,299.1658,298.6845,298.1584,297.5861,296.9661,296.297,295.5773,294.8056,293.9806,293.1014,292.1672,291.1777,290.1332,289.0347,287.8842,286.6846,285.4402,284.157,282.8426,281.5062,280.1582,278.8107,277.4777,276.1752,274.9201,273.73,272.6112,271.4949,270.3819,269.2745,268.1765,267.0944,266.0392,265.0261,264.0596,263.1381
69.0,257.6803,260.8422,264.0877,267.4313,270.886,274.4541,276.7731,278.5286,280.0221,281.3717,282.622,283.8074,284.9452,286.0433,287.105,288.1313,289.1221,290.0766,290.9935,291.8726,292.7136,293.5164,294.2811,295.0077,295.6964,296.3476,296.9618,297.5396,298.0817,298.5878,299.0575,299.4904,299.8862,300.2447,300.5659,300.8498,301.0965,301.306,301.4784,301.6136,301.712,301.7736,301.7986,301.7873,301.7394,301.655,301.5338,301.3755,301.1798,300.946,300.6737,300.362,300.0101,299.6171,299.1818,298.7031,298.1796,297.6101,296.9931,296.3271,295.6107,294.8427,294.0217,293.1469,292.2175,291.2334,290.1949,289.1031,287.9599,286.7684,285.533,284.2595,282.9554,281.63,280.2934,278.9575,277.636,276.3442,275.0988,273.9171,272.8174,271.7214,270.6297,269.5447,268.47,267.4125,266.383,265.3965,264.4566,263.5615
70.0,257.3996,260.5545,263.8054,267.1664,270.6475,274.2457,276.6295,278.4259,279.9409,281.3019,282.5588,283.7482,284.8886,285.9885,287.0516,288.0789,289.0706,290.0257,290.9433,291.823,292.6647,293.4682,294.2336,294.9611,295.6508,296.3031,296.9185,297.4976,298.0411,298.5488,299.0201,299.4548,299.8524,300.2128,300.536,300.822,301.0708,301.2824,301.457,301.5944,301.695,301.7589,301.7862,301.7771,301.7315,301.6494,301.5305,301.3746,301.1812,300.9498,300.6799,300.3706,300.0211,299.6306,299.1978,298.7217,298.2009,297.6342,297.0202,296.3573,295.6444,294.88,294.0631,293.1927,292.2682,291.2896,290.2571,289.172,288.0362,286.8529,285.6263,284.3624,283.0686,281.7541,280.4288,279.1043,277.7941,276.513,275.2774,274.1044,273.0132,271.9407,270.8722,269.8103,268.7593,267.7262,266.7222,265.7619,264.8482,263.9793
71.0,257.1239,260.2792,263.54,266.9183,270.4213,274.0428,276.4841,278.3206,279.858,281.2312,282.4948,283.6884,284.8315,285.9333,286.9977,288.0262,289.0187,289.9745,290.8928,291.7731,292.6154,293.4197,294.1859,294.9142,295.6049,296.2583,296.8749,297.4553,298.0002,298.5095,298.9825,299.4189,299.8183,300.1807,300.5059,300.794,301.0449,301.2586,301.4354,301.575,301.6778,301.7439,301.7736,301.7668,301.7235,301.6437,301.5272,301.3736,301.1825,300.9535,300.686,300.3791,300.0321,299.644,299.2138,298.7403,298.2223,297.6584,297.0474,296.3878,295.6783,294.9177,294.1048,293.2389,292.3194,291.3462,290.3198,289.2414,288.113,286.9378,285.7201,284.4658,283.1823,281.8786,280.5644,279.2512,277.9521,276.6817,275.4557,274.2911,273.2058,272.1558,271.11,270.0712,269.0439,268.0352,267.0565,266.1221,265.2341,264.391
72.0,256.8549,260.0158,263.2886,266.683,270.2046,273.8451,276.3377,278.2131,279.7734,281.1593,282.4301,283.628,284.774,285.8777,286.9435,287.9731,288.9664,289.923,290.8419,291.7229,292.5659,293.3709,294.1379,294.8671,295.5587,296.2132,296.831,297.4127,297.9591,298.4699,298.9446,299.3828,299.7841,300.1484,300.4756,300.7657,301.0187,301.2346,301.4135,301.5554,301.6605,301.7288,301.7608,301.7562,301.7153,301.6378,301.5236,301.3724,301.1837,300.9571,300.692,300.3875,300.043,299.6574,299.2298,298.759,298.2437,297.6827,297.0747,296.4184,295.7124,294.9555,294.1468,293.2854,292.3709,291.4032,290.3829,289.3112,288.1903,287.0232,285.8143,284.5695,283.2962,282.0032,280.7001,279.3982,278.1101,276.8501,275.6336,274.477,273.3971,272.368,271.3441,270.3279,269.3239,268.3393,267.3857,266.4768,265.6143,264.7965
73.0,256.5939,259.7633,263.0487,266.458,269.9955,273.6521,276.1907,278.1038,279.6872,281.0864,282.3647,283.5671,284.716,285.8217,286.8889,287.9196,288.9138,289.8712,290.7908,291.6724,292.5161,293.3218,294.0896,294.8196,295.5123,296.1678,296.7868,297.3699,297.9177,298.4301,298.9065,299.3464,299.7496,300.1158,300.445,300.7372,300.9923,301.2104,301.3915,301.5356,301.6429,301.7136,301.7478,301.7456,301.707,301.6318,301.52,301.3711,301.1848,300.9606,300.6979,300.3959,300.0538,299.6708,299.2458,298.7776,298.2652,297.7071,297.1022,296.4491,295.7466,294.9936,294.1891,293.3323,292.4228,291.4606,290.4464,289.3815,288.268,287.109,285.909,284.6737,283.4105,282.1281,280.836,279.5451,278.2678,277.0182,275.8111,274.6623,273.5873,272.5783,271.5752,270.5808,269.5995,268.6386,267.7095,266.8257,265.9883,265.1955
74.0,256.3413,259.5208,262.8188,266.2417,269.7931,273.4636,276.0436,277.9927,279.5995,281.0123,282.2985,283.5056,284.6575,285.7653,286.834,287.8658,288.8609,289.819,290.7393,291.6216,292.466,293.2724,294.041,294.772,295.4656,296.1223,296.7425,297.3269,297.8762,298.3901,298.8682,299.3099,299.7149,300.0831,300.4143,300.7085,300.9658,301.186,301.3693,301.5157,301.6252,301.6981,301.7346,301.7347,301.6985,301.6257,301.5162,301.3697,301.1858,300.964,300.7037,300.4042,300.0646,299.6842,299.2618,298.7963,298.2867,297.7316,297.1298,296.48,295.7811,295.032,294.2316,293.3794,292.475,291.5184,290.5104,289.4522,288.3461,287.1953,286.0041,284.7782,283.525,282.2532,280.9719,279.6919,278.4255,277.186,275.9881,274.8468,273.7769,272.7867,271.8037,270.8303,269.871,268.9331,268.0281,267.1688,266.3559,265.5878
75.0,256.0969,259.2863,262.5942,266.025,269.58,273.2469,275.8931,277.8798,279.5104,280.9372,282.2315,283.4436,284.5986,285.7085,286.7787,287.8116,288.8077,289.7666,290.6876,291.5706,292.4156,293.2228,293.9922,294.7241,295.4187,296.0765,296.6979,297.2837,297.8344,298.3499,298.8297,299.2731,299.68,300.0501,300.3834,300.6797,300.939,301.1614,301.3469,301.4955,301.6073,301.6825,301.7213,301.7238,301.6898,301.6194,301.5123,301.3682,301.1867,300.9673,300.7094,300.4124,300.0754,299.6975,299.2778,298.8151,298.3082,297.7561,297.1575,296.5111,295.8158,295.0705,294.2744,293.4269,292.5275,291.5766,290.5748,289.5234,288.4247,287.282,286.0995,284.883,283.6398,282.3784,281.1079,279.8387,278.5829,277.3534,276.1645,275.0307,273.9659,272.984,272.0241,271.0733,270.1367,269.222,268.3408,267.5058,266.717,265.973
76.0,255.8595,259.0563,262.3684,265.7978,269.3428,272.9876,275.7353,277.7646,279.4196,280.8611,282.1638,283.381,284.5392,285.6513,286.7231,287.7572,288.7542,289.7139,290.6356,291.5193,292.3651,293.173,293.9432,294.676,295.3716,296.0305,296.6532,297.2403,297.7924,298.3096,298.791,299.2362,299.645,300.017,300.3523,300.6506,300.9121,301.1367,301.3244,301.4752,301.5893,301.6668,301.7079,301.7126,301.681,301.613,301.5082,301.3665,301.1875,300.9705,300.7151,300.4206,300.0861,299.7108,299.2937,298.8338,298.3299,297.7807,297.1853,296.5423,295.8506,295.1093,294.3175,293.4746,292.5804,291.6351,290.6395,289.5949,288.5037,287.369,286.1952,284.9881,283.7549,282.5038,281.2439,279.9854,278.74,277.5205,276.3405,275.214,274.1545,273.176,272.2385,271.3102,270.3963,269.5048,268.6474,267.8362,267.0713,266.3511
77.0,255.6268,258.825,262.1314,265.5437,269.0557,272.646,275.5625,277.6456,279.3272,280.7838,282.0954,283.3179,284.4795,285.5938,286.6672,287.7025,288.7004,289.6609,290.5834,291.4678,292.3143,293.123,293.894,294.6277,295.3244,295.9844,296.6083,297.1967,297.7503,298.269,298.7521,299.1992,299.6098,299.9838,300.321,300.6215,300.8851,301.1118,301.3017,301.4548,301.5711,301.6509,301.6943,301.7014,301.6722,301.6065,301.5041,301.3648,301.1881,300.9737,300.7207,300.4287,300.0968,299.7241,299.3097,298.8526,298.3515,297.8054,297.2132,296.5736,295.8856,295.1483,294.3608,293.5226,292.6336,291.694,290.7045,289.6668,288.5829,287.4563,286.2913,285.0935,283.87,282.6292,281.3798,280.1319,278.8969,277.6872,276.5159,275.3967,274.3424,273.3661,272.4491,271.5422,270.6504,269.7816,268.9476,268.1599,267.4185,266.7217
78.0,255.3925,258.5768,261.8493,265.1963,268.5947,271.9984,275.3444,277.5184,279.2324,280.7053,282.0262,283.2542,284.4193,285.5359,286.611,287.6475,288.6464,289.6078,290.531,291.4161,292.2633,293.0728,293.8447,294.5793,295.2769,295.938,296.5632,297.153,297.7081,298.2284,298.7132,299.162,299.5744,299.9504,300.2896,300.5921,300.8579,301.0868,301.2789,301.4342,301.5528,301.6349,301.6806,301.69,301.6631,301.5998,301.4999,301.363,301.1888,300.9767,300.7263,300.4368,300.1075,299.7374,299.3257,298.8714,298.3732,297.8302,297.2412,296.6051,295.9208,295.1875,294.4043,293.5709,292.6871,291.7531,290.7699,289.739,288.6626,287.544,286.3876,285.1991,283.9854,282.7547,281.5157,280.2783,279.0535,277.8534,276.6907,275.5786,274.5293,273.5549,272.6569,271.7701,270.8994,270.0526,269.2414,268.4768,267.7584,267.0845
79.0,255.153,258.3139,261.5502,264.8539,268.2191,271.6379,275.1214,277.384,279.1347,280.6255,281.9561,283.1899,284.3587,285.4777,286.5545,287.5922,288.5922,289.5544,290.4783,291.3642,292.2121,293.0224,293.7951,294.5307,295.2293,295.8916,296.518,297.1091,297.6657,298.1876,298.674,299.1246,299.539,299.9168,300.2581,300.5627,300.8305,301.0616,301.256,301.4135,301.5344,301.6188,301.6668,301.6786,301.654,301.5931,301.4955,301.3611,301.1893,300.9797,300.7318,300.4448,300.1181,299.7507,299.3417,298.8902,298.395,297.8551,297.2693,296.6367,295.9562,295.2269,294.4481,293.6195,292.7408,291.8126,290.8356,289.8115,288.7425,287.632,286.4842,285.3048,284.1008,282.8803,281.6516,280.4245,279.2097,278.0191,276.865,275.7599,274.7154,273.7426,272.8616,271.9941,271.1436,270.318,269.5288,268.7867,268.0908,267.4395
80.0,254.9081,258.0448,261.2552,264.5404,267.9069,271.3579,274.9026,277.2443,279.0342,280.5443,281.8853,283.1251,284.2977,285.4192,286.4977,287.5368,288.5377,289.5008,290.4255,291.3121,292.1608,292.9718,293.7455,294.4819,295.1816,295.845,296.4727,297.0651,297.6232,298.1467,298.6348,299.0872,299.5034,299.8832,300.2265,300.5331,300.8031,301.0364,301.2329,301.3927,301.5158,301.6025,301.6529,301.667,301.6448,301.5863,301.4911,301.3591,301.1897,300.9827,300.7372,300.4528,300.1287,299.7639,299.3577,298.909,298.4168,297.88,297.2976,296.6684,295.9917,295.2664,294.4921,293.6683,292.7949,291.8724,290.9016,289.8843,288.8227,287.7202,286.581,285.4108,284.2164,283.0058,281.7873,280.5704,279.3656,278.1843,277.0385,275.9402,274.9002,273.9283,273.0503,272.2069,271.3792,270.5758,269.809,269.0891,268.4154,267.7862
81.0,254.6596,257.7766,260.9723,264.2539,267.632,271.1098,274.69,277.1009,278.9308,280.4615,281.8135,283.0598,284.2362,285.3604,286.4407,287.4811,288.4831,289.447,290.3725,291.2599,292.1093,292.9212,293.6957,294.4331,295.1338,295.7984,296.4272,297.0211,297.5806,298.1057,298.5955,299.0496,299.4677,299.8495,300.1948,300.5035,300.7756,301.011,301.2098,301.3718,301.4972,301.5862,301.6389,301.6554,301.6356,301.5794,301.4866,301.357,301.1901,300.9855,300.7426,300.4608,300.1392,299.7772,299.3737,298.9279,298.4387,297.905,297.3259,296.7003,296.0273,295.3062,294.5363,293.7173,292.8491,291.9324,290.9679,289.9574,288.9032,287.8086,286.678,285.5168,284.332,283.1313,281.9229,280.7161,279.5211,278.349,277.2114,276.1198,275.0842,274.1139,273.2365,272.414,271.6078,270.8263,270.0816,269.3838,268.732,268.1246
82.0,254.41,257.5136,260.7032,263.9884,267.38,270.8791,274.4838,276.9552,278.8248,280.3771,281.7408,282.9938,284.1744,285.3013,286.3834,287.4252,288.4282,289.3931,290.3194,291.2075,292.0577,292.8704,293.6458,294.3841,295.0859,295.7516,296.3817,296.9769,297.538,298.0646,298.5561,299.012,299.432,299.8157,300.163,300.4738,300.748,300.9856,301.1865,301.3508,301.4785,301.5698,301.6248,301.6436,301.6262,301.5724,301.4821,301.3549,301.1905,300.9884,300.748,300.4687,300.1498,299.7904,299.3898,298.9468,298.4606,297.9301,297.3543,296.7323,296.0631,295.3461,294.5807,293.7665,292.9036,291.9926,291.0344,290.0307,288.9839,287.8973,286.7752,285.623,284.4476,283.2567,282.0583,280.8614,279.6761,278.5131,277.3836,276.2984,275.2674,274.2989,273.4212,272.6173,271.8309,271.0702,270.3469,269.6706,269.0403,268.4543
83.0,254.1617,257.2577,260.4469,263.7392,267.144,270.6603,274.2835,276.808,278.7166,280.2912,281.6672,282.9273,284.1122,285.2418,286.3259,287.3691,288.3732,289.339,290.2661,291.155,292.0061,292.8195,293.5958,294.3351,295.0379,295.7048,296.3362,296.9328,297.4953,298.0234,298.5167,298.9743,299.3962,299.7818,300.1311,300.444,300.7203,300.9601,301.1632,301.3298,301.4597,301.5533,301.6107,301.6318,301.6168,301.5654,301.4775,301.3527,301.1908,300.9912,300.7533,300.4766,300.1603,299.8037,299.4058,298.9657,298.4825,297.9552,297.3828,296.7644,296.0991,295.3862,294.6252,293.8159,292.9584,292.0531,291.1012,290.1043,289.0648,287.9861,286.8724,285.7293,284.5633,283.3821,282.1935,281.0065,279.8307,278.6766,277.555,276.4763,275.4496,274.4832,273.6047,272.8175,272.0494,271.3081,270.6052,269.9496,269.3402,268.7752
84.0,253.9165,257.0097,260.2022,263.5029,266.9198,270.4506,274.0888,276.6603,278.6064,280.2038,281.5927,282.8602,284.0496,285.1821,286.2682,287.3128,288.3181,289.2848,290.2128,291.1025,291.9543,292.7686,293.5457,294.286,294.9899,295.6579,296.2905,296.8885,297.4525,297.9823,298.4772,298.9366,299.3603,299.7479,300.0992,300.4141,300.6926,300.9345,301.1399,301.3087,301.4409,301.5368,301.5965,301.62,301.6073,301.5583,301.4728,301.3505,301.191,300.9939,300.7586,300.4845,300.1709,299.8169,299.4219,298.9847,298.5046,297.9804,297.4114,296.7966,296.1352,295.4264,294.67,293.8656,293.0133,292.1138,291.1682,290.178,289.1459,288.0751,286.9698,285.8355,284.6788,283.5073,282.3285,281.1511,279.9848,278.8395,277.7257,276.6533,275.6309,274.6662,273.7846,273.0016,272.2565,271.5368,270.855,270.2202,269.6314,269.0869
85.0,253.6758,256.7698,259.9677,263.2771,266.7052,270.2483,273.8992,276.5123,278.4945,280.115,281.5172,282.7925,283.9866,285.1222,286.2103,287.2564,288.2628,289.2305,290.1593,291.0498,291.9024,292.7176,293.4956,294.2369,294.9418,295.611,296.2449,296.8442,297.4097,297.9411,298.4376,298.8989,299.3244,299.7139,300.0673,300.3842,300.6648,300.9089,301.1165,301.2875,301.422,301.5202,301.5822,301.6081,301.5978,301.5512,301.4681,301.3482,301.1912,300.9966,300.7639,300.4924,300.1814,299.8302,299.4379,299.0037,298.5266,298.0057,297.4401,296.8289,296.1714,295.4668,294.7149,293.9154,293.0684,292.1747,291.2353,290.252,289.2272,288.1642,287.0673,285.9418,284.7944,283.6323,282.4632,281.2954,280.1383,279.0017,277.8955,276.8293,275.8112,274.848,273.9643,273.1814,272.4565,271.7574,271.0963,270.4821,269.9136,269.3894
86.0,253.4405,256.5378,259.7422,263.0604,266.4986,270.0525,273.7141,276.3647,278.3812,280.0248,281.4408,282.7241,283.9232,285.0619,286.1522,287.1998,288.2075,289.1761,290.1058,290.9971,291.8505,292.6665,293.4455,294.1877,294.8938,295.5641,296.1993,296.8,297.3669,297.8999,298.3981,298.8611,299.2885,299.68,300.0353,300.3543,300.637,300.8833,301.0931,301.2663,301.4031,301.5036,301.5679,301.5962,301.5882,301.544,301.4634,301.346,301.1914,300.9993,300.7691,300.5002,300.1919,299.8435,299.454,299.0228,298.5487,298.0311,297.4689,296.8613,296.2077,295.5074,294.76,293.9653,293.1237,292.2358,291.3027,290.3261,289.3086,288.2534,287.1648,286.0481,284.9098,283.7571,282.5975,281.4393,280.2913,279.1632,278.0645,277.0044,275.9905,275.0289,274.1438,273.3594,272.6518,271.9713,271.3297,270.7353,270.1867,269.6822
87.0,253.2111,256.3133,259.5248,262.8515,266.2989,269.8623,273.5333,276.2176,278.2668,279.9334,281.3634,282.6552,283.8594,285.0014,286.0939,287.1431,288.152,289.1216,290.0522,290.9443,291.7986,292.6155,293.3953,294.1386,294.8457,295.5172,296.1536,296.7557,297.3242,297.8587,298.3586,298.8234,299.2526,299.646,300.0033,300.3244,300.6092,300.8577,301.0697,301.2451,301.3842,301.487,301.5536,301.5842,301.5786,301.5368,301.4586,301.3437,301.1916,301.002,300.7744,300.5081,300.2025,299.8567,299.4702,299.0418,298.5709,298.0565,297.4978,296.8939,296.2441,295.548,294.8052,294.0155,293.1792,292.2971,291.3702,290.4004,289.3901,288.3427,287.2624,286.1544,285.0251,283.8818,282.7316,281.5826,280.4437,279.324,278.2327,277.1786,276.1687,275.2089,274.323,273.536,272.8432,272.1796,271.556,270.9802,270.4507,269.9654
88.0,252.9878,256.0956,259.3137,262.6471,266.1003,269.6674,273.3381,276.0691,278.1512,279.8407,281.2851,282.5856,283.7952,284.9406,286.0354,287.0863,288.0964,289.0671,289.9986,290.8916,291.7467,292.5644,293.3452,294.0894,294.7976,295.4703,296.108,296.7115,297.2814,297.8175,298.3191,298.7857,299.2168,299.6121,299.9714,300.2945,300.5815,300.832,301.0462,301.2239,301.3653,301.4703,301.5393,301.5722,301.5691,301.5296,301.4538,301.3413,301.1918,301.0047,300.7796,300.516,300.213,299.87,299.4863,299.061,298.5931,298.082,297.5267,296.9265,296.2807,295.5888,294.8505,294.0658,293.2348,292.3584,291.4378,290.4747,289.4717,288.4321,287.3599,286.2606,285.1403,284.0061,282.8653,281.7255,280.5955,279.484,278.4,277.3518,276.3459,275.3879,274.5011,273.7091,273.0176,272.3757,271.7722,271.2157,270.7051,270.2387
89.0,252.7702,255.8831,259.1057,262.4418,265.8941,269.4548,273.1109,275.9157,278.0341,279.7469,281.206,282.5155,283.7306,284.8796,285.9768,287.0294,288.0408,289.0125,289.9449,290.8388,291.6948,292.5134,293.2951,294.0403,294.7496,295.4234,296.0625,296.6673,297.2387,297.7764,298.2797,298.748,299.1809,299.5782,299.9395,300.2647,300.5537,300.8064,301.0228,301.2027,301.3463,301.4537,301.525,301.5603,301.5595,301.5224,301.4491,301.339,301.1919,301.0074,300.7849,300.5238,300.2236,299.8834,299.5025,299.0801,298.6154,298.1075,297.5557,296.9592,296.3174,295.6297,294.896,294.1162,293.2906,292.42,291.5056,290.5492,289.5534,288.5214,287.4575,286.3666,285.2552,284.1302,282.9986,281.8679,280.7466,279.6432,278.5664,277.524,276.5221,275.5658,274.678,273.8807,273.1885,272.5645,271.9796,271.4418,270.9497,270.5018
90.0,252.5575,255.6733,258.8962,262.228,265.6691,269.209,272.8312,275.7525,277.9145,279.6519,281.126,282.4447,283.6657,284.8184,285.9181,286.9724,287.9851,288.9579,289.8913,290.786,291.6429,292.4624,293.245,293.9913,294.7016,295.3767,296.017,296.6232,297.1961,297.7354,298.2403,298.7104,299.1452,299.5443,299.9076,300.2348,300.526,300.7808,300.9994,301.1816,301.3274,301.4371,301.5107,301.5483,301.5499,301.5152,301.4443,301.3367,301.1921,301.0101,300.7901,300.5317,300.2341,299.8967,299.5187,299.0993,298.6377,298.1332,297.5848,296.992,296.3541,295.6707,294.9416,294.1667,293.3465,292.4816,291.5735,290.6238,289.6352,288.6108,287.5549,286.4726,285.37,284.254,283.1314,282.0098,280.8971,279.8017,278.7319,277.6951,276.6972,275.7427,274.8539,274.0526,273.3576,272.7483,272.1796,271.659,271.1846,270.7546
91.0,252.3476,255.4614,258.6759,261.9898,265.3989,268.8868,272.4289,275.5671,277.7901,279.5551,281.045,282.3734,283.6004,284.7569,285.8592,286.9153,287.9295,288.9033,289.8377,290.7333,291.591,292.4114,293.195,293.9423,294.6538,295.33,295.9716,296.5792,297.1536,297.6944,298.201,298.6729,299.1095,299.5105,299.8758,300.2051,300.4983,300.7553,300.976,301.1604,301.3085,301.4205,301.4964,301.5364,301.5403,301.5081,301.4395,301.3344,301.1923,301.0128,300.7954,300.5396,300.2447,299.9101,299.5349,299.1185,298.6601,298.1588,297.614,297.0249,296.391,295.7119,294.9873,294.2174,293.4025,292.5434,291.6414,290.6984,289.7169,288.7002,287.6523,286.5784,285.4845,284.3774,283.2638,282.151,281.0468,279.9593,278.8964,277.8652,276.8712,275.9185,275.0289,274.224,273.524,272.9197,272.3694,271.8665,271.4095,270.997
92.0,252.1374,255.2411,258.4353,261.7144,265.07,268.4808,271.9179,275.3518,277.6584,279.4561,280.963,282.3015,283.5347,284.6952,285.8002,286.8582,287.8737,288.8488,289.7841,290.6806,291.5392,292.3605,293.1451,293.8934,294.606,295.2834,295.9263,296.5353,297.1111,297.6536,298.1618,298.6354,299.0739,299.4768,299.844,300.1754,300.4706,300.7298,300.9527,301.1393,301.2897,301.4039,301.4822,301.5244,301.5307,301.5009,301.4348,301.3321,301.1924,301.0155,300.8007,300.5475,300.2553,299.9235,299.5512,299.1378,298.6825,298.1846,297.6432,297.0579,296.4279,295.7531,295.0331,294.2681,293.4585,292.6052,291.7094,290.7731,289.7987,288.7895,287.7496,286.684,285.5988,284.5005,283.3957,282.2916,281.1958,280.116,279.0599,278.0342,277.0441,276.0932,275.2029,274.3946,273.688,273.0838,272.5502,272.0642,271.6242,271.2287
93.0,251.9245,255.0125,258.1833,261.4333,264.7599,268.1544,271.6102,275.1361,277.5207,279.3546,280.8799,282.2289,283.4686,284.6333,285.7411,286.801,287.818,288.7942,289.7305,290.628,291.4875,292.3098,293.0953,293.8446,294.5583,295.2369,295.8811,296.4915,297.0688,297.6128,298.1228,298.5981,299.0384,299.4432,299.8124,300.1457,300.4431,300.7044,300.9295,301.1183,301.2709,301.3874,301.468,301.5126,301.5212,301.4938,301.43,301.3298,301.1927,301.0182,300.806,300.5555,300.266,299.9369,299.5675,299.1572,298.705,298.2104,297.6725,297.0909,296.465,295.7944,295.079,294.319,293.5147,292.6671,291.7775,290.8478,289.8804,288.8787,287.8468,286.7894,285.7127,284.6232,283.5271,282.4316,281.344,280.2718,279.2224,278.2022,277.2158,276.2668,275.3759,274.5642,273.8507,273.2448,272.7245,272.2533,271.8291,271.4496
94.0,251.7085,254.7793,257.9304,261.1626,264.4794,267.8788,271.3591,274.9261,277.379,279.2505,280.7954,282.1557,283.4022,284.5712,285.6818,286.7438,287.7623,288.7397,289.6771,290.5755,291.4359,292.2591,293.0456,293.796,294.5108,295.1906,295.8361,296.4478,297.0266,297.5722,298.0838,298.5609,299.003,299.4097,299.7809,300.1162,300.4157,300.6791,300.9063,301.0974,301.2522,301.371,301.4538,301.5007,301.5117,301.4867,301.4254,301.3276,301.1929,301.021,300.8113,300.5634,300.2767,299.9504,299.5839,299.1765,298.7275,298.2362,297.7019,297.124,296.5021,295.8357,295.125,294.3699,293.5709,292.7291,291.8456,290.9225,289.9622,288.9679,287.9438,286.8946,285.8264,284.7454,283.658,282.571,281.4914,280.4267,279.3839,278.369,277.3864,276.4392,275.5478,274.7329,274.0134,273.403,272.8866,272.4318,272.0234,271.6597
95.0,251.4901,254.5454,257.6826,260.9062,264.2228,267.6322,271.1316,274.7227,277.2348,279.1441,280.7097,282.0817,283.3353,284.5089,285.6225,286.6866,287.7067,288.6853,289.6237,290.5231,291.3844,292.2085,292.996,293.7474,294.4634,295.1444,295.7912,296.4044,296.9846,297.5318,298.045,298.5238,298.9677,299.3763,299.7494,300.0868,300.3883,300.6538,300.8833,301.0765,301.2335,301.3546,301.4397,301.489,301.5023,301.4796,301.4207,301.3254,301.1932,301.0238,300.8167,300.5714,300.2874,299.9639,299.6003,299.196,298.7501,298.2621,297.7313,297.1572,296.5392,295.8772,295.171,294.4208,293.6272,292.7911,291.9137,290.9971,290.0438,289.0569,288.0406,286.9995,285.9396,284.8672,283.7883,282.7096,281.638,280.5807,279.5443,278.5346,277.5557,276.6104,275.7186,274.9007,274.1757,273.5586,273.04,272.6002,272.2071,271.8587
96.0,251.2706,254.3137,257.4425,260.6634,263.9842,267.4038,270.9181,274.5258,277.0892,279.0355,280.6226,282.007,283.2681,284.4464,285.5631,286.6294,287.651,288.6309,289.5704,290.4708,291.3331,292.1581,292.9466,293.6991,294.4162,295.0984,295.7465,296.361,296.9428,297.4915,298.0064,298.4869,298.9326,299.3431,299.7182,300.0576,300.3611,300.6287,300.8603,301.0557,301.215,301.3383,301.4257,301.4773,301.493,301.4727,301.4162,301.3232,301.1935,301.0266,300.8221,300.5795,300.2981,299.9774,299.6168,299.2154,298.7728,298.2881,297.7608,297.1904,296.5764,295.9187,295.2171,294.4719,293.6835,292.8531,291.9818,291.0718,290.1254,289.1458,288.1372,287.1042,286.0525,284.9885,283.918,282.8475,281.7838,280.7337,279.7036,278.6991,277.7239,276.7804,275.8883,275.0676,274.3373,273.7124,273.1899,272.7612,272.3811,272.0468
97.0,251.0515,254.0861,257.2108,260.4326,263.7591,267.1884,270.7146,274.3348,276.943,278.9252,280.5342,281.9316,283.2005,284.3837,285.5036,286.5722,287.5955,288.5767,289.5173,290.4186,291.2819,292.1079,292.8974,293.6509,294.3691,295.0526,295.702,296.3179,296.9011,297.4514,297.968,298.4502,298.8977,299.3101,299.6871,300.0284,300.334,300.6038,300.8375,301.0351,301.1965,301.3221,301.4118,301.4657,301.4837,301.4658,301.4117,301.3211,301.1939,301.0296,300.8276,300.5876,300.3089,299.991,299.6333,299.2349,298.7954,298.3141,297.7904,297.2237,296.6137,295.9603,295.2632,294.5229,293.7399,292.9151,292.0499,291.1463,290.2068,289.2346,288.2335,287.2085,286.165,285.1092,284.047,282.9846,281.9286,280.8856,279.8618,278.8623,277.8908,276.9491,276.0568,275.2334,274.4979,273.865,273.336,272.903,272.5414,272.2229
98.0,250.8341,253.8636,256.9872,260.2121,263.545,266.983,270.5191,274.1493,276.7968,278.8134,280.4446,281.8554,283.1324,284.3207,285.4441,286.515,287.54,288.5225,289.4642,290.3666,291.2309,292.0579,292.8484,293.603,294.3223,295.007,295.6577,296.275,296.8597,297.4115,297.9297,298.4137,298.863,299.2772,299.6561,299.9995,300.3071,300.5789,300.8148,301.0145,301.1782,301.306,301.398,301.4542,301.4745,301.4589,301.4072,301.3191,301.1944,301.0325,300.8331,300.5958,300.3198,300.0047,299.6498,299.2545,298.8182,298.3402,297.8199,297.257,296.6511,296.0019,295.3094,294.574,293.7963,292.9771,292.118,291.2208,290.2882,289.3231,288.3297,287.3125,286.2771,285.2295,284.1754,283.121,282.0726,281.0366,280.0188,279.0244,278.0564,277.1166,276.224,275.3982,274.6576,274.0171,273.4794,273.0379,272.6907,272.3871
99.0,250.6194,253.6466,256.7714,260.0005,263.34,266.7858,270.3303,273.9688,276.6512,278.7004,280.3539,281.7784,283.0639,284.2576,285.3845,286.4578,287.4846,288.4685,289.4114,290.3148,291.18,292.0081,292.7996,293.5553,294.2757,294.9616,295.6136,296.2323,296.8185,297.3719,297.8917,298.3774,298.8284,299.2445,299.6254,299.9707,300.2804,300.5542,300.7922,300.9941,301.16,301.29,301.3843,301.4427,301.4654,301.4522,301.4029,301.3172,301.1949,301.0355,300.8387,300.604,300.3307,300.0184,299.6664,299.2741,298.841,298.3663,297.8496,297.2904,296.6885,296.0435,295.3556,294.6251,293.8526,293.0391,292.186,291.2952,290.3693,289.4115,288.4255,287.4161,286.3886,285.3491,284.3031,283.2565,282.2156,281.1864,280.1747,279.1852,278.2206,277.2828,276.3901,275.5618,274.8163,274.1684,273.6207,273.1687,272.8233,272.5378
100.0,250.4084,253.4354,256.5628,259.7967,263.1427,266.5957,270.1474,273.7928,276.5063,278.5866,280.2622,281.7007,282.995,284.1943,285.3248,286.4006,287.4293,288.4146,289.3587,290.2632,291.1294,291.9584,292.751,293.5078,294.2294,294.9165,295.5698,296.1899,296.7775,297.3324,297.8539,298.3413,298.7941,299.2121,299.5948,299.9421,300.2538,300.5297,300.7698,300.9739,301.142,301.2742,301.3707,301.4314,301.4564,301.4455,301.3986,301.3153,301.1955,301.0386,300.8444,300.6122,300.3417,300.0321,299.6831,299.2938,298.8638,298.3924,297.8793,297.3239,296.7259,296.0852,295.4019,294.6763,293.909,293.101,292.2539,291.3695,290.4504,289.4996,288.521,287.5193,286.4997,285.4682,284.4301,283.3912,282.3577,281.3352,280.3294,279.3447,278.3836,277.4476,276.5548,275.7242,274.974,274.3187,273.7603,273.2963,272.9425,272.6747
101.0,250.2015,253.23,256.361,259.6001,262.9523,266.4117,269.9698,273.621,276.3625,278.4721,280.1695,281.6224,282.9257,284.1308,285.2651,286.3436,287.3741,288.3609,289.3062,290.2117,291.079,291.9091,292.7027,293.4605,294.1833,294.8716,295.5262,296.1477,296.7368,297.2933,297.8164,298.3054,298.76,299.1798,299.5644,299.9137,300.2274,300.5054,300.7476,300.9538,301.1241,301.2585,301.3572,301.4203,301.4476,301.439,301.3944,301.3136,301.1962,301.0418,300.8501,300.6206,300.3527,300.046,299.6998,299.3135,298.8867,298.4187,297.909,297.3573,296.7633,296.1269,295.4481,294.7274,293.9653,293.1629,292.3217,291.4437,290.5312,289.5874,288.6162,287.6221,286.6103,285.5866,284.5563,283.5251,282.4987,281.4829,280.4829,279.5029,278.5452,277.6111,276.7183,275.8854,275.1305,274.4679,273.8989,273.4217,273.0572,272.7943
102.0,249.9992,253.0303,256.1653,259.4096,262.7674,266.2321,269.7947,273.449,276.2193,278.3571,280.076,281.5434,282.8561,284.0671,285.2054,286.2865,287.319,288.3073,289.2539,290.1605,291.0289,291.8599,292.6546,293.4136,294.1375,294.8271,295.483,296.1059,296.6964,297.2544,297.7791,298.2698,298.7262,299.1478,299.5343,299.8855,300.2012,300.4813,300.7255,300.9339,301.1063,301.243,301.3439,301.4092,301.4388,301.4326,301.3904,301.3119,301.1969,301.0451,300.8559,300.629,300.3638,300.0598,299.7165,299.3333,298.9096,298.4449,297.9388,297.3908,296.8008,296.1686,295.4944,294.7785,294.0216,293.2247,292.3894,291.5176,290.6118,289.675,288.7111,287.7244,286.7204,285.7044,284.6818,283.658,282.6388,281.6295,280.6351,279.6597,278.7054,277.7731,276.8803,276.0453,275.2859,274.616,274.0366,273.5454,273.169,272.8995
103.0,249.8015,252.8357,255.9745,259.2225,262.5833,266.0487,269.6081,273.2535,276.0738,278.2414,279.9818,281.4638,282.786,284.0032,285.1456,286.2296,287.2641,288.254,289.2018,290.1096,290.979,291.8111,292.6068,293.3669,294.092,294.7828,295.44,296.0643,296.6563,297.2158,297.7421,298.2345,298.6927,299.1161,299.5045,299.8576,300.1753,300.4574,300.7037,300.9142,301.0888,301.2276,301.3308,301.3983,301.4302,301.4263,301.3864,301.3103,301.1978,301.0484,300.8618,300.6375,300.375,300.0738,299.7333,299.3531,298.9326,298.4712,297.9686,297.4243,296.8383,296.2103,295.5406,294.8295,294.0778,293.2865,292.457,291.5914,290.6922,289.7623,288.8056,287.8263,286.8298,285.8215,284.8065,283.7901,282.7777,281.7748,280.7861,279.8152,278.8642,277.9337,277.041,276.2039,275.4399,274.7629,274.1731,273.6676,273.2788,273.001
104.0,249.6082,252.6451,255.7862,259.0352,262.3943,265.8536,269.4004,273.0248,275.9224,278.1242,279.8867,281.3836,282.7156,283.9392,285.0858,286.1727,287.2093,288.2008,289.1499,290.0589,290.9294,291.7626,292.5593,293.3205,294.0468,294.7388,295.3974,296.023,296.6165,297.1775,297.7054,298.1995,298.6594,299.0846,299.4749,299.8299,300.1496,300.4337,300.6821,300.8947,301.0714,301.2124,301.3178,301.3876,301.4217,301.4201,301.3826,301.3089,301.1988,301.0519,300.8677,300.646,300.3862,300.0878,299.7502,299.373,298.9556,298.4975,297.9984,297.4579,296.8758,296.252,295.5868,294.8805,294.1339,293.3481,292.5245,291.6651,290.7723,289.8493,288.8996,287.9277,286.9387,285.9379,284.9303,283.9211,282.9157,281.919,280.9357,279.9693,279.0215,278.0929,277.2002,276.361,275.5927,274.9086,274.3085,273.7887,273.3871,273.1004
105.0,249.4187,252.4567,255.5971,258.8422,262.1922,265.6346,269.1545,272.7384,275.7594,278.0045,279.7907,281.3028,282.6448,283.875,285.026,286.1159,287.1547,288.1478,289.0983,290.0085,290.8801,291.7143,292.5122,293.2745,294.0019,294.6952,295.355,295.9821,296.577,297.1396,297.669,298.1648,298.6264,299.0534,299.4455,299.8025,300.1241,300.4102,300.6607,300.8753,301.0542,301.1974,301.305,301.377,301.4134,301.4141,301.3789,301.3076,301.1998,301.0554,300.8738,300.6547,300.3975,300.1018,299.7671,299.3929,298.9786,298.5239,298.0283,297.4914,296.9133,296.2937,295.633,294.9315,294.19,293.4096,292.5918,291.7385,290.8522,289.9359,288.9933,288.0286,287.047,286.0536,285.0533,284.0512,283.0525,282.062,281.084,280.122,279.1774,278.2505,277.3579,276.5168,275.7441,275.0529,274.4426,273.9091,273.4942,273.1982
106.0,249.2314,252.2669,255.4,258.6305,261.9548,265.3552,268.81,272.2966,275.5685,277.8793,279.6931,281.2213,282.5736,283.8107,284.9662,286.0592,287.1003,288.0951,289.047,289.9584,290.8311,291.6664,292.4654,293.2288,293.9574,294.652,295.3131,295.9415,296.5379,297.1019,297.633,298.1304,298.5937,299.0225,299.4165,299.7753,300.0989,300.387,300.6395,300.8563,301.0372,301.1826,301.2924,301.3666,301.4053,301.4082,301.3753,301.3064,301.201,301.059,300.88,300.6634,300.4089,300.116,299.7841,299.4129,299.0018,298.5503,298.0581,297.525,296.9508,296.3354,295.6791,294.9824,294.246,293.471,292.6589,291.8116,290.9317,290.0221,289.0865,288.129,287.1546,286.1685,285.1754,284.1803,283.1882,282.2037,281.231,280.2732,279.3317,278.4066,277.514,276.671,275.894,275.1959,274.5755,274.0287,273.6001,273.2949
107.0,249.0443,252.0724,255.1918,258.4003,261.6933,265.0525,268.459,271.8983,275.3611,277.7477,279.5935,281.139,282.5021,283.7462,284.9064,286.0027,287.046,288.0426,288.996,289.9086,290.7824,291.6188,292.4189,293.1835,293.9133,294.609,295.2715,295.9013,296.4991,297.0647,297.5973,298.0964,298.5614,298.9919,299.3877,299.7485,300.074,300.3641,300.6186,300.8374,301.0205,301.168,301.2799,301.3564,301.3973,301.4025,301.3719,301.3053,301.2024,301.0628,300.8862,300.6722,300.4203,300.1302,299.8012,299.4329,299.0249,298.5767,298.088,297.5586,296.9882,296.377,295.7252,295.0332,294.3018,293.5322,292.7258,291.8846,291.011,290.108,289.1792,288.2288,287.2615,286.2826,285.2967,284.3084,283.3227,282.3441,281.3765,280.423,279.4845,278.5611,277.6686,276.8237,276.0425,275.3374,274.707,274.1474,273.7051,273.3906
108.0,248.8561,251.8732,254.9764,258.1649,261.4361,264.7771,268.1772,271.6346,275.1568,277.6115,279.4916,281.0558,282.4302,283.6815,284.8466,285.9462,286.992,287.9904,288.9452,289.8591,290.7341,291.5716,292.3728,293.1385,293.8695,294.5665,295.2303,295.8614,296.4607,297.0278,297.562,298.0627,298.5294,298.9617,299.3593,299.7219,300.0493,300.3414,300.5979,300.8188,301.004,301.1536,301.2677,301.3463,301.3895,301.3969,301.3686,301.3044,301.2038,301.0667,300.8926,300.6811,300.4319,300.1444,299.8183,299.453,299.0481,298.6032,298.118,297.5922,297.0257,296.4186,295.7712,295.0839,294.3575,293.5932,292.7925,291.9572,291.0899,290.1935,289.2714,288.3279,287.3678,286.396,285.417,284.4355,283.4561,282.4832,281.5207,280.5712,279.6357,278.714,277.8216,276.9748,276.1894,275.4775,274.8373,274.2652,273.8092,273.4853
109.0,248.6662,251.6708,254.7594,257.9334,261.1934,264.5296,267.9353,271.4102,274.9591,277.4723,279.3876,280.9715,282.3578,283.6167,284.7869,285.8899,286.9382,287.9385,288.8948,289.8099,290.6861,291.5248,292.3271,293.0939,293.8261,294.5244,295.1895,295.822,296.4227,296.9913,297.527,298.0293,298.4977,298.9318,299.3312,299.6957,300.025,300.319,300.5775,300.8005,300.9877,301.1394,301.2557,301.3365,301.3818,301.3916,301.3655,301.3036,301.2054,301.0706,300.899,300.6901,300.4435,300.1588,299.8355,299.4731,299.0713,298.6297,298.1479,297.6257,297.0632,296.4602,295.8172,295.1345,294.4131,293.6541,292.8589,292.0296,291.1685,290.2785,289.3631,288.4265,287.4733,286.5085,285.5363,284.5614,283.5882,282.6211,281.6634,280.718,279.7854,278.8653,277.9729,277.1243,276.3348,275.6161,274.9662,274.3819,273.9126,273.579
110.0,248.4749,251.4676,254.5448,257.71,260.9656,264.303,267.7162,271.204,274.7682,277.3315,279.2817,280.8862,282.2849,283.5517,284.7271,285.8338,286.8846,287.8868,288.8447,289.7611,290.6385,291.4783,292.2818,293.0498,293.7832,294.4827,295.1491,295.783,296.3851,296.9552,297.4925,297.9964,298.4664,298.9022,299.3034,299.6697,300.001,300.2969,300.5574,300.7824,300.9717,301.1255,301.2439,301.3269,301.3744,301.3863,301.3626,301.3029,301.2071,301.0747,300.9056,300.6992,300.4552,300.1732,299.8527,299.4933,299.0946,298.6562,298.1778,297.6593,297.1006,296.5017,295.863,295.185,294.4686,293.7148,292.9251,292.1016,291.2466,290.363,289.4543,288.5245,287.5781,286.6201,285.6547,284.6862,283.7192,282.7575,281.8047,280.8631,279.9334,279.0149,278.1226,277.2721,276.4785,275.7531,275.0936,274.4975,274.0152,273.6719
111.0,248.2829,251.2656,254.3349,257.4956,260.7508,264.0919,267.5122,271.0094,274.5838,277.1902,279.1743,280.7999,282.2115,283.4866,284.6674,285.7777,286.8312,287.8354,288.7949,289.7127,290.5913,291.4323,292.2369,293.0061,293.7407,294.4415,295.1091,295.7444,296.3479,296.9195,297.4583,297.9638,298.4355,298.8731,299.276,299.6442,299.9773,300.2752,300.5376,300.7646,300.9559,301.1118,301.2323,301.3175,301.3672,301.3813,301.3598,301.3024,301.2089,301.079,300.9123,300.7084,300.467,300.1877,299.87,299.5135,299.1178,298.6827,298.2077,297.6928,297.1379,296.5431,295.9088,295.2354,294.5238,293.7752,292.9911,292.1734,291.3244,290.4472,289.5449,288.6218,287.6822,286.7309,285.772,284.81,283.8489,282.8926,281.9445,281.0067,280.0797,279.1628,278.2705,277.4181,276.6205,275.8884,275.2195,274.6119,274.1169,273.7639
112.0,248.0911,251.0663,254.1307,257.2901,260.5472,263.8926,267.3192,270.8237,274.4054,277.0491,279.0656,280.7126,282.1377,283.4212,284.6077,285.7219,286.7781,287.7844,288.7455,289.6647,290.5445,291.3867,292.1924,292.9628,293.6986,294.4006,295.0696,295.7063,296.3112,296.8842,297.4246,297.9317,298.405,298.8443,299.249,299.6189,299.9539,300.2537,300.5181,300.7471,300.9405,301.0984,301.221,301.3083,301.3601,301.3765,301.3572,301.3021,301.2109,301.0834,300.9191,300.7177,300.4789,300.2023,299.8873,299.5338,299.1412,298.7092,298.2376,297.7263,297.1752,296.5845,295.9545,295.2856,294.5789,293.8355,293.0568,292.2448,291.4018,290.5308,289.635,288.7184,287.7854,286.8407,285.8884,284.9325,283.9772,283.0263,282.0828,281.1487,280.2243,279.3089,278.4167,277.5625,276.7608,276.0221,275.3439,274.725,274.2176,273.8549
113.0,247.9006,250.8706,253.9327,257.0928,260.3531,263.7031,267.1351,270.6453,274.2323,276.9087,278.9559,280.6244,282.0633,283.3557,284.548,285.6662,286.7252,287.7336,288.6964,289.617,290.4981,291.3415,292.1484,292.92,293.657,294.3603,295.0306,295.6686,296.2749,296.8494,297.3913,297.9,298.375,298.8159,299.2223,299.5941,299.9309,300.2326,300.4989,300.7298,300.9253,301.0853,301.21,301.2993,301.3533,301.3719,301.3548,301.302,301.2131,301.0879,300.926,300.7271,300.4909,300.2169,299.9047,299.5541,299.1645,298.7357,298.2675,297.7598,297.2125,296.6258,296.0,295.3357,294.6338,293.8955,293.1221,292.3158,291.4788,290.6138,289.7244,288.8143,287.8878,286.9496,286.0037,285.0539,284.1043,283.1585,282.2195,281.289,280.3673,279.4533,278.561,277.705,276.8993,276.1541,275.4668,274.8368,274.3172,273.9448
114.0,247.7122,250.6792,253.7409,256.9032,260.1673,263.5218,266.9585,270.4733,274.0643,276.7692,278.8457,280.5354,281.9884,283.29,284.4883,285.6107,286.6726,287.6832,288.6477,289.5698,290.4522,291.2968,292.1049,292.8776,293.6159,294.3204,294.992,295.6314,296.2391,296.815,297.3584,297.8687,298.3453,298.7879,299.1961,299.5696,299.9082,300.2118,300.4801,300.7129,300.9103,301.0724,301.1991,301.2906,301.3467,301.3674,301.3526,301.302,301.2154,301.0925,300.933,300.7367,300.503,300.2316,299.9222,299.5744,299.1879,298.7623,298.2974,297.7932,297.2497,296.667,296.0454,295.3856,294.6885,293.9552,293.1872,292.3864,291.5552,290.6964,289.8132,288.9094,287.9894,287.0576,286.1179,285.1741,284.2301,283.2894,282.3546,281.4277,280.5084,279.5959,278.7035,277.8456,277.036,276.2844,275.5879,274.9472,274.4158,274.0335
115.0,247.5265,250.4923,253.5551,256.7206,259.9888,263.3476,266.7885,270.3069,273.9008,276.6311,278.7351,280.4458,281.9131,283.2241,284.4287,285.5553,286.6203,287.6332,288.5994,289.523,290.4067,291.2525,292.0619,292.8358,293.5752,294.2811,294.954,295.5947,296.2038,296.7812,297.326,297.8378,298.3161,298.7603,299.1702,299.5455,299.886,300.1914,300.4615,300.6963,300.8957,301.0598,301.1886,301.2821,301.3404,301.3632,301.3506,301.3022,301.2179,301.0973,300.9402,300.7463,300.5151,300.2464,299.9397,299.5948,299.2112,298.7888,298.3273,297.8266,297.2868,296.708,296.0907,295.4354,294.743,294.0147,293.2519,292.4567,291.6313,290.7784,289.9014,289.0039,288.0902,287.1646,286.231,285.2931,284.3545,283.4187,282.4882,281.5646,280.6478,279.7366,278.8442,277.9844,277.1708,276.4128,275.7075,275.0561,274.5131,274.121
116.0,247.344,250.3102,253.3752,256.5446,259.8171,263.18,266.6244,270.1456,273.7415,276.4945,278.6243,280.3557,281.8374,283.158,284.3691,285.5001,286.5683,287.5835,288.5515,289.4766,290.3617,291.2088,292.0193,292.7944,293.5351,294.2422,294.9164,295.5584,296.169,296.7478,297.2941,297.8074,298.2873,298.7332,299.1448,299.5218,299.8641,300.1713,300.4434,300.6801,300.8814,301.0475,301.1783,301.2739,301.3343,301.3592,301.3487,301.3026,301.2205,301.1022,300.9475,300.756,300.5274,300.2613,299.9573,299.6152,299.2346,298.8153,298.3571,297.86,297.3238,296.749,296.1358,295.4849,294.7972,294.0738,293.3163,292.5265,291.7068,290.8598,289.9889,289.0975,288.19,287.2706,286.343,285.4108,284.4776,283.5465,282.6201,281.6999,280.7854,279.8755,278.9829,278.1213,277.3038,276.5394,275.8253,275.1634,274.6092,274.2073
117.0,247.1653,250.1329,253.201,256.3747,259.6516,263.0182,266.4657,269.9891,273.5862,276.3594,278.5136,280.2652,281.7613,283.0918,284.3096,285.4452,286.5165,287.5341,288.5041,289.4307,290.3172,291.1655,291.9772,292.7536,293.4955,294.2038,294.8794,295.5227,296.1346,296.7149,297.2627,297.7775,298.2589,298.7065,299.1197,299.4985,299.8425,300.1516,300.4255,300.6642,300.8674,301.0355,301.1683,301.266,301.3284,301.3555,301.3471,301.3031,301.2233,301.1073,300.955,300.7659,300.5397,300.2762,299.975,299.6357,299.2581,298.8419,298.3869,297.8932,297.3608,296.7898,296.1808,295.5343,294.8512,294.1327,293.3803,292.5959,291.7818,290.9407,290.0756,289.1904,288.289,287.3756,286.4538,285.5272,284.5992,283.6728,282.7505,281.8334,280.9212,280.0124,279.1197,278.2562,277.4348,276.6642,275.9413,275.2692,274.704,274.2923
118.0,246.9905,249.9605,253.0321,256.2103,259.491,262.8604,266.3092,269.832,273.426,276.225,278.403,280.1743,281.6849,283.0255,284.2501,285.3904,286.4651,287.4852,288.4571,289.3853,290.2731,291.1227,291.9357,292.7133,293.4564,294.166,294.8429,295.4876,296.1009,296.6825,297.2318,297.7481,298.2311,298.6802,299.0952,299.4757,299.8214,300.1323,300.4081,300.6486,300.8538,301.0238,301.1586,301.2583,301.3227,301.3519,301.3457,301.3039,301.2262,301.1126,300.9625,300.7758,300.5522,300.2912,299.9927,299.6562,299.2815,298.8684,298.4167,297.9264,297.3976,296.8306,296.2256,295.5834,294.9049,294.1912,293.4439,292.6649,291.8563,291.0209,290.1617,289.2824,288.387,287.4795,286.5635,285.6424,284.7194,283.7976,282.8791,281.9651,281.0551,280.1474,279.2545,278.3892,277.5638,276.787,276.0556,275.3733,274.7973,274.376
119.0,246.8198,249.7926,252.8678,256.0497,259.3329,262.7024,266.1482,269.6641,273.2458,276.0886,278.2922,280.0832,281.6083,282.9591,284.1906,285.3358,286.414,287.4366,288.4105,289.3403,290.2296,291.0805,291.8947,292.6735,293.4179,294.1288,294.8069,295.453,296.0676,296.6506,297.2014,297.7192,298.2037,298.6544,299.071,299.4532,299.8007,300.1134,300.391,300.6333,300.8405,301.0124,301.1492,301.2509,301.3174,301.3486,301.3445,301.3048,301.2294,301.1179,300.9702,300.7859,300.5647,300.3063,300.0104,299.6767,299.3049,298.8949,298.4464,297.9596,297.4344,296.8711,296.2702,295.6323,294.9583,294.2494,293.5072,292.7334,291.9302,291.1005,290.2471,289.3736,288.4841,287.5824,286.672,285.7562,284.8382,283.9208,283.0061,282.095,281.1871,280.2805,279.3873,278.5201,277.6908,276.9078,276.168,275.4756,274.8892,274.4582
120.0,246.6531,249.6287,252.7067,255.8909,259.1737,262.5392,265.9764,269.4779,273.0379,275.9471,278.1806,279.9918,281.5315,282.8926,284.1313,285.2815,286.3632,287.3884,288.3643,289.2959,290.1866,291.0388,291.8543,292.6343,293.38,294.0921,294.7715,295.4189,296.0349,296.6193,297.1715,297.6908,298.1769,298.6292,299.0474,299.4312,299.7805,300.0949,300.3742,300.6185,300.8275,301.0013,301.1401,301.2437,301.3122,301.3455,301.3435,301.306,301.2327,301.1235,300.978,300.7961,300.5773,300.3215,300.0282,299.6972,299.3283,298.9213,298.4761,297.9926,297.471,296.9115,296.3146,295.681,295.0115,294.3073,293.57,292.8013,292.0036,291.1794,290.3317,289.464,288.5802,287.6842,286.7792,285.8687,284.9555,284.0424,283.1313,282.2231,281.3171,280.4116,279.5181,278.6489,277.8158,277.0267,276.2785,275.5763,274.9796,274.539
121.0,246.49,249.4677,252.5469,255.7306,259.0088,262.3641,265.7844,269.2606,272.7847,275.7961,278.0669,279.8998,281.4545,282.826,284.072,285.2273,286.3127,287.3406,288.3186,289.2519,290.1441,290.9977,291.8144,292.5957,293.3426,294.056,294.7367,295.3854,296.0027,296.5885,297.1421,297.6629,298.1505,298.6043,299.0242,299.4097,299.7606,300.0768,300.3579,300.604,300.8148,300.9906,301.1312,301.2369,301.3074,301.3427,301.3427,301.3073,301.2362,301.1292,300.986,300.8064,300.5901,300.3367,300.046,299.7178,299.3518,298.9478,298.5057,298.0256,297.5075,296.9518,296.3588,295.7294,295.0643,294.3648,293.6324,292.8688,292.0764,291.2576,290.4155,289.5535,288.6753,287.7848,286.8853,285.9798,285.0713,284.1623,283.2548,282.3494,281.4453,280.5407,279.6468,278.7757,277.9387,277.1435,276.3871,275.675,275.0683,274.6182
122.0,246.3298,249.3078,252.3849,255.5628,258.8283,262.1617,265.5479,268.974,272.4271,275.6246,277.9491,279.8068,281.3771,282.7593,284.0129,285.1734,286.2626,287.2933,288.2734,289.2085,290.1021,290.9571,291.7751,292.5577,293.3058,294.0205,294.7025,295.3525,295.9712,296.5583,297.1133,297.6356,298.1246,298.58,299.0015,299.3886,299.7412,300.0591,300.342,300.5898,300.8025,300.9802,301.1227,301.2303,301.3028,301.3401,301.3422,301.3089,301.2399,301.135,300.9941,300.8168,300.6029,300.352,300.0639,299.7384,299.3752,298.9742,298.5352,298.0584,297.5439,296.9918,296.4028,295.7775,295.1168,294.4219,293.6943,292.9358,292.1486,291.3352,290.4986,289.6421,288.7694,287.8844,286.99,286.0895,285.1856,284.2807,283.3765,282.4738,281.5715,280.6677,279.7734,278.9004,278.0595,277.2583,276.4937,275.772,275.1554,274.6959
123.0,246.1713,249.1466,252.2173,255.3834,258.6285,261.9316,265.2763,268.6492,272.0385,275.4333,277.8253,279.7122,281.2993,282.6926,283.9538,285.1198,286.2128,287.2464,288.2287,289.1655,290.0608,290.9171,291.7364,292.5202,293.2696,293.9856,294.6688,295.3202,295.9402,296.5287,297.0851,297.6088,298.0993,298.5562,298.9792,299.368,299.7222,300.0418,300.3265,300.5761,300.7906,300.9701,301.1146,301.224,301.2985,301.3378,301.3419,301.3106,301.2437,301.1411,301.0024,300.8273,300.6158,300.3674,300.0818,299.759,299.3986,299.0005,298.5647,298.0912,297.5801,297.0317,296.4466,295.8254,295.169,294.4786,293.7558,293.0022,292.2201,291.412,290.5808,289.7297,288.8625,287.9827,287.0935,286.1978,285.2983,284.3973,283.4965,282.5963,281.6957,280.7927,279.898,279.0229,278.1781,277.3709,276.5983,275.867,275.2407,274.7719
124.0,246.0133,248.9832,252.0448,255.1975,258.4245,261.7066,265.0321,268.3954,271.797,275.2449,277.6974,279.6158,281.2208,282.6258,283.8949,285.0664,286.1634,287.1999,288.1845,289.1231,290.0199,290.8777,291.6983,292.4834,293.2341,293.9513,294.6358,295.2884,295.9098,296.4997,297.0574,297.5825,298.0745,298.533,298.9575,299.3478,299.7037,300.025,300.3114,300.5627,300.7791,300.9604,301.1067,301.2181,301.2944,301.3357,301.3418,301.3126,301.2478,301.1472,301.0107,300.838,300.6288,300.3828,300.0998,299.7796,299.422,299.0268,298.5941,298.1238,297.6161,297.0714,296.4901,295.873,295.2208,294.5349,293.8168,293.0681,292.291,291.4881,290.6622,289.8164,288.9545,288.0799,287.1957,286.3047,285.4095,284.5123,283.6146,282.7168,281.8178,280.9155,280.0203,279.1432,278.2946,277.4815,276.7009,275.9601,275.3243,274.8463
125.0,245.8553,248.818,251.8701,255.0117,258.2261,261.4971,264.8163,268.1815,271.5952,275.0632,277.5671,279.5177,281.1418,282.5588,283.836,285.0132,286.1143,287.1538,288.1408,289.0813,289.9797,290.8389,291.6608,292.4472,293.1991,293.9176,294.6034,295.2573,295.88,296.4712,297.0303,297.5568,298.0503,298.5102,298.9363,299.3282,299.6857,300.0086,300.2967,300.5498,300.7679,300.951,301.0991,301.2124,301.2907,301.3339,301.342,301.3147,301.252,301.1536,301.0193,300.8487,300.6418,300.3983,300.1178,299.8002,299.4453,299.0531,298.6234,298.1563,297.652,297.1109,296.5334,295.9202,295.2723,294.5908,293.8772,293.1334,292.3613,291.5635,290.7427,289.9022,289.0454,288.176,287.2966,286.4102,285.5191,284.6256,283.731,282.8355,281.938,281.0363,280.1405,279.2613,278.4089,277.5898,276.8014,276.0511,275.4061,274.9189
126.0,245.697,248.6523,251.6964,254.8301,258.0372,261.303,264.621,267.9898,271.4111,274.8886,277.4359,279.4182,281.062,282.4916,283.7773,284.9603,286.0656,287.1083,288.0976,289.04,289.94,290.8006,291.624,292.4116,293.1648,293.8845,294.5716,295.2269,295.8508,296.4433,297.0038,297.5317,298.0266,298.488,298.9156,299.309,299.6681,299.9927,300.2824,300.5372,300.7571,300.942,301.0919,301.207,301.2872,301.3323,301.3423,301.3171,301.2564,301.1601,301.0279,300.8596,300.655,300.4138,300.1358,299.8208,299.4687,299.0793,298.6526,298.1887,297.6878,297.1502,296.5764,295.9672,295.3234,294.6462,293.9372,293.1981,292.4309,291.6381,290.8224,289.987,289.1353,288.2707,287.3961,286.5141,285.6272,284.7372,283.8454,282.9522,282.0561,281.1549,280.2585,279.3772,278.5209,277.696,276.8998,276.1402,275.4859,274.9898
127.0,245.5387,248.4874,251.5256,254.6548,257.8581,261.1221,264.4408,267.8125,271.2383,274.7206,277.3047,279.3176,280.9815,282.4242,283.7186,284.9077,286.0173,287.0631,288.0549,288.9993,289.901,290.7631,291.5878,292.3767,293.1312,293.8521,294.5405,295.197,295.8223,296.4161,296.9779,297.5072,298.0035,298.4663,298.8954,299.2904,299.651,299.9772,300.2686,300.5251,300.7466,300.9333,301.0851,301.202,301.284,301.331,301.343,301.3197,301.261,301.1668,301.0367,300.8706,300.6682,300.4294,300.1539,299.8414,299.492,299.1054,298.6817,298.2209,297.7233,297.1892,296.6191,296.0138,295.3741,294.7012,293.9967,293.2622,292.4998,291.7119,290.9012,290.0708,289.224,288.3643,287.4943,286.6166,285.7336,284.847,283.958,283.0669,282.1721,281.2714,280.3743,279.4909,278.6307,277.7999,276.996,276.2272,275.5638,275.0588
128.0,245.3812,248.3246,251.3593,254.4864,257.6885,260.9524,264.2722,267.646,271.0743,274.5588,277.1743,279.2163,280.9004,282.3565,283.66,284.8553,285.9694,287.0185,288.0128,288.9592,289.8626,290.7261,291.5522,292.3424,293.0982,293.8204,294.5101,295.1678,295.7944,296.3895,296.9526,297.4833,297.9809,298.4452,298.8757,299.2722,299.6344,299.9621,300.2552,300.5134,300.7366,300.925,301.0785,301.1972,301.2811,301.33,301.3438,301.3225,301.2658,301.1736,301.0456,300.8817,300.6816,300.445,300.1719,299.862,299.5152,299.1314,298.7107,298.253,297.7587,297.228,296.6616,296.06,295.4244,294.7557,294.0556,293.3256,292.5679,291.7848,290.979,290.1535,289.3116,288.4566,287.5911,286.7176,285.8383,284.955,284.0687,283.1795,282.286,281.3856,280.4878,279.6022,278.7381,277.9016,277.09,276.3121,275.6397,275.126
129.0,245.2249,248.1649,251.1982,254.3253,257.5276,260.7922,264.1131,267.4883,270.9177,274.4025,277.0451,279.1145,280.8189,282.2887,283.6014,284.8032,285.9218,286.9743,287.9712,288.9196,289.8247,290.6898,291.5173,292.3088,293.0658,293.7894,294.4803,295.1393,295.7671,296.3635,296.928,297.4599,297.9589,298.4246,298.8566,299.2546,299.6183,299.9476,300.2422,300.502,300.727,300.9171,301.0723,301.1928,301.2785,301.3292,301.3449,301.3255,301.2708,301.1806,301.0547,300.8929,300.695,300.4607,300.19,299.8826,299.5385,299.1574,298.7395,298.2849,297.7938,297.2666,296.7037,296.1059,295.4742,294.8097,294.1139,293.3885,292.6354,291.857,291.056,290.2352,289.3981,288.5476,287.6865,286.817,285.9414,285.0612,284.1775,283.2902,282.3977,281.4977,280.599,279.7113,278.8433,278.001,277.1819,276.3949,275.7135,275.1912
130.0,245.0706,248.0089,251.0426,254.1711,257.3747,260.6404,263.9622,267.338,270.7674,274.2515,276.9175,279.0126,280.737,282.2207,283.543,284.7514,285.8747,286.9306,287.9301,288.8807,289.7875,290.6542,291.483,292.2759,293.0342,293.759,294.4511,295.1114,295.7405,296.3382,296.9039,297.4372,297.9375,298.4046,298.838,299.2375,299.6027,299.9335,300.2297,300.4911,300.7177,300.9095,301.0665,301.1887,301.2762,301.3287,301.3463,301.3287,301.2759,301.1877,301.0639,300.9042,300.7084,300.4765,300.2081,299.9032,299.5616,299.1833,298.7683,298.3167,297.8287,297.3048,296.7455,296.1515,295.5237,294.8633,294.1717,293.4506,292.7021,291.9283,291.132,290.3159,289.4833,288.6374,287.7804,286.9149,286.0428,285.1657,284.2844,283.3988,282.5074,281.6075,280.708,279.818,278.9462,278.0981,277.2715,276.4755,275.7853,275.2544
131.0,244.9189,247.8571,250.8928,254.0238,257.2292,260.4961,263.8186,267.1943,270.6229,274.1052,276.7917,278.9109,280.6548,282.1526,283.4846,284.6998,285.8279,286.8874,287.8896,288.8424,289.751,290.6192,291.4495,292.2437,293.0032,293.7293,294.4227,295.0843,295.7146,296.3135,296.8805,297.4151,297.9168,298.3852,298.82,299.2209,299.5876,299.9199,300.2177,300.4807,300.7089,300.9023,301.061,301.185,301.2741,301.3285,301.3479,301.3322,301.2813,301.195,301.0732,300.9156,300.722,300.4923,300.2262,299.9238,299.5847,299.2091,298.7969,298.3483,297.8634,297.3428,296.787,296.1966,295.5726,294.9162,294.2288,293.5121,292.768,291.9988,291.207,290.3955,289.5674,288.7258,287.873,287.0112,286.1425,285.2683,284.3893,283.5054,282.6148,281.7151,280.8146,279.9224,279.0466,278.1929,277.3588,276.554,275.8549,275.3156
132.0,244.7703,247.7099,250.7488,253.883,257.0906,260.3588,263.6816,267.0567,270.4838,273.9634,276.6678,278.8095,280.5725,282.0843,283.4263,284.6485,285.7816,286.8447,287.8497,288.8046,289.7151,290.5849,291.4166,292.2121,292.973,293.7003,294.395,295.0578,295.6893,296.2895,296.8577,297.3936,297.8966,298.3663,298.8025,299.2048,299.573,299.9068,300.2061,300.4706,300.7004,300.8955,301.0559,301.1815,301.2724,301.3285,301.3497,301.3358,301.2868,301.2025,301.0826,300.927,300.7356,300.5081,300.2444,299.9443,299.6077,299.2348,298.8253,298.3796,297.8979,297.3806,296.8281,296.2414,295.6212,294.9687,294.2854,293.5729,292.8331,292.0683,291.281,290.474,289.6503,288.8128,287.964,287.106,286.2405,285.3691,284.4923,283.6099,282.7201,281.8204,280.919,280.0244,279.1447,278.2853,277.4439,276.6303,275.9223,275.3747
133.0,244.6253,247.5675,250.6107,253.7487,256.9585,260.2278,263.5507,266.9247,270.3496,273.8259,276.5461,278.7088,280.4902,282.0161,283.3681,284.5974,285.7357,286.8025,287.8104,288.7675,289.6799,290.5512,291.3844,292.1813,292.9434,293.672,294.3679,295.0319,295.6647,296.2661,296.8356,297.3727,297.877,298.3481,298.7856,299.1893,299.5589,299.8942,300.1949,300.461,300.6924,300.8891,301.0511,301.1784,301.271,301.3288,301.3517,301.3397,301.2925,301.2101,301.0922,300.9386,300.7493,300.5239,300.2625,299.9647,299.6307,299.2603,298.8536,298.4108,297.9321,297.418,296.8689,296.2857,295.6692,295.0206,294.3413,293.633,292.8975,292.137,291.3541,290.5514,289.7319,288.8986,288.0536,287.1991,286.3368,285.468,284.5932,283.7122,282.8232,281.9234,281.0209,280.124,279.2404,278.3753,277.5266,276.7044,275.9874,275.4317
134.0,244.4842,247.43,250.4784,253.6204,256.8327,260.103,263.4255,266.798,270.22,273.6923,276.4264,278.6087,280.4081,281.9479,283.3101,284.5467,285.6901,286.7608,287.7716,288.7311,289.6453,290.5183,291.3529,292.1512,292.9146,293.6444,294.3416,295.0068,295.6408,296.2434,296.8141,297.3525,297.858,298.3304,298.7693,299.1743,299.5453,299.882,300.1843,300.4519,300.6848,300.883,301.0466,301.1756,301.2698,301.3294,301.3541,301.3438,301.2984,301.2179,301.1019,300.9503,300.763,300.5398,300.2806,299.9852,299.6536,299.2858,298.8818,298.4418,297.9661,297.4551,296.9094,296.3296,295.7168,295.072,294.3966,293.6923,292.961,292.2048,291.4261,290.6276,289.8123,288.9829,288.1417,287.2906,286.4313,285.565,284.6922,283.8125,282.924,282.0241,281.1205,280.2212,279.3337,278.463,277.607,276.7763,276.0503,275.4865
135.0,244.3472,247.2976,250.3518,253.4982,256.7129,259.9839,263.3057,266.6761,270.0949,273.5626,276.309,278.5096,280.3262,281.8798,283.2523,284.4962,285.645,286.7197,287.7334,288.6952,289.6114,290.4861,291.3221,292.1218,292.8865,293.6176,294.316,294.9824,295.6176,296.2214,296.7933,297.3329,297.8397,298.3133,298.7535,299.1599,299.5322,299.8704,300.1741,300.4432,300.6776,300.8774,301.0426,301.1731,301.269,301.3302,301.3566,301.3481,301.3045,301.2258,301.1117,300.9621,300.7768,300.5557,300.2987,300.0056,299.6764,299.3111,298.9097,298.4726,297.9998,297.4919,296.9494,296.3731,295.7638,295.1227,294.4512,293.7509,293.0237,292.2716,291.4971,290.7027,289.8914,289.0659,288.2283,287.3804,286.524,285.6601,284.7892,283.9106,283.0226,282.1225,281.2177,280.316,279.4245,278.5482,277.6851,276.8459,276.1109,275.5392
136.0,244.2147,247.1704,250.2309,253.3815,256.5982,259.8692,263.189,266.5554,269.9677,273.426,276.1924,278.4112,280.2446,281.8119,283.1946,284.4461,285.6004,286.679,287.6958,288.6601,289.5782,290.4545,291.2921,292.0931,292.8591,293.5915,294.2911,294.9588,295.5951,296.2001,296.7732,297.3139,297.822,298.2969,298.7383,299.146,299.5197,299.8592,300.1643,300.4349,300.6708,300.8721,301.0388,301.171,301.2685,301.3313,301.3594,301.3526,301.3108,301.2338,301.1216,300.9739,300.7906,300.5716,300.3167,300.0259,299.6991,299.3362,298.9375,298.5031,298.0333,297.5284,296.9891,296.4161,295.8103,295.1729,294.5052,293.8088,293.0855,292.3375,291.567,290.7767,289.9693,289.1475,288.3133,287.4686,286.615,285.7533,284.8841,284.0066,283.119,282.2186,281.3125,280.4083,279.5129,278.631,277.7608,276.9132,276.1692,275.5895
137.0,244.0867,247.0482,250.1152,253.2696,256.4874,259.7568,263.0723,266.4313,269.8327,273.2757,276.0746,278.3133,280.1634,281.7442,283.1372,284.3963,285.5561,286.6389,287.6588,288.6255,289.5456,290.4237,291.2628,292.0652,292.8325,293.5661,294.2669,294.9358,295.5733,296.1795,296.7537,297.2957,297.8049,298.281,298.7237,299.1327,299.5077,299.8486,300.1551,300.427,300.6644,300.8672,301.0355,301.1692,301.2683,301.3327,301.3624,301.3573,301.3172,301.242,301.1316,300.9858,300.8045,300.5875,300.3348,300.0462,299.7216,299.3613,298.9651,298.5334,298.0664,297.5645,297.0284,296.4586,295.8563,295.2225,294.5585,293.8659,293.1465,292.4024,291.6358,290.8494,290.0458,289.2276,288.3968,287.5552,286.7041,285.8446,284.9769,284.1004,283.2131,282.3123,281.4049,280.4982,279.5988,278.7113,277.8341,276.9783,276.225,275.6376
138.0,243.9632,246.9308,250.004,253.1614,256.3787,259.6443,262.9525,266.3002,269.6858,273.1077,275.9537,278.2153,280.0825,281.6768,283.0801,284.3468,285.5123,286.5993,287.6224,288.5916,289.5138,290.3936,291.2342,292.038,292.8066,293.5415,294.2435,294.9136,295.5522,296.1595,296.7349,297.278,297.7884,298.2657,298.7097,299.1199,299.4963,299.8384,300.1463,300.4197,300.6585,300.8627,301.0325,301.1677,301.2683,301.3343,301.3657,301.3622,301.3238,301.2504,301.1418,300.9978,300.8184,300.6035,300.3528,300.0663,299.7441,299.3861,298.9925,298.5634,298.0992,297.6003,297.0672,296.5007,295.9017,295.2714,294.611,293.9221,293.2066,292.4663,291.7036,290.921,290.121,289.3063,288.4787,287.64,286.7914,285.9339,285.0677,284.192,283.3049,282.4036,281.4949,280.5855,279.6822,278.7891,277.905,277.0411,276.2785,275.6833
139.0,243.8443,246.8178,249.8965,253.0553,256.2699,259.5287,262.8257,266.1573,269.521,272.9144,275.827,278.1165,280.0017,281.6095,283.0232,284.2977,285.469,286.5603,287.5867,288.5584,289.4827,290.3642,291.2064,292.0115,292.7815,293.5176,294.2208,294.8921,295.5319,296.1403,296.7168,297.2611,297.7726,298.2511,298.6962,299.1077,299.4853,299.8288,300.138,300.4127,300.6529,300.8586,301.0298,301.1665,301.2687,301.3363,301.3692,301.3673,301.3306,301.2589,301.152,301.0099,300.8324,300.6194,300.3707,300.0865,299.7665,299.4109,299.0197,298.5932,298.1317,297.6357,297.1056,296.5423,295.9466,295.3197,294.6629,293.9776,293.2658,292.5292,291.7703,290.9913,290.1949,289.3835,288.5591,287.7231,286.8769,286.0213,285.1564,284.2814,283.3944,282.4926,281.5823,280.6704,279.7631,278.8645,277.9735,277.1016,276.3296,275.7266
140.0,243.7294,246.7085,249.7914,252.9494,256.1581,259.4058,262.6858,265.9936,269.3254,272.6773,275.6901,278.0156,279.9206,281.5425,282.9667,284.2491,285.4261,286.5218,287.5515,288.5259,289.4522,290.3356,291.1793,291.9859,292.7571,293.4945,294.1989,294.8713,295.5123,296.1218,296.6994,297.2448,297.7574,298.2371,298.6834,299.0961,299.4749,299.8197,300.1302,300.4062,300.6478,300.8549,301.0275,301.1657,301.2693,301.3384,301.3729,301.3726,301.3376,301.2675,301.1624,301.022,300.8464,300.6353,300.3887,300.1065,299.7887,299.4354,299.0467,298.6227,298.1639,297.6707,297.1436,296.5834,295.9909,295.3673,294.714,294.0323,293.324,292.5911,291.8358,291.0604,290.2674,289.4593,288.6378,287.8045,286.9605,286.1067,285.243,284.3687,283.4816,282.5791,281.6674,280.7528,279.8415,278.9374,278.0395,277.1598,276.3783,275.7675
141.0,243.6183,246.6016,249.6861,252.8392,256.0361,259.2639,262.5141,265.7797,269.053,272.3247,275.5297,277.9099,279.8388,281.4755,282.9104,284.2007,285.3838,286.4839,287.517,288.494,289.4225,290.3077,291.1529,291.961,292.7335,293.4721,294.1777,294.8513,295.4934,296.104,296.6827,297.2291,297.7429,298.2237,298.6712,299.085,299.4651,299.8111,300.1228,300.4002,300.6431,300.8516,301.0256,301.1652,301.2703,301.3409,301.3769,301.3782,301.3447,301.2763,301.1728,301.0342,300.8604,300.6512,300.4065,300.1264,299.8108,299.4597,299.0734,298.652,298.1958,297.7053,297.1811,296.6239,296.0346,295.4143,294.7643,294.0861,293.3813,292.652,291.9002,291.1282,290.3386,289.5336,288.715,287.8841,287.0423,286.1901,285.3275,284.4536,283.5665,282.6633,281.7499,280.8327,279.9173,279.0077,278.1031,277.2156,276.4245,275.8059
142.0,243.51,246.4959,249.5795,252.7248,255.9073,259.1148,262.34,265.5787,268.8285,272.0898,275.3676,277.8003,279.7557,281.4085,282.8544,284.1528,285.3419,286.4465,287.4831,288.4628,289.3935,290.2805,291.1274,291.9368,292.7107,293.4505,294.1573,294.832,295.4752,296.0869,296.6667,297.2142,297.729,298.2109,298.6595,299.0745,299.4558,299.803,300.116,300.3946,300.6388,300.8486,301.024,301.165,301.2715,301.3436,301.3811,301.3839,301.3519,301.2851,301.1834,301.0465,300.8744,300.6671,300.4243,300.1462,299.8327,299.4839,299.0999,298.6809,298.2273,297.7396,297.2182,296.6639,296.0777,295.4606,294.8139,294.139,293.4377,292.7118,291.9634,291.1948,290.4084,289.6064,288.7905,287.962,287.1222,286.2715,285.4099,284.5364,283.649,282.745,281.83,280.91,279.9906,279.0756,278.1642,277.269,276.4683,275.8419
143.0,243.404,246.3911,249.4724,252.6092,255.7787,258.9704,262.1797,265.4055,268.6495,271.9158,275.2118,277.6886,279.6716,281.3412,282.7986,284.1053,285.3005,286.4097,287.4498,288.4323,289.3653,290.2541,291.1026,291.9134,292.6887,293.4297,294.1377,294.8135,295.4578,296.0705,296.6513,297.1999,297.7158,298.1988,298.6485,299.0646,299.447,299.7954,300.1096,300.3895,300.635,300.8461,301.0228,301.1652,301.2731,301.3465,301.3855,301.3898,301.3594,301.2941,301.194,301.0588,300.8885,300.6829,300.4421,300.1659,299.8545,299.5079,299.1261,298.7096,298.2585,297.7734,297.2548,296.7034,296.1202,295.5062,294.8627,294.1911,293.4932,292.7706,292.0255,291.2601,290.4768,289.6776,288.8643,288.0382,287.2002,286.3508,285.4901,284.6169,283.7292,282.8243,281.9076,280.9848,280.0613,279.1409,278.2229,277.32,276.5097,275.8753
144.0,243.3001,246.2877,249.3663,252.4957,255.6549,258.8355,262.035,265.254,268.4952,271.7632,275.0634,277.5766,279.5865,281.2737,282.743,284.0581,285.2596,286.3735,287.4172,288.4025,289.3377,290.2284,291.0785,291.8908,292.6674,293.4097,294.1188,294.7957,295.4411,296.0549,296.6367,297.1863,297.7033,298.1873,298.638,299.0553,299.4387,299.7883,300.1037,300.3848,300.6315,300.8439,301.022,301.1656,301.2749,301.3498,301.3901,301.3959,301.3669,301.3032,301.2047,301.0711,300.9025,300.6987,300.4597,300.1855,299.8761,299.5316,299.1521,298.7379,298.2893,297.8067,297.2908,296.7423,296.162,295.5511,294.9107,294.2423,293.5476,292.8283,292.0864,291.3241,290.5437,289.7474,288.9365,288.1125,287.2762,286.4282,285.5682,284.6952,283.807,282.9011,281.9826,281.057,280.1295,279.2036,278.2791,277.3686,276.5486,275.9061
145.0,243.1981,246.1865,249.263,252.3866,255.5382,258.7111,261.9039,265.118,268.3564,271.623,274.9221,277.465,279.5009,281.2059,282.6875,284.0113,285.2192,286.3379,287.3852,288.3734,289.3109,290.2035,291.0553,291.869,292.6469,293.3904,294.1007,294.7787,295.4251,296.0399,296.6228,297.1734,297.6913,298.1764,298.6282,299.0465,299.4311,299.7817,300.0983,300.3806,300.6285,300.8421,301.0214,301.1664,301.277,301.3532,301.395,301.4021,301.3747,301.3125,301.2154,301.0835,300.9165,300.7145,300.4773,300.205,299.8976,299.5551,299.1778,298.7659,298.3197,297.8397,297.3264,296.7806,296.2032,295.5953,294.9579,294.2927,293.601,292.8849,292.1461,291.3868,290.6093,289.8155,289.0071,288.1851,287.3504,286.5035,285.6441,284.7711,283.8825,282.9755,282.0552,281.1267,280.1951,279.2638,278.3328,277.4149,276.5851,275.9344
146.0,243.0985,246.0882,249.1638,252.2834,255.4295,258.5966,261.7842,264.994,268.2287,271.4919,274.7874,277.3549,279.4151,281.138,282.6321,283.9649,285.1793,286.3028,287.3539,288.345,289.2848,290.1794,291.0328,291.848,292.6272,293.3719,294.0834,294.7625,295.4099,296.0257,296.6096,297.1611,297.6801,298.1661,298.6189,299.0383,299.4239,299.7757,300.0933,300.3768,300.6259,300.8407,301.0213,301.1675,301.2794,301.3569,301.4,301.4086,301.3825,301.3218,301.2263,301.0959,300.9306,300.7302,300.4948,300.2243,299.9188,299.5784,299.2032,298.7936,298.3497,297.8722,297.3615,296.8184,296.2438,295.6387,295.0043,294.342,293.6535,292.9403,292.2046,291.4482,290.6734,289.8821,289.0759,288.2558,287.4226,286.5767,285.7178,284.8448,283.9556,283.0475,282.1252,281.1938,280.2581,279.3215,278.384,277.4587,276.6192,275.96
147.0,243.0015,245.9938,249.0697,252.1866,255.3287,258.4913,261.6744,264.8797,268.1101,271.3686,274.6586,277.2465,279.3295,281.0701,282.5769,283.9188,285.1398,286.2684,287.3232,288.3173,289.2595,290.156,291.0111,291.8278,292.6083,293.3542,294.0669,294.747,295.3955,296.0123,296.5971,297.1496,297.6695,298.1565,298.6103,299.0306,299.4173,299.7701,300.0889,300.3734,300.6237,300.8397,301.0215,301.1689,301.2821,301.3609,301.4053,301.4152,301.3905,301.3312,301.2372,301.1083,300.9446,300.7459,300.5122,300.2435,299.9399,299.6015,299.2284,298.8209,298.3793,297.9042,297.396,296.8555,296.2836,295.6813,295.0498,294.3905,293.7049,292.9947,292.2618,291.5082,290.736,289.9472,289.143,288.3247,287.4929,286.6479,285.7894,284.9162,284.0263,283.1169,282.1927,281.2584,280.3186,279.3765,278.4326,277.5001,276.6509,275.983
148.0,242.9078,245.9039,248.9813,252.0966,255.2357,258.3945,261.5733,264.7739,267.9992,271.252,274.5355,277.1402,279.2443,281.0023,282.5219,283.8731,285.1009,286.2345,287.2932,288.2903,289.2349,290.1334,290.9902,291.8083,292.5902,293.3373,294.0511,294.7324,295.3818,295.9996,296.5853,297.1387,297.6596,298.1475,298.6023,299.0236,299.4113,299.7651,300.0849,300.3705,300.6219,300.8391,301.022,301.1707,301.285,301.3651,301.4108,301.422,301.3987,301.3408,301.2481,301.1208,300.9586,300.7615,300.5295,300.2625,299.9608,299.6243,299.2532,298.8478,298.4085,297.9357,297.43,296.8921,296.3228,295.7232,295.0945,294.438,293.7553,293.0479,292.3178,291.5669,290.7972,290.0106,289.2085,288.3918,287.5612,286.717,285.8588,284.9853,284.0946,283.1839,282.2576,281.3203,280.3764,279.429,278.4788,277.539,276.6801,276.0033
149.0,242.8177,245.8192,248.8989,252.0136,255.1502,258.3055,261.48,264.6757,267.8952,271.1415,274.4175,277.0364,279.1598,280.9346,282.4671,283.8277,285.0624,286.2012,287.2639,288.264,289.2111,290.1116,290.97,291.7897,292.5729,293.3212,294.0361,294.7184,295.3689,295.9876,296.5742,297.1286,297.6503,298.1392,298.5948,299.0171,299.4058,299.7606,300.0814,300.3681,300.6206,300.8388,301.0229,301.1727,301.2883,301.3695,301.4164,301.4289,301.4069,301.3504,301.2591,301.1332,300.9725,300.777,300.5466,300.2814,299.9814,299.6468,299.2777,298.8744,298.4373,297.9667,297.4634,296.928,296.3613,295.7643,295.1383,294.4846,293.8046,293.1,292.3725,291.6241,290.8569,290.0725,289.2722,288.457,287.6276,286.784,285.9259,285.0521,284.1605,283.2484,282.32,281.3797,280.4316,279.479,278.5224,277.5755,276.707,276.0209
150.0,242.7318,245.7401,248.8228,251.9374,255.072,258.2239,261.394,264.5843,267.7976,271.0366,274.3044,276.935,279.0762,280.8674,282.4126,283.7827,285.0245,286.1685,287.2352,288.2384,289.188,290.0905,290.9507,291.7719,292.5563,293.3059,294.0219,294.7053,295.3567,295.9763,296.5639,297.1191,297.6417,298.1314,298.588,299.0112,299.4008,299.7566,300.0784,300.3661,300.6196,300.839,301.0241,301.175,301.2918,301.3742,301.4223,301.436,301.4153,301.3601,301.2702,301.1457,300.9864,300.7924,300.5636,300.3001,300.0019,299.6691,299.3019,298.9006,298.4656,297.9973,297.4962,296.9632,296.399,295.8046,295.1813,294.5302,293.8528,293.1508,292.426,291.68,290.915,290.1327,289.3342,288.5204,287.6919,286.8489,285.9909,285.1166,284.2239,283.3104,282.3798,281.4365,280.4843,279.5263,278.5635,277.6096,276.7315,276.0358
151.0,242.6505,245.6669,248.7532,251.8681,255.0008,258.1493,261.3148,264.4994,267.7058,270.937,274.1959,276.8362,278.9937,280.8005,282.3584,283.7381,284.987,286.1364,287.2071,288.2136,289.1656,290.0703,290.9322,291.7548,292.5406,293.2914,294.0085,294.6929,295.3453,295.9658,296.5542,297.1103,297.6338,298.1243,298.5818,299.0059,299.3963,299.7531,300.0758,300.3645,300.6191,300.8394,301.0257,301.1777,301.2955,301.3791,301.4284,301.4433,301.4238,301.3698,301.2813,301.1581,301.0003,300.8077,300.5805,300.3186,300.0221,299.6911,299.3258,298.9264,298.4935,298.0273,297.5285,296.9978,296.436,295.8441,295.2233,294.5748,293.9,293.2005,292.4781,291.7346,290.9717,290.1913,289.3944,288.5819,287.7543,286.9117,286.0536,285.1788,284.285,283.3699,282.4371,281.4906,280.5343,279.5711,278.6021,277.6412,276.7536,276.048
152.0,242.5743,245.5998,248.6902,251.8056,254.9364,258.0814,261.242,264.4204,267.6196,270.8424,274.0917,276.7401,278.9125,280.7343,282.3046,283.6939,284.9501,286.1049,287.1798,288.1894,289.1441,290.0508,290.9144,291.7386,292.5257,293.2777,293.9959,294.6813,295.3346,295.956,296.5453,297.1022,297.6265,298.1179,298.5762,299.0011,299.3925,299.7501,300.0738,300.3634,300.6189,300.8403,301.0275,301.1806,301.2995,301.3842,301.4346,301.4507,301.4324,301.3796,301.2924,301.1705,301.0141,300.823,300.5973,300.3369,300.042,299.7127,299.3493,298.9519,298.5209,298.0568,297.5602,297.0317,296.4723,295.8828,295.2644,294.6184,293.9461,293.2491,292.529,291.7877,291.0269,290.2482,289.4528,288.6415,287.8147,286.9724,286.1141,285.2386,284.3436,283.4269,282.4918,281.5422,280.5817,279.6132,278.6382,277.6704,276.7734,276.0574
153.0,242.5035,245.5391,248.6338,251.7497,254.8787,258.02,261.1753,264.3473,267.5387,270.7526,273.9918,276.6466,278.8326,280.6687,282.2513,283.6502,284.9137,286.074,287.1531,288.166,289.1232,290.032,290.8975,291.7231,292.5116,293.2648,293.9841,294.6705,295.3247,295.947,296.537,297.0948,297.6198,298.1121,298.5711,298.9969,299.3891,299.7476,300.0721,300.3627,300.6192,300.8415,301.0297,301.1838,301.3038,301.3895,301.441,301.4582,301.4411,301.3895,301.3035,301.1829,301.0278,300.8381,300.6138,300.355,300.0617,299.7341,299.3724,298.9768,298.5478,298.0858,297.5913,297.065,296.5078,295.9207,295.3046,294.661,293.991,293.2964,292.5785,291.8393,291.0805,290.3035,289.5095,288.6992,287.8731,287.031,286.1724,285.2961,284.3999,283.4814,282.544,281.5912,280.6265,279.6528,278.6717,277.6971,276.7909,276.064
154.0,242.4385,245.4849,248.5841,251.7005,254.8274,257.9647,261.1145,264.2796,267.4628,270.6672,273.8958,276.5558,278.7543,280.604,282.1985,283.607,284.8778,286.0437,287.1271,288.1433,289.1032,290.0141,290.8813,291.7085,292.4983,293.2527,293.9731,294.6604,295.3156,295.9386,296.5295,297.088,297.6139,298.1069,298.5667,298.9933,299.3863,299.7456,300.071,300.3624,300.6198,300.8431,301.0323,301.1874,301.3083,301.3951,301.4476,301.4659,301.4499,301.3995,301.3146,301.1953,301.0415,300.8531,300.6303,300.3729,300.0812,299.7552,299.3952,299.0014,298.5742,298.1142,297.6217,297.0976,296.5426,295.9576,295.3439,294.7025,294.0349,293.3424,292.6268,291.8896,291.1325,290.3572,289.5644,288.7551,287.9294,287.0874,286.2285,285.3512,284.4536,283.5334,282.5936,281.6376,280.6687,279.6898,278.7027,277.7215,276.806,276.0679
155.0,242.3796,245.4373,248.5409,251.6578,254.7825,257.9155,261.0595,264.2172,267.3917,270.5863,273.8038,276.4677,278.6775,280.5402,282.1463,283.5643,284.8424,286.014,287.1017,288.1213,289.0839,289.997,290.866,291.6947,292.4858,293.2414,293.9628,294.6511,295.3072,295.9311,296.5227,297.082,297.6086,298.1023,298.5629,298.9902,299.384,299.7441,300.0703,300.3626,300.6208,300.845,301.0351,301.1911,301.3131,301.4008,301.4544,301.4737,301.4588,301.4095,301.3258,301.2077,301.0551,300.868,300.6465,300.3906,300.1004,299.7759,299.4176,299.0255,298.6002,298.142,297.6515,297.1294,296.5765,295.9938,295.3822,294.743,294.0776,293.3873,292.6737,291.9384,291.183,290.4091,289.6176,288.809,287.9838,287.1417,286.2823,285.404,284.505,283.5829,282.6406,281.6814,280.7083,279.7242,278.7311,277.7433,276.8188,276.069
156.0,242.3271,245.3964,248.5044,251.6215,254.7437,257.8722,261.0099,264.1599,267.3254,270.5096,273.7155,276.3824,278.6024,280.4773,282.0948,283.5221,284.8077,285.985,287.077,288.1001,289.0653,289.9806,290.8514,291.6817,292.4742,293.2309,293.9534,294.6426,295.2995,295.9242,296.5166,297.0766,297.6039,298.0983,298.5597,298.9877,299.3822,299.7431,300.0701,300.3632,300.6223,300.8473,301.0383,301.1952,301.3181,301.4068,301.4613,301.4817,301.4677,301.4195,301.3369,301.22,301.0686,300.8828,300.6626,300.408,300.1192,299.7964,299.4396,299.0492,298.6256,298.1692,297.6807,297.1605,296.6097,296.029,295.4195,294.7825,294.1191,293.4309,292.7192,291.9857,291.2319,290.4594,289.6689,288.861,288.0361,287.1939,286.3338,285.4545,284.5539,283.6299,282.6851,281.7225,280.7453,279.756,278.7571,277.7628,276.8293,276.0674
157.0,242.2812,245.3623,248.4745,251.5917,254.7111,257.8347,260.9657,264.1076,267.2636,270.437,273.6308,276.2997,278.5291,280.4155,282.044,283.4806,284.7735,285.9565,287.0531,288.0795,289.0475,289.965,290.8377,291.6695,292.4633,293.2212,293.9447,294.6349,295.2926,295.9181,296.5113,297.0719,297.5999,298.095,298.557,298.9857,299.381,299.7425,300.0703,300.3642,300.6241,300.8499,301.0418,301.1996,301.3233,301.4129,301.4684,301.4897,301.4768,301.4296,301.3481,301.2322,301.082,300.8974,300.6784,300.4252,300.1378,299.8164,299.4612,299.0724,298.6505,298.1959,297.7092,297.1909,296.642,296.0634,295.4559,294.8209,294.1595,293.4732,292.7633,292.0315,291.2793,290.508,289.7184,288.9111,288.0863,287.2439,286.3831,285.5026,284.6004,283.6743,282.727,281.7611,280.7796,279.7852,278.7805,277.7798,276.8374,276.063
158.0,242.2422,245.3351,248.4512,251.5681,254.6844,257.8027,260.9266,264.0598,267.2056,270.3674,273.5481,276.2194,278.4574,280.3548,281.9939,283.4397,284.7399,285.9287,287.0297,288.0597,289.0305,289.9503,290.8247,291.6581,292.4532,293.2123,293.9368,294.628,295.2865,295.9127,296.5066,297.0679,297.5965,298.0923,298.555,298.9843,299.3802,299.7425,300.071,300.3656,300.6262,300.8529,301.0455,301.2042,301.3287,301.4192,301.4756,301.4978,301.4859,301.4397,301.3592,301.2444,301.0953,300.9118,300.6941,300.4422,300.1561,299.8361,299.4824,299.0952,298.6749,298.222,297.737,297.2206,296.6736,296.0968,295.4913,294.8582,294.1987,293.5142,292.8061,292.0759,291.325,290.5548,289.7661,288.9592,288.1346,287.2918,286.4301,285.5483,284.6444,283.7163,282.7663,281.7971,280.8114,279.8118,278.8014,277.7944,276.8433,276.056
159.0,242.2103,245.3147,248.4345,251.5506,254.6632,257.7756,260.8916,264.015,267.1491,270.2971,273.4617,276.1406,278.3874,280.2953,281.9447,283.3994,284.707,285.9016,287.0071,288.0407,289.0142,289.9362,290.8126,291.6475,292.4439,293.2042,293.9297,294.6218,295.2811,295.9081,296.5026,297.0646,297.5938,298.0902,298.5535,298.9835,299.38,299.743,300.0721,300.3674,300.6288,300.8562,301.0496,301.209,301.3344,301.4257,301.483,301.5061,301.495,301.4498,301.3703,301.2565,301.1084,300.9261,300.7096,300.4589,300.1741,299.8554,299.5031,299.1174,298.6987,298.2474,297.7641,297.2495,296.7043,296.1293,295.5257,294.8944,294.2368,293.554,292.8475,292.1188,291.3692,290.6,289.8119,289.0055,288.1807,287.3375,286.4749,285.5917,284.686,283.7557,282.803,281.8305,280.8406,279.8359,278.8197,277.8065,276.8468,276.0463
160.0,242.1854,245.3012,248.4241,251.539,254.6472,257.7528,260.8598,263.972,267.0928,270.2251,273.3716,276.0626,278.3188,280.237,281.8964,283.3599,284.6748,285.8751,286.9852,288.0223,288.9987,289.923,290.8012,291.6377,292.4355,293.1968,293.9234,294.6164,295.2765,295.9042,296.4993,297.0619,297.5918,298.0887,298.5526,298.9832,299.3803,299.7439,300.0737,300.3697,300.6317,300.8598,301.054,301.2141,301.3403,301.4324,301.4905,301.5144,301.5042,301.4599,301.3813,301.2685,301.1215,300.9402,300.7248,300.4753,300.1917,299.8744,299.5234,299.1392,298.7219,298.2722,297.7906,297.2776,296.7341,296.1609,295.5591,294.9295,294.2736,293.5925,292.8875,292.1602,291.4117,290.6434,289.8559,289.0497,288.2248,287.381,286.5174,285.6327,284.7251,283.7926,282.8372,281.8612,280.8671,279.8574,278.8356,277.8163,276.848,276.034
161.0,242.1679,245.2944,248.4199,251.5328,254.6358,257.7336,260.8304,263.9301,267.0361,270.1512,273.278,275.9847,278.2514,280.1797,281.8489,283.3211,284.6432,285.8493,286.964,288.0047,288.984,289.9106,290.7907,291.6287,292.4278,293.1903,293.9179,294.6117,295.2726,295.9009,296.4967,297.0599,297.5903,298.0878,298.5523,298.9834,299.3811,299.7453,300.0757,300.3723,300.635,300.8638,301.0586,301.2195,301.3464,301.4392,301.4981,301.5228,301.5135,301.47,301.3923,301.2804,301.1344,300.9542,300.7398,300.4914,300.2091,299.893,299.5433,299.1604,298.7446,298.2964,297.8163,297.305,296.7631,296.1916,295.5914,294.9636,294.3092,293.6297,292.9261,292.2,291.4527,290.6851,289.8981,289.092,288.2669,287.4223,286.5576,285.6714,284.7618,283.8271,282.8689,281.8894,280.8911,279.8763,278.8489,277.8237,276.8469,276.019
162.0,242.1577,245.2944,248.4216,251.5316,254.6286,257.7174,260.8028,263.8887,266.9784,270.0749,273.1805,275.9066,278.1849,280.1235,281.8024,283.2831,284.6123,285.8242,286.9435,287.9879,288.97,289.8989,290.7809,291.6205,292.421,293.1846,293.9131,294.6078,295.2695,295.8985,296.4949,297.0586,297.5895,298.0876,298.5525,298.9842,299.3824,299.7471,300.0781,300.3753,300.6386,300.868,301.0635,301.2251,301.3526,301.4462,301.5058,301.5313,301.5228,301.4801,301.4032,301.2923,301.1471,300.9679,300.7546,300.5072,300.226,299.9111,299.5627,299.1811,298.7667,298.32,297.8413,297.3315,296.7912,296.2213,295.6227,294.9964,294.3436,293.6655,292.9633,292.2384,291.4919,290.7251,289.9385,289.1324,288.3068,287.4615,286.5956,285.7077,284.7961,283.859,282.8979,281.915,280.9125,279.8927,278.8598,277.8286,276.8435,276.0015
163.0,242.1547,245.3008,248.429,251.5352,254.6249,257.7037,260.7765,263.8472,266.9194,269.9957,273.0786,275.8278,278.1191,280.0683,281.7567,283.2458,284.5821,285.7998,286.9237,287.9717,288.9568,289.8881,290.772,291.6131,292.4149,293.1797,293.9092,294.6047,295.2671,295.8967,296.4937,297.0579,297.5894,298.0879,298.5533,298.9855,299.3843,299.7495,300.081,300.3787,300.6426,300.8726,301.0687,301.2309,301.3591,301.4534,301.5137,301.5399,301.5321,301.4901,301.4141,301.304,301.1598,300.9814,300.7691,300.5228,300.2426,299.9289,299.5817,299.2013,298.7882,298.3428,297.8656,297.3573,296.8185,296.2501,295.653,295.0282,294.3768,293.7,292.9991,292.2752,291.5296,290.7633,289.9769,289.1708,288.3448,287.4985,286.6313,285.7416,284.8279,283.8884,282.9245,281.9381,280.9313,279.9065,278.8682,277.8312,276.8378,275.9815
164.0,242.1592,245.3136,248.4417,251.5431,254.6245,257.6921,260.7509,263.8052,266.8583,269.913,272.9716,275.7478,278.0538,280.014,281.7119,283.2093,284.5527,285.7761,286.9046,287.9563,288.9444,289.878,290.7638,291.6065,292.4096,293.1755,293.906,294.6023,295.2654,295.8956,296.4932,297.0579,297.5899,298.0888,298.5547,298.9873,299.3866,299.7522,300.0843,300.3825,300.6469,300.8775,301.0742,301.2369,301.3658,301.4607,301.5216,301.5485,301.5414,301.5002,301.4249,301.3156,301.1722,300.9948,300.7833,300.538,300.2589,299.9462,299.6001,299.221,298.8091,298.365,297.8892,297.3822,296.8448,296.2778,295.6822,295.0588,294.4087,293.7332,293.0334,292.3105,291.5656,290.7998,290.0136,289.2072,288.3806,287.5334,286.6647,285.7732,284.8573,283.9153,282.9484,281.9585,280.9475,279.9178,278.8741,277.8314,276.8299,275.9589
165.0,242.1708,245.3326,248.4595,251.555,254.6269,257.682,260.7256,263.7619,266.7943,269.8257,272.8581,275.6662,277.9887,279.9604,281.668,283.1737,284.524,285.7532,286.8863,287.9417,288.9327,289.8687,290.7564,291.6007,292.4051,293.1721,293.9035,294.6007,295.2645,295.8953,296.4933,297.0586,297.5909,298.0903,298.5566,298.9897,299.3893,299.7555,300.0879,300.3867,300.6516,300.8827,301.0799,301.2432,301.3726,301.4681,301.5296,301.5572,301.5507,301.5102,301.4357,301.3271,301.1845,301.0078,300.7973,300.5529,300.2747,299.9631,299.6181,299.2401,298.8294,298.3865,297.912,297.4063,296.8703,296.3046,295.7103,295.0882,294.4394,293.765,293.0662,292.3442,291.5999,290.8345,290.0483,289.2416,288.4143,287.566,286.6958,285.8025,284.8843,283.9397,282.9699,281.9764,280.9611,279.9266,278.8775,277.8292,276.8197,275.9339
166.0,242.1896,245.3575,248.4821,251.5704,254.6315,257.6727,260.6995,263.7162,266.7261,269.7319,272.7356,275.5821,277.9235,279.9075,281.6248,283.1388,284.496,285.7309,286.8687,287.9278,288.9218,289.8601,290.7498,291.5957,292.4014,293.1695,293.9019,294.5998,295.2642,295.8956,296.4942,297.0599,297.5926,298.0924,298.5591,298.9926,299.3926,299.7591,300.092,300.3912,300.6566,300.8881,301.0858,301.2497,301.3796,301.4757,301.5378,301.5659,301.56,301.5202,301.4463,301.3384,301.1966,301.0207,300.811,300.5674,300.2902,299.9795,299.6355,299.2586,298.8491,298.4074,297.934,297.4296,296.8948,296.3304,295.7373,295.1165,294.4688,293.7955,293.0977,292.3763,291.6326,290.8674,290.0812,289.2741,288.446,287.5965,286.7247,285.8293,284.9088,283.9616,282.9888,281.9917,280.9722,279.9328,278.8785,277.8247,276.8072,275.9065
167.0,242.2154,245.3881,248.5089,251.5887,254.6376,257.6633,260.6714,263.6663,266.6511,269.6281,272.599,275.4942,277.8577,279.8551,281.5824,283.1047,284.4688,285.7094,286.8518,287.9147,288.9116,289.8524,290.744,291.5915,292.3985,293.1677,293.901,294.5997,295.2648,295.8967,296.4957,297.0618,297.595,298.0951,298.5622,298.996,299.3964,299.7633,300.0965,300.3961,300.6619,300.8939,301.092,301.2563,301.3868,301.4833,301.546,301.5746,301.5694,301.5301,301.4569,301.3496,301.2084,301.0333,300.8244,300.5816,300.3053,299.9955,299.6525,299.2766,298.8681,298.4275,297.9552,297.452,296.9184,296.3552,295.7633,295.1435,294.497,293.8246,293.1276,292.4069,291.6636,290.8986,290.1122,289.3046,288.4756,287.6248,286.7513,285.8538,284.9309,283.981,283.0051,282.0045,280.9808,279.9365,278.8771,277.8178,276.7925,275.8768
168.0,242.2482,245.424,248.5398,251.6097,254.645,257.6539,260.6423,263.6147,266.5745,269.5246,272.4671,275.4041,277.7912,279.803,281.5407,283.0713,284.4424,285.6887,286.8357,287.9023,288.9022,289.8454,290.739,291.5881,292.3964,293.1667,293.9008,294.6003,295.266,295.8984,296.4979,297.0644,297.5979,298.0984,298.5657,298.9998,299.4006,299.7678,300.1014,300.4013,300.6675,300.8999,301.0985,301.2632,301.3941,301.4911,301.5542,301.5834,301.5787,301.5399,301.4673,301.3607,301.2201,301.0457,300.8375,300.5955,300.32,300.011,299.6689,299.2939,298.8864,298.4469,297.9757,297.4735,296.941,296.379,295.7881,295.1694,294.5238,293.8524,293.1561,292.4359,291.693,290.928,290.1413,289.3331,288.5031,287.6509,286.7756,285.876,284.9506,283.998,283.019,282.0148,280.9868,279.9377,278.8732,277.8086,276.7756,275.8447
169.0,242.2876,245.4652,248.5748,251.6339,254.6553,257.6478,260.6183,263.5722,266.5143,269.4493,272.3823,275.3193,277.7252,279.7513,281.4997,283.0387,284.4167,285.6687,286.8203,287.8907,288.8936,289.8392,290.7347,291.5854,292.3951,293.1664,293.9015,294.6016,295.2679,295.9009,296.5007,297.0676,297.6014,298.1022,298.5698,299.0042,299.4052,299.7728,300.1067,300.4069,300.6735,300.9062,301.1051,301.2703,301.4016,301.499,301.5625,301.5922,301.5879,301.5497,301.4776,301.3715,301.2316,301.0578,300.8502,300.609,300.3342,300.0261,299.6848,299.3107,298.9041,298.4655,297.9954,297.4942,296.9628,296.4017,295.8119,295.1941,294.5494,293.8787,293.1831,292.4634,291.7207,290.9556,290.1685,289.3596,288.5285,287.6749,286.7977,285.8958,284.9678,284.0125,283.0303,282.0225,280.9903,279.9364,278.8669,277.7971,276.7564,275.8103
170.0,242.3336,245.5117,248.6143,251.6624,254.6702,257.6476,260.6022,263.5405,266.4681,269.3904,272.3127,275.2405,277.6604,279.7001,281.4593,283.0068,284.3918,285.6494,286.8057,287.8798,288.8858,289.8338,290.7313,291.5835,292.3945,293.1669,293.9028,294.6037,295.2706,295.904,296.5042,297.0714,297.6055,298.1066,298.5745,299.0091,299.4104,299.7781,300.1123,300.4129,300.6797,300.9128,301.112,301.2775,301.4092,301.507,301.5709,301.601,301.5972,301.5594,301.4878,301.3823,301.2429,301.0696,300.8627,300.6221,300.348,300.0406,299.7001,299.3269,298.9212,298.4835,298.0142,297.514,296.9835,296.4234,295.8345,295.2176,294.5737,293.9037,293.2086,292.4892,291.7466,290.9814,290.1939,289.3841,288.5519,287.6967,286.8175,285.9133,284.9827,284.0245,283.0392,282.0277,280.9913,279.9327,278.8582,277.7833,276.7351,275.7738
171.0,242.3864,245.5639,248.6589,251.6961,254.6909,257.6543,260.5946,263.5187,266.4327,269.3422,272.2522,275.1676,277.5975,279.6498,281.4195,282.9757,284.3676,285.6309,286.7919,287.8697,288.8787,289.8291,290.7286,291.5824,292.3947,293.1681,293.9049,294.6065,295.2739,295.9078,296.5084,297.0758,297.6102,298.1115,298.5796,299.0145,299.4159,299.7839,300.1184,300.4191,300.6862,300.9196,301.1191,301.2849,301.4169,301.515,301.5793,301.6098,301.6064,301.569,301.4978,301.3928,301.2539,301.0812,300.8748,300.6348,300.3614,300.0547,299.7149,299.3424,298.9375,298.5006,298.0323,297.5329,297.0033,296.444,295.8559,295.2399,294.5967,293.9272,293.2326,292.5135,291.7709,291.0054,290.2173,289.4067,288.5731,287.7162,286.8351,285.9285,284.9951,284.034,283.0455,282.0304,280.9898,279.9265,278.8471,277.7672,276.7116,275.7351
172.0,242.4462,245.622,248.7092,251.7357,254.7181,257.6683,260.595,263.5056,266.4061,269.3021,272.1986,275.1,277.5369,279.6005,281.3806,282.9453,284.3441,285.6132,286.7787,287.8603,288.8724,289.8253,290.7267,291.5821,292.3956,293.1701,293.9078,294.61,295.278,295.9122,296.5132,297.0809,297.6155,298.117,298.5853,299.0203,299.4219,299.7901,300.1247,300.4257,300.693,300.9266,301.1264,301.2925,301.4247,301.5232,301.5878,301.6186,301.6155,301.5785,301.5077,301.4031,301.2647,301.0925,300.8866,300.6472,300.3743,300.0682,299.7291,299.3573,298.9532,298.517,298.0495,297.5509,297.0221,296.4636,295.8763,295.2609,294.6183,293.9494,293.2551,292.5362,291.7935,291.0277,290.2389,289.4272,288.5923,287.7337,286.8504,285.9413,285.0052,284.0412,283.0494,282.0306,280.9858,279.9179,278.8336,277.7488,276.6859,275.6943
173.0,242.513,245.6865,248.7658,251.7816,254.7521,257.6895,260.603,263.5001,266.3869,269.269,272.1511,275.0376,277.4788,279.5525,281.3425,282.9156,284.3215,285.5962,286.7664,287.8517,288.8668,289.8221,290.7255,291.5825,292.3973,293.1729,293.9113,294.6142,295.2827,295.9174,296.5186,297.0866,297.6214,298.123,298.5915,299.0266,299.4284,299.7967,300.1315,300.4326,300.7001,300.9339,301.1339,301.3002,301.4327,301.5314,301.5963,301.6273,301.6246,301.5879,301.5175,301.4132,301.2752,301.1034,300.898,300.6591,300.3868,300.0812,299.7428,299.3716,298.9681,298.5327,298.0658,297.568,297.0399,296.4821,295.8955,295.2807,294.6386,293.9701,293.2761,292.5572,291.8144,291.0481,290.2586,289.4458,288.6094,287.7489,286.8634,285.9518,285.0128,284.0458,283.0508,282.0283,280.9794,279.9068,278.8178,277.7282,276.6582,275.6515
174.0,242.5871,245.7576,248.8288,251.8342,254.7929,257.7177,260.6181,263.5015,266.3744,269.242,272.1091,274.98,277.4234,279.5059,281.3053,282.8868,284.2995,285.58,286.7548,287.8439,288.862,289.8198,290.7251,291.5837,292.3998,293.1763,293.9156,294.6192,295.2881,295.9232,296.5247,297.0928,297.6278,298.1296,298.5981,299.0334,299.4353,299.8037,300.1386,300.4399,300.7075,300.9414,301.1416,301.3081,301.4408,301.5397,301.6048,301.6361,301.6336,301.5972,301.5271,301.4231,301.2854,301.1141,300.9091,300.6706,300.3987,300.0937,299.7558,299.3852,298.9823,298.5476,298.0813,297.5842,297.0567,296.4996,295.9135,295.2993,294.6576,293.9895,293.2956,292.5767,291.8336,291.0667,290.2763,289.4623,288.6244,287.762,286.8742,285.9599,285.0181,284.0481,283.0498,282.0235,280.9705,279.8933,278.7996,277.7053,276.6283,275.6067
175.0,242.6685,245.8356,248.8985,251.8935,254.8405,257.7528,260.6399,263.5095,266.368,269.2207,272.0723,274.9269,277.3708,279.4608,281.2691,282.8587,284.2784,285.5645,286.7439,287.8368,288.858,289.8182,290.7255,291.5857,292.403,293.1806,293.9206,294.6248,295.2942,295.9296,296.5313,297.0997,297.6348,298.1367,298.6053,299.0406,299.4425,299.811,300.146,300.4474,300.7151,300.9491,301.1495,301.3161,301.4489,301.548,301.6133,301.6448,301.6425,301.6064,301.5365,301.4328,301.2954,301.1244,300.9198,300.6817,300.4103,300.1057,299.7683,299.3982,298.9959,298.5616,298.096,297.5994,297.0725,296.5159,295.9304,295.3166,294.6753,294.0074,293.3135,292.5945,291.8511,291.0836,290.2922,289.4769,288.6374,287.7729,286.8827,285.9658,285.0211,284.0479,283.0463,282.0163,280.9591,279.8774,278.7791,277.6802,276.5963,275.5599
176.0,242.7577,245.9207,248.9752,251.9597,254.8949,257.7944,260.668,263.5236,266.3674,269.2048,272.0403,274.8781,277.321,279.4175,281.2341,282.8316,284.258,285.5498,286.7339,287.8305,288.8547,289.8173,290.7266,291.5884,292.4069,293.1855,293.9264,294.6311,295.301,295.9367,296.5386,297.1071,297.6423,298.1443,298.6129,299.0483,299.4502,299.8188,300.1538,300.4552,300.723,300.9571,301.1575,301.3242,301.4572,301.5564,301.6218,301.6534,301.6513,301.6154,301.5457,301.4423,301.3051,301.1344,300.9301,300.6923,300.4213,300.1171,299.7801,299.4105,299.0086,298.5749,298.1098,297.6137,297.0873,296.5312,295.9461,295.3326,294.6916,294.0238,293.33,292.6108,291.8668,291.0986,290.3062,289.4895,288.6482,287.7817,286.8891,285.9694,285.0216,284.0454,283.0403,282.0067,280.9453,279.8591,278.7563,277.6529,276.5623,275.5113
177.0,242.8551,246.0132,249.0588,252.0325,254.9558,257.8424,260.7024,263.5436,266.3723,269.1938,272.0129,274.8334,277.2742,279.3759,281.2002,282.8053,284.2384,285.5358,286.7245,287.8249,288.8521,289.8173,290.7285,291.5918,292.4116,293.1912,293.9328,294.6382,295.3084,295.9444,296.5465,297.1152,297.6504,298.1524,298.621,299.0564,299.4583,299.8269,300.1619,300.4633,300.7311,300.9652,301.1657,301.3324,301.4655,301.5648,301.6303,301.662,301.66,301.6242,301.5547,301.4515,301.3146,301.144,300.94,300.7025,300.4318,300.128,299.7913,299.4221,299.0207,298.5874,298.1227,297.627,297.1011,296.5454,295.9606,295.3474,294.7066,294.0388,293.3449,292.6254,291.8809,291.1118,290.3183,289.5001,288.657,287.7883,286.8932,285.9706,285.0198,284.0404,283.032,281.9946,280.9292,279.8385,278.7312,277.6234,276.5262,275.4608
178.0,242.9609,246.1131,249.1495,252.1122,255.0232,257.8966,260.7426,263.5691,266.3824,269.1877,271.9899,274.7928,277.2302,279.3362,281.1676,282.78,284.2197,285.5226,286.7159,287.8201,288.8504,289.8179,290.7311,291.596,292.4171,293.1976,293.9399,294.6458,295.3165,295.9527,296.555,297.1237,297.659,298.161,298.6296,299.0649,299.4668,299.8353,300.1703,300.4716,300.7394,300.9736,301.174,301.3408,301.4739,301.5732,301.6387,301.6706,301.6686,301.633,301.5636,301.4604,301.3237,301.1533,300.9495,300.7122,300.4418,300.1383,299.8019,299.433,299.0319,298.599,298.1347,297.6394,297.1138,296.5584,295.9739,295.3609,294.7202,294.0524,293.3583,292.6384,291.8933,291.1233,290.3285,289.5088,288.6637,287.7928,286.895,285.9696,285.0157,284.0331,283.0212,281.9801,280.9106,279.8156,278.7039,277.5918,276.4881,275.4087
179.0,243.0753,246.2207,249.2473,252.1986,255.097,257.9569,260.7886,263.6,266.3975,269.1863,271.9711,274.756,277.189,279.2985,281.1363,282.7557,284.2018,285.5103,286.7081,287.816,288.8493,289.8193,290.7345,291.6009,292.4232,293.2047,293.9478,294.6542,295.3252,295.9617,296.5641,297.1329,297.6682,298.1701,298.6387,299.0739,299.4757,299.8441,300.179,300.4803,300.748,300.9821,301.1825,301.3493,301.4823,301.5816,301.6472,301.679,301.6771,301.6415,301.5722,301.4691,301.3325,301.1623,300.9586,300.7215,300.4513,300.148,299.8119,299.4433,299.0425,298.6098,298.1458,297.6509,297.1255,296.5704,295.986,295.3732,294.7324,294.0646,293.3701,292.6497,291.9039,291.1329,290.3368,289.5154,288.6684,287.7951,286.8947,285.9663,285.0093,284.0234,283.0081,281.9633,280.8897,279.7903,278.6743,277.5581,276.448,275.3549
180.0,243.1983,246.3359,249.3522,252.2916,255.1771,258.0232,260.8402,263.6362,266.4174,269.1893,271.9565,274.7229,277.1508,279.2627,281.1064,282.7325,284.1848,285.4987,286.7011,287.8127,288.849,289.8215,290.7386,291.6066,292.4301,293.2125,293.9563,294.6632,295.3346,295.9713,296.5738,297.1426,297.6778,298.1797,298.6482,299.0833,299.485,299.8532,300.188,300.4892,300.7568,300.9908,301.1911,301.3578,301.4908,301.59,301.6556,301.6874,301.6855,301.6499,301.5806,301.4776,301.341,301.1708,300.9673,300.7303,300.4602,300.1571,299.8212,299.4528,299.0522,298.6198,298.156,297.6613,297.1362,296.5812,295.997,295.3841,294.7433,294.0752,293.3804,292.6595,291.9128,291.1407,290.3432,289.5201,288.671,287.7953,286.8922,285.9608,285.0005,284.0114,282.9926,281.944,280.8664,279.7627,278.6425,277.5222,276.406,275.2995
181.0,243.33,246.4588,249.4642,252.3913,255.2634,258.0953,260.8973,263.6774,266.4421,269.1967,271.9458,274.6935,277.1153,279.229,281.078,282.7103,284.1687,285.4879,286.6948,287.8102,288.8495,289.8244,290.7434,291.6129,292.4376,293.221,293.9654,294.6729,295.3446,295.9814,296.5841,297.1528,297.688,298.1898,298.6581,299.093,299.4946,299.8627,300.1973,300.4983,300.7658,300.9997,301.1999,301.3664,301.4993,301.5985,301.6639,301.6957,301.6937,301.6581,301.5887,301.4857,301.3491,301.179,300.9755,300.7386,300.4686,300.1656,299.8299,299.4616,299.0612,298.629,298.1653,297.6708,297.1458,296.5909,296.0067,295.3938,294.7529,294.0845,293.3892,292.6676,291.92,291.1467,290.3477,289.5228,288.6716,287.7934,286.8874,285.953,284.9895,283.997,282.9747,281.9224,280.8407,279.7328,278.6085,277.4842,276.3621,275.2426
182.0,243.4704,246.5895,249.5832,252.4976,255.3559,258.1731,260.9596,263.7236,266.4714,269.2083,271.9391,274.6676,277.0827,279.1973,281.051,282.6892,284.1535,285.4779,286.6893,287.8084,288.8507,289.828,290.749,291.62,292.4459,293.2301,293.9753,294.6832,295.3552,295.9922,296.5949,297.1636,297.6987,298.2003,298.6685,299.1032,299.5046,299.8725,300.2068,300.5077,300.775,301.0087,301.2088,301.3752,301.5079,301.6069,301.6722,301.7039,301.7018,301.6661,301.5966,301.4936,301.357,301.1868,300.9833,300.7465,300.4765,300.1735,299.8378,299.4697,299.0694,298.6373,298.1737,297.6792,297.1543,296.5994,296.0152,295.4022,294.761,294.0922,293.3964,292.6741,291.9255,291.151,290.3504,289.5236,288.6701,287.7893,286.8805,285.9429,284.9761,283.9803,282.9546,281.8985,280.8128,279.7007,278.5723,277.4442,276.3163,275.1841
183.0,243.6196,246.7278,249.7093,252.6103,255.4544,258.2565,261.0272,263.7746,266.5051,269.2241,271.9361,274.6452,277.053,279.1678,281.0256,282.6694,284.1393,285.4688,286.6846,287.8073,288.8526,289.8324,290.7553,291.6278,292.4549,293.24,293.9858,294.6942,295.3665,296.0036,296.6063,297.1749,297.7099,298.2113,298.6793,299.1138,299.5149,299.8825,300.2167,300.5173,300.7844,301.0179,301.2177,301.3839,301.5165,301.6153,301.6805,301.7119,301.7097,301.6738,301.6043,301.5012,301.3645,301.1943,300.9907,300.7538,300.4838,300.1808,299.8452,299.4771,299.0768,298.6447,298.1812,297.6867,297.1618,296.6068,296.0225,295.4093,294.7678,294.0985,293.4021,292.6789,291.9293,291.1534,290.3511,289.5223,288.6666,287.7832,286.8715,285.9307,284.9605,283.9613,282.932,281.8722,280.7826,279.6663,278.534,277.4022,276.2687,275.1243
184.0,243.7776,246.8739,249.8424,252.7295,255.5588,258.3454,261.0999,263.8304,266.5432,269.2438,271.9368,274.6261,277.0259,279.1403,281.0017,282.6507,284.126,285.4605,286.6806,287.807,288.8553,289.8374,290.7622,291.6363,292.4645,293.2505,293.997,294.7058,295.3783,296.0155,296.6182,297.1868,297.7216,298.2228,298.6905,299.1247,299.5256,299.8929,300.2268,300.5272,300.794,301.0272,301.2268,301.3928,301.5251,301.6237,301.6886,301.7199,301.7175,301.6814,301.6117,301.5084,301.3716,301.2013,300.9976,300.7606,300.4905,300.1875,299.8518,299.4837,299.0834,298.6513,298.1877,297.6932,297.1681,296.6131,296.0285,295.415,294.7731,294.1034,293.4063,292.6822,291.9314,291.154,290.35,289.5192,288.661,287.7749,286.8602,285.9162,284.9427,283.94,282.9072,281.8437,280.7501,279.6298,278.4935,277.3581,276.2192,275.0631
185.0,243.9443,247.0276,249.9824,252.855,255.6691,258.4398,261.1776,263.8908,266.5856,269.2675,271.9412,274.6104,277.0017,279.115,280.9794,282.6332,284.1137,285.4531,286.6775,287.8075,288.8587,289.8432,290.7699,291.6455,292.4749,293.2617,294.0088,294.718,295.3907,296.028,296.6307,297.1991,297.7337,298.2347,298.7021,299.1361,299.5366,299.9036,300.2372,300.5372,300.8037,301.0367,301.236,301.4016,301.5337,301.632,301.6967,301.7277,301.7251,301.6888,301.6189,301.5154,301.3783,301.2078,301.004,300.7669,300.4967,300.1936,299.8578,299.4895,299.0891,298.6569,298.1933,297.6987,297.1735,296.6182,296.0334,295.4195,294.7771,294.1068,293.4089,292.6838,291.9317,291.1528,290.347,289.514,288.6534,287.7646,286.8468,285.8995,284.9226,283.9165,282.8801,281.8129,280.7154,279.591,278.451,277.312,276.1679,275.0005
186.0,244.1198,247.189,250.1293,252.9868,255.7852,258.5395,261.2603,263.9557,266.6322,269.2951,271.9491,274.598,276.9801,279.0918,280.9588,282.617,284.1025,285.4466,286.6752,287.8087,288.8629,289.8498,290.7784,291.6554,292.4859,293.2736,294.0212,294.7308,295.4038,296.0411,296.6436,297.2119,297.7463,298.247,298.7141,299.1477,299.5479,299.9146,300.2478,300.5475,300.8137,301.0462,301.2452,301.4106,301.5423,301.6403,301.7047,301.7354,301.7325,301.6959,301.6257,301.522,301.3847,301.214,301.0099,300.7726,300.5023,300.199,299.863,299.4946,299.0941,298.6618,298.198,297.7031,297.1777,296.6221,296.037,295.4227,294.7798,294.1087,293.4099,292.6837,291.9304,291.1499,290.3422,289.507,288.6438,287.7522,286.8313,285.8807,284.9002,283.8907,282.8508,281.7798,280.6784,279.5501,278.4063,277.264,276.1149,274.9367
187.0,244.3039,247.3579,250.283,253.1248,255.907,258.6444,261.3478,264.0251,266.6829,269.3265,271.9605,274.5888,276.9613,279.0707,280.9398,282.6021,284.0922,285.4409,286.6736,287.8106,288.8677,289.857,290.7875,291.666,292.4976,293.2861,294.0343,294.7443,295.4174,296.0547,296.6572,297.2253,297.7594,298.2597,298.7265,299.1598,299.5595,299.9258,300.2586,300.558,300.8237,301.0559,301.2545,301.4195,301.5508,301.6485,301.7126,301.743,301.7397,301.7028,301.6323,301.5283,301.3907,301.2197,301.0154,300.7779,300.5073,300.2038,299.8676,299.499,299.0982,298.6657,298.2016,297.7066,297.1808,296.6249,296.0393,295.4245,294.781,294.1091,293.4094,292.6821,291.9273,291.1451,290.3354,289.498,288.6323,287.7377,286.8136,285.8596,284.8757,283.8627,282.8192,281.7445,280.6392,279.507,278.3596,277.2141,276.0601,274.8717
188.0,244.4968,247.5343,250.4434,253.269,256.0344,258.7545,261.44,264.0989,266.7377,269.3616,271.9753,274.5827,276.9452,279.0518,280.9224,282.5884,284.0831,285.4362,286.6729,287.8134,288.8733,289.8649,290.7972,291.6772,292.5099,293.2992,294.048,294.7583,295.4315,296.0689,296.6712,297.2391,297.7729,298.2729,298.7393,299.1721,299.5715,299.9373,300.2697,300.5686,300.8339,301.0657,301.2639,301.4285,301.5594,301.6567,301.7203,301.7503,301.7467,301.7095,301.6386,301.5342,301.3963,301.225,301.0204,300.7826,300.5117,300.2079,299.8714,299.5026,299.1016,298.6687,298.2044,297.709,297.1829,296.6266,296.0405,295.4251,294.7808,294.1081,293.4074,292.6788,291.9225,291.1386,290.3269,289.487,288.6187,287.7211,286.7939,285.8365,284.849,283.8324,282.7854,281.707,280.5979,279.4618,278.3109,277.1623,276.0037,274.8055
189.0,244.6983,247.7182,250.6105,253.4192,256.1673,258.8697,261.5369,264.177,266.7964,269.4004,271.9935,274.5797,276.9317,279.0351,280.9068,282.5762,284.075,285.4324,286.673,287.8169,288.8797,289.8736,290.8077,291.6891,292.5229,293.313,294.0623,294.7729,295.4463,296.0836,296.6857,297.2533,297.7868,298.2865,298.7524,299.1848,299.5837,299.9491,300.281,300.5794,300.8443,301.0756,301.2733,301.4374,301.5679,301.6648,301.728,301.7576,301.7535,301.7159,301.6446,301.5398,301.4016,301.2299,301.0249,300.7867,300.5155,300.2114,299.8746,299.5054,299.104,298.6708,298.2062,297.7103,297.1838,296.627,296.0404,295.4243,294.7793,294.1056,293.4038,292.6739,291.9161,291.1303,290.3165,289.4742,288.6031,287.7026,286.772,285.8111,284.8201,283.8,282.7493,281.6673,280.5544,279.4145,278.2602,277.1086,275.9457,274.7382
190.0,244.9085,247.9096,250.7843,253.5754,256.3057,258.9899,261.6384,264.2594,266.859,269.4427,272.015,274.5799,276.9208,279.0205,280.8928,282.5652,284.068,285.4295,286.6739,287.8211,288.8867,289.8829,290.8189,291.7017,292.5365,293.3274,294.0772,294.7881,295.4616,296.0988,296.7008,297.2681,297.8012,298.3004,298.7659,299.1979,299.5962,299.9611,300.2925,300.5904,300.8548,301.0856,301.2828,301.4464,301.5764,301.6728,301.7355,301.7646,301.7601,301.722,301.6503,301.5451,301.4064,301.2343,301.0289,300.7903,300.5186,300.2141,299.877,299.5074,299.1057,298.6721,298.207,297.7107,297.1837,296.6263,296.039,295.4222,294.7763,294.1017,293.3986,292.6674,291.9079,291.1202,290.3042,289.4594,288.5855,287.6819,286.7481,285.7837,284.789,283.7654,282.7111,281.6254,280.5088,279.3652,278.2075,277.0531,275.886,274.6699
191.0,245.1276,248.1083,250.9645,253.7375,256.4495,259.115,261.7445,264.3459,266.9255,269.4886,272.0398,274.583,276.9126,279.008,280.8806,282.5556,284.0621,285.4276,286.6757,287.8261,288.8945,289.8929,290.8307,291.7149,292.5508,293.3424,294.0927,294.8039,295.4774,296.1146,296.7163,297.2833,297.816,298.3148,298.7798,299.2112,299.609,299.9734,300.3042,300.6016,300.8654,301.0956,301.2923,301.4554,301.5848,301.6807,301.7429,301.7715,301.7665,301.7278,301.6557,301.5499,301.4108,301.2382,301.0323,300.7933,300.5212,300.2163,299.8787,299.5086,299.1065,298.6724,298.2068,297.71,297.1824,296.6244,296.0364,295.4188,294.772,294.0963,293.392,292.6592,291.8981,291.1084,290.2901,289.4428,288.566,287.6593,286.7221,285.7541,284.7558,283.7286,282.6708,281.5814,280.4611,279.3138,278.1528,276.9957,275.8247,274.6007
192.0,245.3554,248.3144,251.1513,253.9054,256.5985,259.2449,261.855,264.4364,266.9957,269.538,272.0678,274.5891,276.9069,278.9976,280.87,282.5474,284.0574,285.4266,286.6783,287.8319,288.903,289.9037,290.8432,291.7288,292.5657,293.358,294.1088,294.8202,295.4938,296.1308,296.7323,297.2989,297.8312,298.3295,298.794,299.2248,299.6221,299.9859,300.3161,300.6129,300.8761,301.1058,301.3018,301.4643,301.5932,301.6885,301.7501,301.7782,301.7726,301.7334,301.6607,301.5544,301.4147,301.2416,301.0353,300.7957,300.5231,300.2177,299.8796,299.5091,299.1064,298.6718,298.2056,297.7083,297.18,296.6213,296.0326,295.4141,294.7663,294.0894,293.3838,292.6495,291.8865,291.0948,290.2742,289.4242,288.5446,287.6347,286.694,285.7225,284.7205,283.6897,282.6283,281.5353,280.4113,279.2604,278.0963,276.9366,275.762,274.5306
193.0,245.5917,248.5277,251.3444,254.0791,256.7528,259.3797,261.9698,264.5311,267.0697,269.5908,272.099,274.5982,276.9038,278.9894,280.8613,282.5406,284.0538,285.4266,286.6817,287.8385,288.9122,289.9151,290.8564,291.7433,292.5812,293.3743,294.1255,294.8371,295.5106,296.1475,296.7487,297.315,297.8468,298.3446,298.8085,299.2388,299.6354,299.9986,300.3282,300.6243,300.8869,301.1159,301.3114,301.4733,301.6015,301.6962,301.7572,301.7846,301.7785,301.7387,301.6654,301.5586,301.4183,301.2446,301.0377,300.7976,300.5244,300.2185,299.8798,299.5087,299.1055,298.6703,298.2035,297.7055,297.1766,296.6171,296.0275,295.408,294.7591,294.0811,293.374,292.6381,291.8733,291.0795,290.2564,289.4038,288.5212,287.6081,286.664,285.6888,284.6831,283.6487,282.5837,281.4871,280.3595,279.2051,278.0379,276.8758,275.6977,274.4597
194.0,245.8364,248.7482,251.5439,254.2585,256.9123,259.5191,262.089,264.6296,267.1472,269.647,272.1333,274.6101,276.9033,278.9834,280.8542,282.5352,284.0513,285.4275,286.686,287.8458,288.9222,289.9272,290.8702,291.7584,292.5973,293.3911,294.1427,294.8545,295.528,296.1647,296.7656,297.3315,297.8628,298.36,298.8234,299.253,299.649,300.0115,300.3404,300.6359,300.8978,301.1262,301.321,301.4822,301.6098,301.7038,301.7641,301.7909,301.7841,301.7437,301.6697,301.5623,301.4214,301.2471,301.0396,300.7988,300.5251,300.2185,299.8793,299.5076,299.1037,298.6678,298.2004,297.7017,297.172,296.6117,296.0211,295.4007,294.7506,294.0713,293.3627,292.6252,291.8585,291.0624,290.2369,289.3815,288.4959,287.5795,286.6319,285.653,284.6437,283.6056,282.537,281.4368,280.3056,279.1478,277.9776,276.8132,275.632,274.3879
195.0,246.0893,248.9757,251.7497,254.4434,257.0768,259.6632,262.2124,264.7321,267.2284,269.7065,272.1707,274.6249,276.9052,278.9794,280.8489,282.5312,284.05,285.4294,286.6912,287.8539,288.9328,289.9399,290.8846,291.7742,292.6141,293.4084,294.1605,294.8724,295.5459,296.1824,296.783,297.3484,297.8792,298.3758,298.8385,299.2675,299.6628,300.0246,300.3528,300.6476,300.9088,301.1364,301.3305,301.491,301.6179,301.7112,301.7709,301.797,301.7895,301.7484,301.6738,301.5656,301.4241,301.2491,301.0409,300.7995,300.5251,300.2179,299.878,299.5056,299.101,298.6645,298.1963,297.6968,297.1663,296.6051,296.0135,295.392,294.7407,294.06,293.3499,292.6106,291.8419,291.0436,290.2156,289.3574,288.4686,287.5489,286.5978,285.6152,284.6022,283.5605,282.4883,281.3845,280.2497,279.0885,277.9155,276.749,275.5649,274.3155
196.0,246.3503,249.2102,251.9615,254.6339,257.2463,259.8118,262.34,264.8384,267.3131,269.7693,272.2112,274.6426,276.9097,278.9776,280.8453,282.5286,284.0499,285.4324,286.6972,287.8628,288.9442,289.9534,290.8998,291.7906,292.6314,293.4264,294.1788,294.8909,295.5643,296.2006,296.8008,297.3657,297.896,298.392,298.854,299.2823,299.6769,300.0379,300.3654,300.6594,300.9198,301.1467,301.3401,301.4998,301.626,301.7185,301.7775,301.8028,301.7946,301.7528,301.6774,301.5686,301.4263,301.2506,301.0417,300.7996,300.5245,300.2165,299.8759,299.5028,299.0975,298.6602,298.1912,297.6909,297.1594,296.5973,296.0047,295.382,294.7295,294.0473,293.3356,292.5945,291.8237,291.0231,290.1924,289.3314,288.4395,287.5164,286.5617,285.5754,284.5586,283.5133,282.4375,281.3302,280.1919,279.0274,277.8516,276.6831,275.4964,274.2423
197.0,246.6194,249.4516,252.1794,254.8298,257.4207,259.9648,262.4716,264.9485,267.4013,269.8353,272.2546,274.663,276.9166,278.9778,280.8435,282.5275,284.051,285.4363,286.7041,287.8725,288.9563,289.9675,290.9155,291.8076,292.6493,293.4449,294.1976,294.9098,295.5832,296.2192,296.819,297.3834,297.9131,298.4084,298.8698,299.2973,299.6911,300.0514,300.3781,300.6713,300.9309,301.1571,301.3496,301.5086,301.634,301.7257,301.7839,301.8084,301.7994,301.7568,301.6807,301.5711,301.428,301.2516,301.0419,300.7991,300.5232,300.2145,299.8731,299.4992,299.0931,298.655,298.1851,297.6839,297.1515,296.5883,295.9946,295.3707,294.7168,294.0331,293.3198,292.5767,291.8038,291.0008,290.1675,289.3036,288.4085,287.482,286.5236,285.5336,284.513,283.4641,282.3847,281.2739,280.1322,278.9644,277.786,276.6157,275.4266,274.1686
198.0,246.8964,249.6997,252.4033,255.031,257.5999,260.1223,262.6073,265.0622,267.4929,269.9044,272.3009,274.6863,276.926,278.9802,280.8434,282.5278,284.0533,285.4412,286.7119,287.8829,288.9691,289.9823,290.9319,291.8252,292.6678,293.464,294.217,294.9293,295.6025,296.2383,296.8376,297.4015,297.9305,298.4252,298.8858,299.3126,299.7056,300.065,300.3909,300.6833,300.9421,301.1674,301.3591,301.5173,301.6418,301.7327,301.7901,301.8138,301.804,301.7606,301.6836,301.5732,301.4293,301.2521,301.0416,300.7979,300.5213,300.2117,299.8695,299.4948,299.0878,298.6488,298.178,297.6758,297.1424,296.5782,295.9833,295.3581,294.7028,294.0175,293.3024,292.5574,291.7823,290.9769,290.1409,289.2739,288.3756,287.4456,286.4836,285.4899,284.4655,283.4129,282.3299,281.2156,280.0705,278.8996,277.7186,276.5466,275.3555,274.0942
199.0,247.1812,249.9544,252.633,255.2375,257.7839,260.2841,262.747,265.1796,267.5879,269.9767,272.3502,274.7122,276.9378,278.9846,280.845,282.5295,284.0567,285.4472,286.7205,287.8941,288.9826,289.9977,290.9489,291.8434,292.6868,293.4836,294.2369,294.9492,295.6224,296.2577,296.8566,297.42,297.9484,298.4423,298.9021,299.3281,299.7203,300.0789,300.4039,300.6954,300.9533,301.1778,301.3686,301.5259,301.6495,301.7396,301.7961,301.8189,301.8082,301.764,301.6862,301.5749,301.4302,301.2521,301.0407,300.7962,300.5187,300.2083,299.8651,299.4895,299.0816,298.6417,298.17,297.6667,297.1322,296.5668,295.9707,295.3441,294.6873,294.0005,293.2835,292.5365,291.7592,290.9513,290.1125,289.2425,288.3409,287.4074,286.4417,285.4441,284.416,283.3597,282.2732,281.1554,280.007,278.833,277.6496,276.4761,275.2832,274.0193
200.0,247.4734,250.2156,252.8685,255.4491,257.9725,260.4501,262.8905,265.3006,267.6862,270.052,272.4024,274.7408,276.9521,278.9911,280.8484,282.5327,284.0614,285.4541,286.73,287.9061,288.9968,290.0138,290.9665,291.8621,292.7064,293.5037,294.2573,294.9697,295.6426,296.2777,296.8761,297.4388,297.9665,298.4597,298.9187,299.3438,299.7351,300.0928,300.417,300.7075,300.9646,301.1881,301.378,301.5344,301.6572,301.7463,301.8019,301.8238,301.8122,301.767,301.6883,301.5761,301.4305,301.2515,301.0393,300.7938,300.5154,300.2041,299.86,299.4835,299.0746,298.6337,298.1609,297.6566,297.121,296.5543,295.9569,295.3289,294.6706,293.982,293.2632,292.5141,291.7344,290.9239,290.0823,289.2092,288.3044,287.3673,286.3979,285.3965,284.3645,283.3046,282.2146,281.0933,279.9416,278.7646,277.5789,276.404,275.2096,273.9439
201.0,247.7732,250.4832,253.1095,255.6657,258.1657,260.6203,263.0378,265.4251,267.7877,270.1304,272.4573,274.7721,276.9687,278.9997,280.8535,282.5374,284.0673,285.4621,286.7404,287.9189,289.0118,290.0306,290.9847,291.8815,292.7266,293.5244,294.2782,294.9906,295.6633,296.298,296.8959,297.458,297.9849,298.4773,298.9355,299.3597,299.7502,300.107,300.4301,300.7198,300.9759,301.1985,301.3874,301.5428,301.6646,301.7528,301.8074,301.8284,301.8159,301.7698,301.6901,301.577,301.4304,301.2504,301.0372,300.7908,300.5114,300.1991,299.8541,299.4766,299.0667,298.6247,298.1508,297.6454,297.1085,296.5406,295.9418,295.3124,294.6524,293.9621,293.2413,292.4901,291.7081,290.8949,290.0504,289.1742,288.266,287.3253,286.3522,285.3469,284.3111,283.2475,282.154,281.0293,279.8744,278.6945,277.5066,276.3305,275.1349,273.8681
202.0,248.0802,250.7571,253.3561,255.8873,258.3634,260.7945,263.1889,265.553,267.8924,270.2117,272.5151,274.806,276.9876,279.0103,280.8604,282.5435,284.0744,285.4711,286.7517,287.9325,289.0274,290.048,291.0036,291.9014,292.7473,293.5456,294.2996,295.0119,295.6845,296.3187,296.9161,297.4775,298.0037,298.4953,298.9526,299.3759,299.7654,300.1212,300.4434,300.7321,300.9872,301.2088,301.3968,301.5512,301.672,301.7592,301.8128,301.8328,301.8192,301.7721,301.6915,301.5773,301.4298,301.2488,301.0346,300.7872,300.5068,300.1935,299.8474,299.4688,299.0578,298.6147,298.1397,297.6331,297.095,296.5257,295.9255,295.2945,294.6329,293.9407,293.218,292.4646,291.6801,290.8643,290.0168,289.1375,288.2258,287.2815,286.3046,285.2955,284.2559,283.1886,282.0916,280.9635,279.8054,278.6226,277.4327,276.2556,275.0591,273.7919
203.0,248.3943,251.0371,253.6081,256.1138,258.5654,260.9728,263.3436,265.6843,268.0002,270.296,272.5756,274.8425,277.0089,279.023,280.869,282.551,284.0827,285.4811,286.7639,287.9468,289.0438,290.0661,291.023,291.9219,292.7685,293.5672,294.3215,295.0338,295.706,296.3398,296.9366,297.4973,298.0228,298.5135,298.9699,299.3923,299.7808,300.1356,300.4568,300.7444,300.9985,301.2191,301.406,301.5594,301.6792,301.7653,301.8179,301.8369,301.8223,301.7741,301.6925,301.5773,301.4287,301.2467,301.0314,300.783,300.5015,300.1871,299.84,299.4602,299.0481,298.6039,298.1277,297.6198,297.0804,296.5097,295.908,295.2754,294.612,293.918,293.1932,292.4375,291.6505,290.832,289.9816,289.099,288.1838,287.2359,286.2552,285.2422,284.1987,283.1278,282.0273,280.8959,279.7346,278.5491,277.3572,276.1793,274.9823,273.7153
204.0,248.7152,251.323,253.8654,256.3449,258.7717,261.1549,263.5019,265.8189,268.1111,270.3831,272.6388,274.8816,277.0325,279.0376,280.8793,282.56,284.0922,285.4922,286.7769,287.962,289.0608,290.0848,291.0431,291.943,292.7903,293.5894,294.3438,295.056,295.728,296.3613,296.9575,297.5175,298.0421,298.532,298.9874,299.4088,299.7963,300.1501,300.4702,300.7568,301.0099,301.2293,301.4152,301.5675,301.6862,301.7713,301.8228,301.8407,301.825,301.7758,301.693,301.5768,301.4271,301.244,301.0276,300.7781,300.4955,300.18,299.8317,299.4508,299.0376,298.5921,298.1146,297.6054,297.0646,296.4925,295.8892,295.255,294.5898,293.8938,293.1669,292.4089,291.6194,290.798,289.9446,289.0587,288.1401,287.1885,286.2039,285.1871,284.1398,283.0652,281.9612,280.8265,279.6622,278.474,277.2802,276.1016,274.9043,273.6384
205.0,249.0429,251.6148,254.1278,256.5807,258.9822,261.3408,263.6637,265.9567,268.2251,270.4731,272.7046,274.9232,277.0585,279.0543,280.8913,282.5704,284.1029,285.5043,286.7909,287.9779,289.0786,290.1041,291.0637,291.9646,292.8126,293.6121,294.3666,295.0787,295.7503,296.3832,296.9787,297.538,298.0618,298.5507,299.0052,299.4255,299.812,300.1647,300.4838,300.7693,301.0212,301.2396,301.4243,301.5755,301.6931,301.7771,301.8274,301.8442,301.8274,301.7771,301.6932,301.5758,301.425,301.2408,301.0233,300.7726,300.4888,300.1721,299.8227,299.4406,299.0261,298.5793,298.1005,297.5899,297.0477,296.4741,295.8692,295.2333,294.5663,293.8682,293.1392,292.3788,291.5867,290.7625,289.906,289.0168,288.0946,287.1393,286.1509,285.1302,284.079,283.0008,281.8933,280.7554,279.588,278.3973,277.2018,276.0226,274.8254,273.5603
206.0,249.377,251.9123,254.3953,256.821,259.1967,261.5304,263.8287,266.0974,268.3413,270.5648,272.7714,274.967,277.0866,279.073,280.905,282.5823,284.1149,285.5174,286.8057,287.9946,289.097,290.1241,291.0849,291.9867,292.8353,293.6352,294.3898,295.1018,295.7731,296.4054,297.0003,297.5588,298.0817,298.5697,299.0231,299.4424,299.8278,300.1794,300.4974,300.7817,301.0325,301.2497,301.4333,301.5834,301.6998,301.7826,301.8318,301.8475,301.8295,301.778,301.6929,301.5744,301.4224,301.237,301.0183,300.7664,300.4815,300.1636,299.8128,299.4295,299.0137,298.5656,298.0855,297.5735,297.0298,296.4546,295.848,295.2103,294.5414,293.8413,293.11,292.3471,291.5524,290.7253,289.8657,288.9732,288.0474,287.0884,286.0961,285.0714,284.0164,282.9346,281.8237,280.6825,279.5122,278.319,277.1219,275.9424,274.7454,273.4758
207.0,249.7174,252.2153,254.6676,257.0656,259.4151,261.7234,263.9967,266.2406,268.4597,270.6581,272.8395,275.013,277.1169,279.0936,280.9204,282.5956,284.128,285.5316,286.8215,288.012,289.1161,290.1447,291.1067,292.0094,292.8586,293.6588,294.4135,295.1253,295.7962,296.428,297.0222,297.5799,298.1019,298.5888,299.0413,299.4595,299.8438,300.1942,300.511,300.7942,301.0438,301.2598,301.4423,301.5911,301.7063,301.788,301.836,301.8504,301.8312,301.7785,301.6922,301.5725,301.4192,301.2326,301.0127,300.7596,300.4734,300.1542,299.8022,299.4176,299.0004,298.551,298.0694,297.5559,297.0107,296.4339,295.8256,295.186,294.5151,293.813,293.0793,292.314,291.5166,290.6866,289.8238,288.9278,287.9985,287.0357,286.0395,285.0109,283.9521,282.8666,281.7523,280.608,279.4348,278.2392,277.0406,275.8609,274.6641,273.3834
208.0,250.0639,252.5237,254.9446,257.3143,259.6372,261.9196,264.1675,266.3862,268.5801,270.7532,272.909,275.0609,277.1493,279.1161,280.9376,282.6104,284.1424,285.5468,286.8381,288.0303,289.136,290.1659,291.1291,292.0326,292.8824,293.6829,294.4376,295.1492,295.8198,296.451,297.0444,297.6012,298.1223,298.6082,299.0596,299.4767,299.8598,300.2091,300.5247,300.8067,301.0551,301.2699,301.4511,301.5987,301.7127,301.7931,301.8399,301.853,301.8326,301.7787,301.6911,301.5701,301.4156,301.2277,301.0066,300.7522,300.4647,300.1442,299.7908,299.4048,298.9863,298.5354,298.0524,297.5374,296.9905,296.412,295.802,295.1605,294.4876,293.7832,293.0473,292.2794,291.4793,290.6463,289.7802,288.8809,287.9479,286.9813,285.9813,284.9487,283.886,282.797,281.6793,280.5318,279.3558,278.1579,276.9579,275.7782,274.5814,273.2809
209.0,250.4162,252.8372,255.2262,257.567,259.8627,262.1189,264.341,266.5341,268.7025,270.85,272.98,275.1107,277.1837,279.1406,280.9563,282.6265,284.158,285.5631,286.8556,288.0493,289.1565,290.1877,291.152,292.0564,292.9067,293.7074,294.4621,295.1735,295.8436,296.4742,297.0669,297.6228,298.1429,298.6279,299.0781,299.4941,299.876,300.2241,300.5384,300.8192,301.0663,301.2799,301.4598,301.6061,301.7189,301.798,301.8435,301.8554,301.8337,301.7784,301.6896,301.5673,301.4115,301.2223,300.9998,300.7441,300.4552,300.1334,299.7787,299.3912,298.9713,298.5189,298.0343,297.5177,296.9692,296.389,295.7771,295.1337,294.4587,293.7522,293.0138,292.2434,291.4404,290.6044,289.7351,288.8323,287.8957,286.9252,285.9213,284.8848,283.8182,282.7256,281.6045,280.454,279.2752,278.0751,276.8739,275.6942,274.4971,273.1642
210.0,250.7741,253.1556,255.5121,257.8235,260.0916,262.321,264.517,266.6842,268.8268,270.9484,273.0524,275.1625,277.2201,279.1669,280.9768,282.6441,284.1749,285.5803,286.874,288.0691,289.1777,290.2102,291.1755,292.0806,292.9314,293.7324,294.4871,295.1982,295.8679,296.4978,297.0897,297.6447,298.1638,298.6477,299.0968,299.5116,299.8923,300.2391,300.5522,300.8316,301.0775,301.2898,301.4684,301.6134,301.7248,301.8026,301.8468,301.8574,301.8344,301.7778,301.6876,301.564,301.4068,301.2163,300.9924,300.7353,300.4451,300.1218,299.7657,299.3768,298.9553,298.5015,298.0153,297.4971,296.9469,296.3649,295.7511,295.1057,294.4286,293.7197,292.9789,292.2059,291.4001,290.561,289.6884,288.7821,287.8418,286.8675,285.8596,284.8192,283.7488,282.6526,281.5282,280.3745,279.1931,277.9908,276.7885,275.609,274.4106,273.0264
211.0,251.1372,253.4788,255.8021,258.0837,260.3236,262.526,264.6955,266.8365,268.9529,271.0484,273.1261,275.2159,277.2584,279.195,280.9988,282.6632,284.1929,285.5986,286.8933,288.0896,289.1995,290.2333,291.1995,292.1054,292.9566,293.7578,294.5124,295.2233,295.8924,296.5217,297.1128,297.6669,298.1849,298.6677,299.1156,299.5292,299.9086,300.2542,300.566,300.8441,301.0887,301.2996,301.4769,301.6206,301.7306,301.8071,301.8499,301.8591,301.8347,301.7768,301.6852,301.5602,301.4017,301.2097,300.9844,300.7259,300.4342,300.1095,299.7519,299.3615,298.9386,298.4831,297.9953,297.4754,296.9234,296.3396,295.7239,295.0764,294.3972,293.686,292.9427,292.1669,291.3582,290.516,289.6401,288.7303,287.7863,286.8081,285.7963,284.7519,283.6777,282.5779,281.4502,280.2936,279.1095,277.9052,276.7019,275.5225,274.3213,272.8505
212.0,251.5055,253.8066,256.0961,258.3473,260.5587,262.7336,264.8762,266.9907,269.0808,271.1499,273.2012,275.2711,277.2986,279.2249,281.0225,282.6836,284.2121,285.618,286.9134,288.111,289.2221,290.2569,291.2241,292.1306,292.9823,293.7836,294.5382,295.2487,295.9173,296.5459,297.1362,297.6893,298.2063,298.6879,299.1346,299.5469,299.9251,300.2693,300.5798,300.8566,301.0997,301.3093,301.4852,301.6275,301.7362,301.8112,301.8527,301.8605,301.8347,301.7753,301.6824,301.5559,301.396,301.2026,300.9759,300.7159,300.4227,300.0965,299.7374,299.3455,298.9209,298.4638,297.9743,297.4527,296.8989,296.3132,295.6955,295.0459,294.3644,293.6509,292.905,292.1266,291.3149,290.4696,289.5903,288.6769,287.7291,286.7471,285.7313,284.683,283.605,282.5016,281.3707,280.2111,279.0245,277.8182,276.6139,275.4345,274.2269,272.5757
213.0,251.8785,254.1387,256.3939,258.6142,260.7966,262.9437,265.0591,267.1468,269.2103,271.2529,273.2775,275.328,277.3405,279.2565,281.0477,282.7054,284.2326,285.6383,286.9345,288.1331,289.2453,290.2812,291.2492,292.1564,293.0084,293.8098,294.5643,295.2745,295.9425,296.5704,297.1598,297.7119,298.2278,298.7082,299.1537,299.5648,299.9416,300.2845,300.5936,300.869,301.1108,301.3189,301.4934,301.6343,301.7416,301.8152,301.8552,301.8615,301.8343,301.7735,301.6791,301.5512,301.3898,301.1949,300.9667,300.7052,300.4105,300.0827,299.722,299.3285,298.9023,298.4436,297.9524,297.4289,296.8733,296.2856,295.6659,295.0142,294.3304,293.6145,292.866,292.0848,291.2702,290.4216,289.5389,288.6219,287.6704,286.6846,285.6648,284.6125,283.5307,282.4238,281.2896,280.1271,278.938,277.7299,276.5247,275.3442,274.1141,271.7366
214.0,252.2559,254.475,256.6953,258.8843,261.0373,263.1562,265.2442,267.3048,269.3414,271.3572,273.3551,275.3865,277.3842,279.2899,281.0745,282.7286,284.2542,285.6597,286.9564,288.1559,289.2692,290.306,291.2749,292.1826,293.0349,293.8365,294.5907,295.3006,295.9681,296.5952,297.1836,297.7348,298.2495,298.7288,299.173,299.5827,299.9582,300.2997,300.6074,300.8814,301.1217,301.3284,301.5015,301.6409,301.7467,301.8189,301.8574,301.8623,301.8336,301.7713,301.6754,301.546,301.383,301.1866,300.9569,300.6938,300.3976,300.0682,299.7059,299.3108,298.8829,298.4224,297.9295,297.4042,296.8467,296.257,295.6352,294.9813,294.2952,293.5767,292.8257,292.0416,291.224,290.3722,289.4861,288.5655,287.6102,286.6204,285.5967,284.5405,283.4548,282.3444,281.207,280.0417,278.8501,277.6403,276.4339,275.2512,273.9893,271.1091
215.0,252.6375,254.8152,257.0002,259.1574,261.2806,263.3709,265.4311,267.4644,269.474,271.4629,273.4338,275.4465,277.4296,279.3249,281.1029,282.7531,284.277,285.6821,286.9792,288.1795,289.2937,290.3315,291.301,292.2093,293.0619,293.8635,294.6176,295.327,295.9939,296.6202,297.2078,297.7578,298.2714,298.7494,299.1924,299.6007,299.9748,300.3149,300.6212,300.8937,301.1326,301.3378,301.5094,301.6474,301.7516,301.8223,301.8593,301.8627,301.8325,301.7686,301.6712,301.5403,301.3758,301.1778,300.9465,300.6818,300.384,300.053,299.689,299.2922,298.8626,298.4003,297.9056,297.3784,296.819,296.2272,295.6033,294.9472,294.2587,293.5377,292.784,291.997,291.1763,290.3213,289.4318,288.5075,287.5484,286.5547,285.527,284.4669,283.3774,282.2635,281.123,279.9548,278.7609,277.5493,276.3417,275.1553,273.8568,270.629
216.0,253.0229,255.1592,257.3083,259.4332,261.5264,263.5878,265.62,267.6257,269.6081,271.5698,273.5137,275.508,277.4767,279.3616,281.1328,282.779,284.3009,285.7055,287.0029,288.2039,289.3189,290.3575,291.3277,292.2365,293.0893,293.8909,294.6448,295.3538,296.02,296.6455,297.2321,297.7811,298.2935,298.7703,299.2119,299.6189,299.9915,300.3302,300.635,300.906,301.1434,301.3471,301.5172,301.6536,301.7564,301.8255,301.8609,301.8628,301.831,301.7656,301.6666,301.534,301.368,301.1684,300.9355,300.6692,300.3697,300.037,299.6714,299.2728,298.8414,298.3774,297.8807,297.3517,296.7902,296.1964,295.5703,294.9119,294.221,293.4974,292.741,291.9511,291.1273,290.269,289.376,288.448,287.4851,286.4875,285.4558,284.3917,283.2985,282.1812,281.0375,279.8665,278.6703,277.4569,276.2479,275.0567,273.7195,270.2514
217.0,253.4119,255.5067,257.6194,259.7118,261.7744,263.8067,265.8106,267.7886,269.7435,271.678,273.5947,275.571,277.5253,279.3998,281.1641,282.8063,284.3261,285.7299,287.0274,288.229,289.3448,290.3841,291.3549,292.2641,293.1172,293.9187,294.6723,295.3808,296.0464,296.6711,297.2567,297.8046,298.3158,298.7912,299.2315,299.6371,300.0083,300.3455,300.6488,300.9183,301.1541,301.3563,301.5248,301.6597,301.7608,301.8284,301.8623,301.8625,301.8291,301.7621,301.6615,301.5274,301.3596,301.1585,300.9238,300.6559,300.3547,300.0204,299.6529,299.2526,298.8194,298.3535,297.855,297.3239,296.7604,296.1645,295.5361,294.8754,294.182,293.4559,292.6966,291.9039,291.0769,290.2153,289.3187,288.3871,287.4204,286.4188,285.3831,284.3151,283.2182,282.0974,280.9506,279.7769,278.5784,277.3633,276.1526,274.9554,273.5796,269.9455
218.0,253.8039,255.8575,257.9335,259.9928,262.0246,264.0275,266.0028,267.9529,269.8802,271.7873,273.6767,275.6354,277.5755,279.4397,281.1969,282.8348,284.3523,285.7553,287.0528,288.2548,289.3713,290.4113,291.3826,292.2922,293.1454,293.9469,294.7002,295.4082,296.0731,296.6969,297.2815,297.8282,298.3382,298.8123,299.2512,299.6553,300.0251,300.3607,300.6625,300.9305,301.1648,301.3654,301.5323,301.6655,301.7651,301.831,301.8633,301.8619,301.8269,301.7583,301.656,301.5202,301.3508,301.1479,300.9116,300.642,300.339,300.0029,299.6337,299.2316,298.7965,298.3287,297.8282,297.2952,296.7296,296.1315,295.5009,294.8377,294.1418,293.413,292.651,291.8553,291.0252,290.1602,289.2601,288.3247,287.3541,286.3486,285.309,284.2371,283.1364,282.0122,280.8623,279.6859,278.4852,277.2683,276.0555,274.8511,273.4289,269.6871
219.0,254.1989,256.2113,258.2503,260.2762,262.2769,264.2501,266.1967,268.1186,270.0182,271.898,273.7602,275.7012,277.6273,279.481,281.2312,282.8646,284.3798,285.7817,287.079,288.2814,289.3984,290.439,291.4109,292.3207,293.1741,293.9754,294.7284,295.4359,296.1,296.7229,297.3065,297.852,298.3608,298.8335,299.271,299.6736,300.0419,300.376,300.6762,300.9426,301.1753,301.3743,301.5396,301.6712,301.7691,301.8334,301.864,301.861,301.8243,301.754,301.65,301.5125,301.3414,301.1368,300.8988,300.6274,300.3227,299.9848,299.6138,299.2097,298.7728,298.303,297.8006,297.2654,296.6977,296.0974,295.4645,294.7989,294.1005,293.369,292.6041,291.8054,290.9721,290.1037,289.2,288.2609,287.2865,286.277,285.2334,284.1576,283.0532,281.9256,280.7727,279.5937,278.3908,277.1719,275.9567,274.7429,273.2536,269.4554
220.0,254.5965,256.568,258.5695,260.5618,262.5312,264.4745,266.3922,268.286,270.158,272.0105,273.8459,275.7686,277.6805,279.5239,281.2668,282.8957,284.4083,285.8091,287.1061,288.3087,289.4262,290.4673,291.4396,292.3497,293.2031,294.0043,294.7569,295.4638,296.1272,296.7492,297.3317,297.876,298.3835,298.8548,299.2909,299.692,300.0587,300.3913,300.6899,300.9547,301.1857,301.383,301.5467,301.6766,301.7729,301.8355,301.8644,301.8597,301.8213,301.7493,301.6436,301.5044,301.3315,301.1252,300.8854,300.6122,300.3056,299.9659,299.593,299.1871,298.7482,298.2765,297.772,297.2347,296.6648,296.0623,295.427,294.7589,294.0579,293.3237,292.556,291.7542,290.9176,290.0458,289.1385,288.1957,287.2174,286.204,285.1564,284.0767,282.9686,281.8376,280.6817,279.5001,278.295,277.0742,275.8559,274.6292,273.0401,269.2316
221.0,254.9964,256.9273,258.8911,260.8495,262.7873,264.7006,266.5894,268.455,270.2994,272.1249,273.9336,275.8375,277.7353,279.5682,281.3039,282.9281,284.4379,285.8374,287.134,288.3368,289.4546,290.4961,291.4687,292.3791,293.2325,294.0335,294.7858,295.4921,296.1547,296.7757,297.357,297.9002,298.4063,298.8763,299.3108,299.7104,300.0756,300.4065,300.7035,300.9666,301.196,301.3917,301.5536,301.6819,301.7764,301.8373,301.8645,301.858,301.8179,301.7441,301.6367,301.4957,301.3211,301.113,300.8713,300.5963,300.2879,299.9463,299.5715,299.1637,298.7228,298.2491,297.7425,297.2031,296.631,296.0261,295.3884,294.7179,294.0142,293.2773,292.5066,291.7017,290.8619,289.9866,289.0758,288.1292,287.147,286.1296,285.0781,283.9945,282.8826,281.7484,280.5895,279.4053,278.198,276.975,275.7526,274.5065,272.7505,268.9919
222.0,255.3984,257.2889,259.2149,261.1391,263.0452,264.9284,266.7882,268.6257,270.4427,272.2412,274.0233,275.9081,277.7916,279.6139,281.3423,282.9617,284.4687,285.8667,287.1628,288.3655,289.4837,290.5255,291.4984,292.4089,293.2623,294.0631,294.8149,295.5206,296.1823,296.8024,297.3826,297.9245,298.4293,298.8978,299.3308,299.7289,300.0925,300.4218,300.7171,300.9785,301.2062,301.4002,301.5604,301.6869,301.7797,301.8388,301.8643,301.8561,301.8142,301.7386,301.6294,301.4866,301.3102,301.1002,300.8567,300.5798,300.2696,299.926,299.5493,299.1395,298.6966,298.2208,297.712,297.1705,296.5961,295.9889,295.3488,294.6757,293.9694,293.2296,292.456,291.648,290.8049,289.9262,289.0116,288.0613,287.0752,286.0539,284.9984,283.9109,282.7954,281.6578,280.496,279.3092,278.0997,276.8741,275.6451,274.3602,272.1571,268.6554
223.0,255.8023,257.6527,259.5407,261.4306,263.3048,265.1578,266.9886,268.798,270.5876,272.3592,274.1149,275.9803,277.8494,279.6611,281.382,282.9965,284.5005,285.8969,287.1923,288.395,289.5133,290.5554,291.5285,292.4391,293.2924,294.093,294.8443,295.5493,296.2102,296.8293,297.4083,297.9489,298.4523,298.9194,299.3509,299.7474,300.1093,300.437,300.7306,300.9903,301.2163,301.4085,301.567,301.6917,301.7828,301.8401,301.8638,301.8537,301.81,301.7327,301.6216,301.477,301.2987,301.0868,300.8415,300.5627,300.2505,299.905,299.5263,299.1145,298.6695,298.1916,297.6807,297.1369,296.5603,295.9507,295.3081,294.6324,293.9234,293.1808,292.4041,291.593,290.7466,289.8644,288.9462,287.9921,287.0021,285.9768,284.9173,283.826,282.7069,281.566,280.4013,279.2119,278.0,276.7711,275.5315,274.182,271.3524,268.1908
224.0,256.2077,258.0183,259.8683,261.7237,263.566,265.3888,267.1906,268.972,270.7341,272.4789,274.2083,276.0541,277.9087,279.7098,281.4231,283.0325,284.5334,285.9281,287.2227,288.4252,289.5436,290.5858,291.5591,292.4697,293.323,294.1232,294.874,295.5783,296.2384,296.8564,297.4342,297.9735,298.4755,298.9411,299.371,299.7659,300.1262,300.4522,300.7441,301.0021,301.2263,301.4167,301.5734,301.6963,301.7856,301.8411,301.8629,301.8511,301.8055,301.7263,301.6134,301.4669,301.2867,301.073,300.8257,300.5449,300.2308,299.8833,299.5026,299.0887,298.6417,298.1616,297.6485,297.1025,296.5234,295.9114,295.2663,294.588,293.8763,293.1308,292.3511,291.5368,290.6871,289.8013,288.8795,287.9216,286.9277,285.8984,284.835,283.7399,282.6171,281.473,280.3053,279.1134,277.8988,276.6656,275.4115,273.9902,270.8326,267.7164
225.0,256.6144,258.3856,260.1975,262.0185,263.8288,265.6213,267.3941,269.1474,270.8823,272.6003,274.3034,276.1295,277.9695,279.7598,281.4655,283.0698,284.5674,285.9602,287.2539,288.456,289.5744,290.6168,291.5902,292.5008,293.3538,294.1537,294.904,295.6076,296.2667,296.8836,297.4603,297.9983,298.4988,298.9629,299.3912,299.7845,300.143,300.4673,300.7574,301.0137,301.2361,301.4247,301.5796,301.7007,301.7881,301.8418,301.8618,301.848,301.8006,301.7195,301.6047,301.4563,301.2742,301.0585,300.8093,300.5266,300.2104,299.8609,299.4782,299.0621,298.613,298.1307,297.6154,297.0671,296.4857,295.8712,295.2236,294.5426,293.8281,293.0797,292.297,291.4794,290.6263,289.7371,288.8115,287.8498,286.852,285.8188,284.7515,283.6525,282.5261,281.3787,280.2082,279.0136,277.7961,276.5574,275.2857,273.7929,270.4455,267.2724
226.0,257.0222,258.7544,260.5283,262.3147,264.0929,265.8552,267.599,269.3243,271.0319,272.7233,274.4002,276.2066,278.0317,279.8112,281.5091,283.1081,284.6024,285.9932,287.2859,288.4876,289.6059,290.6483,291.6217,292.5322,293.385,294.1845,294.9342,295.637,296.2952,296.9111,297.4865,298.0231,298.5222,298.9847,299.4114,299.803,300.1599,300.4824,300.7708,301.0252,301.2458,301.4326,301.5856,301.7049,301.7904,301.8422,301.8603,301.8447,301.7953,301.7123,301.5956,301.4452,301.2612,301.0435,300.7923,300.5076,300.1894,299.8379,299.453,299.0348,298.5835,298.099,297.5814,297.0308,296.447,295.83,295.1798,294.4961,293.7788,293.0274,292.2417,291.4209,290.5644,289.6716,288.7424,287.7768,286.7751,285.7379,284.6667,283.5639,282.4339,281.2833,280.1098,278.9125,277.6917,276.4465,275.1548,273.594,270.1255,266.8687
227.0,257.4309,259.1244,260.8602,262.6119,264.3577,266.0891,267.803,269.4985,271.1761,272.8362,274.4972,276.285,278.0954,279.8639,281.554,283.1477,284.6384,286.0271,287.3186,288.5198,289.6379,290.6802,291.6536,292.564,293.4166,294.2156,294.9647,295.6667,296.324,296.9386,297.5128,298.048,298.5456,299.0066,299.4317,299.8216,300.1767,300.4974,300.784,301.0366,301.2554,301.4403,301.5914,301.7088,301.7924,301.8423,301.8585,301.8409,301.7897,301.7047,301.5861,301.4337,301.2477,301.028,300.7748,300.488,300.1678,299.8141,299.4271,299.0068,298.5533,298.0665,297.5466,296.9936,296.4073,295.7878,295.135,294.4486,293.7284,292.9741,292.1852,291.3612,290.5013,289.6049,288.672,287.7025,286.6969,285.6558,284.5807,283.4741,282.3406,281.1867,280.0103,278.8101,277.5856,276.3327,275.0187,273.3856,269.8393,266.5032
228.0,257.8401,259.4952,261.1929,262.9095,264.6224,266.3222,268.005,269.6697,271.3159,272.9439,274.5936,276.3645,278.1605,279.918,281.6002,283.1883,284.6754,286.0619,287.3522,288.5527,289.6705,290.7127,291.686,292.5962,293.4485,294.247,294.9955,295.6966,296.3529,296.9664,297.5393,298.0731,298.5692,299.0285,299.452,299.8401,300.1935,300.5124,300.7972,301.0479,301.2648,301.4478,301.5971,301.7125,301.7942,301.8422,301.8564,301.8369,301.7837,301.6967,301.5761,301.4217,301.2336,301.0119,300.7566,300.4678,300.1455,299.7897,299.4005,298.978,298.5222,298.0332,297.5109,296.9555,296.3668,295.7447,295.0892,294.4,293.677,292.9197,292.1277,291.3004,290.437,289.537,288.6004,287.6271,286.6176,285.5726,284.4935,283.3831,282.2461,281.089,279.9096,278.7064,277.4776,276.2156,274.8744,273.1333,269.5581,266.1659
229.0,258.2496,259.8665,261.5259,263.2071,264.8865,266.5541,268.2054,269.8387,271.4537,273.0505,274.6897,276.4449,278.2268,279.9734,281.6476,283.2301,284.7135,286.0976,287.3865,288.5862,289.7037,290.7457,291.7188,292.6288,293.4806,294.2787,295.0264,295.7268,296.382,296.9943,297.5659,298.0982,298.5928,299.0505,299.4723,299.8587,300.2103,300.5274,300.8102,301.0591,301.2741,301.4552,301.6025,301.716,301.7957,301.8417,301.854,301.8325,301.7772,301.6883,301.5656,301.4092,301.2191,300.9953,300.738,300.447,300.1225,299.7646,299.3732,298.9485,298.4904,297.9991,297.4744,296.9165,296.3253,295.7006,295.0424,294.3505,293.6245,292.8642,292.069,291.2384,290.3716,289.468,288.5276,287.5505,286.5371,285.4881,284.4052,283.2911,282.1505,280.9902,279.8077,278.6012,277.3675,276.0943,274.7164,272.7998,269.2524,265.8416
230.0,258.6591,260.2378,261.8589,263.5042,265.1499,266.7849,268.4044,270.0065,271.5905,273.1567,274.7855,276.526,278.2943,280.0301,281.6961,283.2729,284.7525,286.1341,287.4215,288.6205,289.7374,290.7792,291.752,292.6617,293.5131,294.3106,295.0577,295.7571,296.4112,297.0224,297.5926,298.1235,298.6165,299.0725,299.4926,299.8772,300.227,300.5422,300.8232,301.0702,301.2832,301.4624,301.6077,301.7192,301.797,301.841,301.8512,301.8277,301.7705,301.6795,301.5547,301.3963,301.2041,300.9782,300.7187,300.4256,300.099,299.7388,299.3452,298.9182,298.4579,297.9642,297.4371,296.8767,296.2829,295.6557,294.9947,294.3,293.5711,292.8077,292.0093,291.1754,290.3051,289.3979,288.4538,287.4728,286.4555,285.4026,284.3158,283.1979,282.0538,280.8902,279.7047,278.4945,277.2549,275.9657,274.5246,272.2014,268.8369,265.4956
231.0,259.0681,260.6089,262.1916,263.8008,265.4124,267.0147,268.6024,270.1733,271.7267,273.2627,274.8812,276.6078,278.3629,280.0879,281.7459,283.3169,284.7925,286.1715,287.4573,288.6553,289.7717,290.8131,291.7856,292.6949,293.5459,294.3428,295.0891,295.7876,296.4406,297.0505,297.6194,298.1488,298.6402,299.0946,299.5129,299.8958,300.2437,300.557,300.8361,301.0812,301.2922,301.4694,301.6127,301.7223,301.798,301.84,301.8482,301.8226,301.7633,301.6702,301.5434,301.3829,301.1886,300.9606,300.6989,300.4036,300.0748,299.7124,299.3166,298.8873,298.4246,297.9285,297.399,296.8361,296.2397,295.6098,294.9461,294.2485,293.5166,292.7502,291.9486,291.1113,290.2376,289.3267,288.3788,287.394,286.3728,285.316,284.2253,283.1037,281.956,280.7892,279.6003,278.3861,277.1386,275.8263,274.2863,271.3857,268.2841,265.0954
232.0,259.4764,260.9793,262.5237,264.0967,265.6741,267.2435,268.7995,270.3394,271.8624,273.3686,274.9769,276.6903,278.4326,280.1469,281.7968,283.3619,284.8334,286.2097,287.4939,288.6908,289.8066,290.8475,291.8196,292.7285,293.579,294.3753,295.1207,295.8183,296.4702,297.0788,297.6463,298.1742,298.664,299.1167,299.5332,299.9143,300.2603,300.5718,300.8489,301.092,301.3011,301.4763,301.6176,301.7251,301.7988,301.8387,301.8448,301.8172,301.7558,301.6606,301.5317,301.369,301.1726,300.9424,300.6786,300.3811,300.05,299.6854,299.2872,298.8556,298.3905,297.892,297.3601,296.7946,296.1956,295.563,294.8965,294.196,293.4612,292.6916,291.8868,291.0462,290.1689,289.2545,288.3028,287.3142,286.289,285.2283,284.1338,283.0084,281.8572,280.687,279.4946,278.2756,277.0183,275.6766,274.035,270.8769,267.7743,264.6692
233.0,259.8835,261.3488,262.8549,264.3916,265.9348,267.4715,268.9958,270.5049,271.9979,273.4745,275.0727,276.7733,278.5032,280.207,281.8487,283.4079,284.8752,286.2488,287.5311,288.7269,289.8419,290.8823,291.854,292.7625,293.6124,294.408,295.1526,295.8491,296.4999,297.1073,297.6733,298.1996,298.6878,299.1388,299.5536,299.9328,300.2769,300.5864,300.8616,301.1027,301.3098,301.4829,301.6222,301.7276,301.7993,301.8371,301.8411,301.8114,301.7479,301.6506,301.5195,301.3547,301.1561,300.9237,300.6577,300.358,300.0246,299.6577,299.2573,298.8233,298.3558,297.8548,297.3203,296.7523,296.1507,295.5154,294.8461,294.1427,293.4048,292.6321,291.8241,290.98,290.0993,289.1811,288.2257,287.2332,286.2042,285.1396,284.0412,282.9121,281.7573,280.5837,279.3875,278.1629,276.8935,275.5184,273.782,270.4869,267.3263,264.242
234.0,260.2893,261.717,263.1852,264.6856,266.1945,267.6986,269.1914,270.6699,272.133,273.5805,275.1687,276.8569,278.5747,280.2682,281.9018,283.4549,284.918,286.2886,287.5691,288.7636,289.8778,290.9176,291.8888,292.7968,293.6461,294.4409,295.1847,295.8802,296.5298,297.1358,297.7003,298.2252,298.7117,299.1609,299.5739,299.9512,300.2934,300.601,300.8742,301.1133,301.3183,301.4894,301.6266,301.73,301.7995,301.8352,301.8371,301.8053,301.7396,301.6402,301.507,301.3399,301.1391,300.9045,300.6363,300.3343,299.9987,299.6294,299.2266,298.7902,298.3203,297.8169,297.2799,296.7093,296.105,295.4669,294.7948,294.0884,293.3475,292.5717,291.7603,290.9129,290.0286,289.1068,288.1476,287.1513,286.1184,285.0498,283.9476,282.8148,281.6564,280.4792,279.2789,278.0477,276.7644,275.3535,273.5315,270.151,266.9282,263.8282
235.0,260.6933,262.0837,263.5142,264.9785,266.4532,267.9247,269.3862,270.8344,272.268,273.6865,275.2648,276.9411,278.647,280.3303,281.9558,283.5029,284.9617,286.3293,287.6077,288.8009,289.9142,290.9534,291.924,292.8313,293.68,294.4741,295.2169,295.9114,296.5598,297.1644,297.7275,298.2508,298.7356,299.1831,299.5942,299.9696,300.3099,300.6155,300.8867,301.1237,301.3267,301.4957,301.6309,301.7321,301.7995,301.8331,301.8329,301.7988,301.731,301.6294,301.494,301.3247,301.1217,300.8849,300.6143,300.3101,299.9721,299.6005,299.1953,298.7566,298.2842,297.7782,297.2386,296.6654,296.0584,295.4175,294.7426,294.0333,293.2893,292.5103,291.6957,290.8448,289.957,289.0315,288.0686,287.0684,286.0315,284.9591,283.8531,282.7165,281.5545,280.3735,279.1686,277.93,276.6307,275.1807,273.2595,269.8337,266.5627,263.4331
236.0,261.0954,262.4487,263.8419,265.2701,266.7109,268.1501,269.5806,270.9988,272.4033,273.7936,275.3612,277.0258,278.7202,280.3935,282.0109,283.5519,285.0062,286.3707,287.647,288.8388,289.9512,290.9896,291.9596,292.8662,293.7142,294.5075,295.2494,295.9427,296.5899,297.1932,297.7548,298.2764,298.7595,299.2052,299.6145,299.988,300.3263,300.6299,300.8991,301.1341,301.335,301.5019,301.6349,301.734,301.7992,301.8307,301.8283,301.7921,301.722,301.6182,301.4806,301.3091,301.1038,300.8647,300.5919,300.2853,299.945,299.571,299.1634,298.7222,298.2473,297.7388,297.1967,296.6208,296.0111,295.3674,294.6895,293.9773,293.2302,292.448,291.6301,290.7758,289.8844,288.9552,287.9885,286.9845,285.9438,284.8675,283.7576,282.6173,281.4515,280.2666,279.0566,277.8095,276.4915,274.9932,272.9152,269.497,266.208,263.0542
237.0,261.4952,262.8118,264.1681,265.5605,266.9676,268.3749,269.7748,271.1638,272.5402,273.9036,275.4583,277.1111,278.7942,280.4575,282.067,283.6018,285.0516,286.413,287.687,288.8773,289.9886,291.0262,291.9955,292.9015,293.7487,294.5411,295.282,295.9742,296.6201,297.222,297.7821,298.3021,298.7834,299.2274,299.6347,300.0063,300.3427,300.6443,300.9114,301.1443,301.3431,301.5078,301.6387,301.7356,301.7987,301.828,301.8234,301.785,301.7127,301.6067,301.4668,301.293,301.0855,300.8441,300.5689,300.26,299.9173,299.541,299.1309,298.6872,298.2098,297.6988,297.154,296.5754,295.9629,295.3164,294.6357,293.9204,293.1702,292.3848,291.5635,290.7058,289.8109,288.878,287.9075,286.8997,285.8551,284.7749,283.6612,282.5171,281.3474,280.1583,278.9427,277.6854,276.3437,274.7745,272.3952,269.0786,265.8297,262.6801
238.0,261.8924,263.1728,264.4926,265.8496,267.2234,268.5992,269.9693,271.3297,272.6787,274.016,275.5564,277.197,278.869,280.5225,282.1239,283.6526,285.0978,286.4559,287.7277,288.9164,290.0265,291.0632,292.0317,292.937,293.7834,294.5749,295.3148,296.0058,296.6504,297.2509,297.8094,298.3278,298.8074,299.2495,299.655,300.0246,300.359,300.6585,300.9235,301.1543,301.351,301.5136,301.6423,301.7371,301.798,301.825,301.8182,301.7775,301.7031,301.5947,301.4526,301.2766,301.0667,300.823,300.5454,300.2341,299.8891,299.5103,299.0978,298.6516,298.1717,297.658,297.1106,296.5293,295.9141,295.2647,294.581,293.8627,293.1094,292.3208,291.4962,290.635,289.7364,288.7999,287.8257,286.814,285.7655,284.6815,283.5639,282.4159,281.2423,280.0486,278.8265,277.5564,276.1815,274.4967,271.5685,268.4926,265.3776,262.2886
239.0,262.287,263.5316,264.8154,266.1373,267.478,268.8224,270.1622,271.4931,272.813,274.1298,275.6553,277.2837,278.9445,280.5883,282.1818,283.7043,285.1449,286.4996,287.769,288.956,290.0649,291.1006,292.0683,292.9727,293.8183,294.6089,295.3477,296.0376,296.6809,297.2799,297.8368,298.3535,298.8314,299.2716,299.6752,300.0429,300.3752,300.6727,300.9356,301.1643,301.3588,301.5192,301.6457,301.7383,301.797,301.8218,301.8127,301.7698,301.6931,301.5825,301.438,301.2597,301.0474,300.8014,300.5215,300.2078,299.8603,299.4791,299.0641,298.6154,298.1329,297.6166,297.0665,296.4825,295.8645,295.2122,294.5256,293.8042,293.0478,292.2559,291.4279,290.5633,289.6611,288.721,287.7429,286.7274,285.675,284.5871,283.4656,282.3137,281.136,279.9374,278.7075,277.4217,276.0065,274.2078,271.0638,267.9739,264.9133,261.8813
240.0,262.6786,263.8877,265.1359,266.4226,267.7298,269.0417,270.3493,271.6476,272.9333,274.243,275.7549,277.371,279.0207,280.655,282.2406,283.7568,285.1927,286.544,287.8109,288.9961,290.1037,291.1384,292.1052,293.0088,293.8535,294.6431,295.3808,296.0695,296.7114,297.309,297.8643,298.3793,298.8554,299.2937,299.6954,300.061,300.3913,300.6867,300.9475,301.174,301.3664,301.5247,301.6489,301.7393,301.7957,301.8182,301.8069,301.7617,301.6827,301.5698,301.423,301.2424,301.0278,300.7794,300.4971,300.181,299.831,299.4473,299.0298,298.5786,298.0935,297.5746,297.0218,296.435,295.8141,295.159,294.4694,293.7449,292.9854,292.1902,291.3589,290.4907,289.585,288.6411,287.6593,286.6399,285.5837,284.4919,283.3665,282.2106,281.0285,279.8243,278.5855,277.2813,275.8219,273.9211,270.6685,267.5259,264.4677,261.4682
241.0,263.067,264.2409,265.4536,266.7051,267.9783,269.2572,270.5323,271.7982,273.0517,274.3556,275.855,277.459,279.0978,280.7225,282.3002,283.8102,285.2413,286.5891,287.8535,289.0368,290.143,291.1766,292.1425,293.0451,293.8889,294.6775,295.4141,296.1015,296.742,297.3381,297.8918,298.4051,298.8793,299.3158,299.7155,300.0792,300.4074,300.7007,300.9594,301.1837,301.3739,301.5299,301.652,301.74,301.7942,301.8145,301.8009,301.7534,301.672,301.5568,301.4077,301.2247,301.0077,300.7569,300.4722,300.1536,299.8012,299.415,298.995,298.5411,298.0534,297.5319,296.9763,296.3868,295.7631,295.105,294.4124,293.6849,292.9221,292.1237,291.289,290.4174,289.5081,288.5605,287.5749,286.5517,285.4916,284.3959,283.2665,282.1065,280.9197,279.7094,278.4604,277.1353,275.6303,273.6403,270.3205,267.1274,264.049,261.0585
242.0,263.4518,264.5907,265.7682,266.9843,268.2235,269.4694,270.7123,271.9466,273.1693,274.4676,275.9555,277.5476,279.1755,280.7908,282.3606,283.8643,285.2907,286.6349,287.8966,289.078,290.1828,291.2152,292.18,293.0817,293.9245,294.712,295.4475,296.1336,296.7728,297.3673,297.9194,298.4309,298.9033,299.3379,299.7356,300.0972,300.4234,300.7145,300.9711,301.1932,301.3812,301.535,301.6548,301.7406,301.7925,301.8105,301.7945,301.7447,301.661,301.5435,301.392,301.2066,300.9872,300.734,300.4468,300.1258,299.7709,299.3822,298.9596,298.5032,298.0128,297.4886,296.9303,296.338,295.7114,295.0504,294.3547,293.6241,292.8582,292.0564,291.2183,290.3432,289.4303,288.4791,287.4897,286.4626,285.3986,284.299,283.1657,282.0014,280.8096,279.5925,278.3319,276.9844,275.4336,273.3642,269.9977,266.7622,263.6561,260.6585
243.0,263.8327,264.937,266.0793,267.2602,268.4655,269.6787,270.8899,272.0935,273.2864,274.5791,276.0563,277.6367,279.2539,280.8598,282.4218,283.9193,285.3408,286.6813,287.9403,289.1198,290.2229,291.2542,292.2179,293.1186,293.9603,294.7467,295.481,296.1658,296.8035,297.3965,297.947,298.4567,298.9273,299.36,299.7557,300.1152,300.4393,300.7283,300.9827,301.2026,301.3883,301.5399,301.6574,301.7409,301.7905,301.8062,301.7879,301.7358,301.6497,301.5298,301.3759,301.1881,300.9663,300.7107,300.421,300.0975,299.7401,299.3489,298.9237,298.4646,297.9716,297.4447,296.8836,296.2885,295.659,294.9951,294.2964,293.5627,292.7935,291.9884,291.1469,290.2683,289.3518,288.3969,287.4037,286.3728,285.3049,284.2014,283.0639,281.8951,280.698,279.4734,278.2,276.8275,275.2241,273.0241,269.658,266.4063,263.2804,260.2703
244.0,264.2094,265.2793,266.3868,267.5328,268.7045,269.8855,271.0656,272.2392,273.403,274.6903,276.1572,277.7264,279.333,280.9296,282.4837,283.975,285.3916,286.7284,287.9846,289.162,290.2635,291.2935,292.2561,293.1557,293.9963,294.7816,295.5146,296.1981,296.8344,297.4258,297.9746,298.4825,298.9513,299.382,299.7757,300.1332,300.4551,300.742,300.9941,301.2119,301.3953,301.5446,301.6598,301.7411,301.7883,301.8016,301.781,301.7265,301.6381,301.5158,301.3595,301.1693,300.9451,300.6869,300.3948,300.0688,299.7089,299.315,298.8873,298.4256,297.9299,297.4002,296.8364,296.2384,295.606,294.9391,294.2374,293.5005,292.7281,291.9197,291.0748,290.1927,289.2726,288.3139,287.317,286.2822,285.2105,284.1029,282.9613,281.7878,280.585,279.3519,278.064,276.6619,274.9873,272.5551,269.2537,266.0284,262.9062,259.8908
245.0,264.5818,265.6175,266.6905,267.8021,268.9407,270.0899,271.2396,272.3838,273.5193,274.8012,276.2583,277.8166,279.4127,281.0,282.5464,284.0314,285.443,286.7761,288.0295,289.2047,290.3046,291.3331,292.2945,293.193,294.0326,294.8166,295.5484,296.2305,296.8653,297.4551,298.0022,298.5084,298.9752,299.404,299.7956,300.1511,300.4709,300.7555,301.0055,301.221,301.4022,301.5492,301.6621,301.741,301.7859,301.7969,301.7739,301.717,301.6262,301.5015,301.3428,301.1501,300.9234,300.6628,300.3682,300.0396,299.6771,299.2807,298.8503,298.386,297.8876,297.3551,296.7885,296.1877,295.5524,294.8825,294.1777,293.4377,292.662,291.8503,291.002,290.1164,289.1926,288.2303,287.2296,286.191,285.1153,284.0036,282.8577,281.6794,280.4702,279.2276,277.922,276.479,274.6815,271.7258,268.6538,265.5575,262.4987,259.508
246.0,264.9494,265.9513,266.9905,268.068,269.174,270.2921,271.4119,272.5274,273.6353,274.9119,276.3595,277.9071,279.493,281.0712,282.6098,284.0885,285.4952,286.8244,288.0749,289.2478,290.346,291.3731,292.3333,293.2306,294.069,294.8518,295.5823,296.263,296.8963,297.4845,298.0298,298.5342,298.9991,299.4259,299.8155,300.1689,300.4865,300.769,301.0167,301.23,301.4089,301.5536,301.6642,301.7407,301.7833,301.7919,301.7665,301.7072,301.614,301.4868,301.3257,301.1305,300.9014,300.6382,300.3411,300.01,299.645,299.2459,298.8129,298.3459,297.8448,297.3095,296.7401,296.1364,295.4982,294.8252,294.1174,293.3742,292.5953,291.7803,290.9285,290.0394,289.112,288.1459,287.1414,286.099,285.0193,283.9036,282.7532,281.5697,280.3535,279.0999,277.773,276.282,274.3672,271.227,268.1374,265.0836,262.0737,259.1179
247.0,265.3121,266.2808,267.2865,268.3306,269.4045,270.492,271.5826,272.6701,273.7511,275.0223,276.4609,277.9981,279.5738,281.143,282.6739,284.1463,285.548,286.8733,288.1208,289.2915,290.3878,291.4134,292.3723,293.2684,294.1055,294.8872,295.6163,296.2956,296.9273,297.5139,298.0575,298.56,299.023,299.4478,299.8354,300.1866,300.5021,300.7824,301.0279,301.2388,301.4154,301.5578,301.666,301.7402,301.7804,301.7866,301.7588,301.6971,301.6015,301.4719,301.3083,301.1106,300.879,300.6133,300.3137,299.98,299.6124,299.2107,298.775,298.3053,297.8014,297.2634,296.6912,296.0845,295.4434,294.7674,294.0564,293.3101,292.528,291.7096,290.8544,289.9617,289.0307,288.061,287.0527,286.0064,284.9227,283.8028,282.6478,281.4586,280.2347,278.9685,277.6174,276.0751,274.0586,270.8298,267.6944,264.6379,261.6502,258.7232
248.0,265.6698,266.6056,267.5784,268.5896,269.632,270.6892,271.7505,272.8097,273.869,275.1328,276.5623,278.0894,279.6552,281.2154,282.7387,284.2047,285.6014,286.9228,288.1672,289.3355,290.43,291.4541,292.4116,293.3064,294.1423,294.9226,295.6504,296.3282,296.9584,297.5433,298.0852,298.5858,299.0469,299.4697,299.8552,300.2043,300.5176,300.7956,301.0389,301.2475,301.4218,301.5619,301.6677,301.7396,301.7773,301.7811,301.7509,301.6868,301.5887,301.4566,301.2905,301.0904,300.8562,300.5881,300.2858,299.9496,299.5793,299.175,298.7367,298.2642,297.7576,297.2168,296.6417,296.0322,295.388,294.709,293.9949,293.2454,292.46,291.6383,290.7796,289.8834,288.9488,287.9754,286.9633,285.9131,284.8254,283.7011,282.5413,281.3461,280.1136,278.8332,277.4556,275.8619,273.7586,270.4754,267.2985,264.2234,261.2384,258.3285
249.0,266.022,266.9255,267.8657,268.844,269.8541,270.8795,271.9087,272.9341,273.9872,275.2434,276.664,278.181,279.7371,281.2884,282.8041,284.2638,285.6554,286.9728,288.2142,289.38,290.4725,291.495,292.4511,293.3446,294.1792,294.9582,295.6846,296.361,296.9896,297.5728,298.1128,298.6116,299.0708,299.4915,299.8749,300.2219,300.533,300.8088,301.0497,301.2561,301.4281,301.5658,301.6693,301.7387,301.7741,301.7754,301.7428,301.6762,301.5756,301.4411,301.2725,301.0699,300.8332,300.5624,300.2576,299.9188,299.5459,299.1389,298.6979,298.2227,297.7133,297.1697,296.5917,295.9793,295.3321,294.6501,293.9329,293.1802,292.3915,291.5664,290.7043,289.8045,288.8663,287.8891,286.8733,285.8191,284.7273,283.5987,282.4337,281.2321,279.9901,278.6942,277.2885,275.6447,273.4674,270.1451,266.9337,263.8357,260.8424,257.9382
250.0,266.3687,267.24,268.1478,269.0933,270.0709,271.0644,272.0622,273.0568,274.1053,275.3541,276.7657,278.273,279.8194,281.362,282.8701,284.3235,285.71,287.0234,288.2616,289.4249,290.5155,291.5362,292.4909,293.383,294.2163,294.9939,295.7189,296.3937,297.0207,297.6022,298.1405,298.6374,299.0946,299.5133,299.8946,300.2394,300.5483,300.8219,301.0605,301.2646,301.4342,301.5695,301.6706,301.7376,301.7706,301.7695,301.7344,301.6654,301.5623,301.4253,301.2542,301.049,300.8098,300.5365,300.2291,299.8876,299.5121,299.1024,298.6587,298.1807,297.6686,297.1221,296.5413,295.9259,295.2758,294.5907,293.8703,293.1144,292.3224,291.4939,290.6284,289.7251,288.7833,287.8024,286.7826,285.7246,284.6286,283.4954,282.3251,281.1164,279.8641,278.5513,277.1158,275.4186,273.1408,269.8091,266.5804,263.4655,260.461,257.5552
251.0,266.7094,267.5489,268.4245,269.3375,270.283,271.2454,272.213,273.1785,274.2233,275.4649,276.8676,278.3653,279.9022,281.4361,282.9366,284.3838,285.7652,287.0744,288.3094,289.4702,290.5587,291.5778,292.5309,293.4216,294.2535,295.0297,295.7532,296.4265,297.0519,297.6317,298.1682,298.6632,299.1184,299.535,299.9142,300.2568,300.5635,300.8348,301.0712,301.2729,301.4402,301.5731,301.6718,301.7364,301.7669,301.7634,301.7259,301.6543,301.5488,301.4092,301.2356,301.0279,300.7861,300.5102,300.2002,299.8561,299.4779,299.0655,298.6191,298.1384,297.6234,297.0741,296.4904,295.872,295.2189,294.5307,293.8072,293.048,292.2528,291.421,290.552,289.6451,288.6996,287.715,286.6915,285.6294,284.5292,283.3912,282.2152,280.999,279.7355,278.404,276.935,275.1704,272.7157,269.424,266.2104,263.0969,260.0883,257.1798
252.0,267.0439,267.8519,268.6958,269.5767,270.4909,271.4231,272.3617,273.2996,274.3411,275.5756,276.9696,278.4578,279.9854,281.5107,283.0037,284.4446,285.8209,287.126,288.3577,289.5159,290.6023,291.6196,292.5711,293.4604,294.2908,295.0656,295.7877,296.4594,297.0831,297.6612,298.1958,298.6889,299.1421,299.5567,299.9338,300.2742,300.5786,300.8477,301.0817,301.2811,301.446,301.5765,301.6728,301.735,301.7631,301.7571,301.717,301.643,301.5349,301.3929,301.2167,301.0064,300.762,300.4835,300.1709,299.8242,299.4433,299.0283,298.5791,298.0956,297.5778,297.0257,296.439,295.8177,295.1615,294.4703,293.7436,292.9812,292.1827,291.3475,290.475,289.5646,288.6155,287.6271,286.5997,285.5336,284.4291,283.2862,282.1042,280.8797,279.6036,278.2504,276.7375,274.86,271.9941,268.8722,265.7561,262.6934,259.7076,256.8074
253.0,267.372,268.149,268.9616,269.8113,270.695,271.598,272.5088,273.4202,274.4586,275.6864,277.0718,278.5506,280.0689,281.5857,283.0714,284.506,285.8771,287.1781,288.4065,289.562,290.6462,291.6616,292.6116,293.4993,294.3283,295.1017,295.8222,296.4923,297.1144,297.6907,298.2235,298.7146,299.1658,299.5783,299.9533,300.2915,300.5937,300.8604,301.0922,301.2892,301.4517,301.5798,301.6737,301.7334,301.759,301.7505,301.708,301.6315,301.5209,301.3763,301.1976,300.9847,300.7377,300.4566,300.1414,299.792,299.4084,298.9907,298.5387,298.0524,297.5318,296.9768,296.3872,295.7629,295.1038,294.4094,293.6796,292.914,292.1121,291.2735,290.3976,289.4837,288.5309,287.5388,286.5075,285.4372,284.3282,283.1802,281.9917,280.7583,279.4678,278.0892,276.5241,274.528,271.4271,268.342,265.2809,262.2669,259.3147,256.4338
254.0,267.6935,268.4399,269.2221,270.0413,270.8954,271.7702,272.6542,273.5404,274.5759,275.7971,277.174,278.6436,280.1529,281.6613,283.1395,284.5678,285.9338,287.2306,288.4556,289.6085,290.6904,291.704,292.6522,293.5384,294.3659,295.1378,295.8567,296.5253,297.1457,297.7202,298.2511,298.7403,299.1895,299.5999,299.9727,300.3087,300.6086,300.8731,301.1025,301.2972,301.4573,301.583,301.6744,301.7317,301.7548,301.7438,301.6988,301.6198,301.5066,301.3594,301.1782,300.9627,300.7132,300.4294,300.1115,299.7594,299.3732,298.9527,298.498,298.0089,297.4855,296.9276,296.3351,295.7078,295.0456,294.3481,293.6151,292.8463,292.0411,291.1991,290.3197,289.4022,288.4458,287.4499,286.4147,285.3403,284.2267,283.0733,281.8779,280.6344,279.3279,277.9205,276.3001,274.2016,271.0084,267.8893,264.8327,261.8418,258.9164,256.0578
255.0,268.0083,268.7248,269.4772,270.2668,271.0921,271.9395,272.7975,273.6601,274.6929,275.9077,277.2763,278.7369,280.2371,281.7372,283.2081,284.6302,285.9909,287.2835,288.5052,289.6552,290.7349,291.7465,292.6931,293.5777,294.4037,295.174,295.8913,296.5583,297.1769,297.7496,298.2787,298.766,299.2131,299.6214,299.992,300.3258,300.6235,300.8857,301.1127,301.305,301.4627,301.586,301.675,301.7298,301.7504,301.7369,301.6894,301.6078,301.4921,301.3424,301.1585,300.9405,300.6883,300.4019,300.0814,299.7266,299.3377,298.9144,298.4569,297.9651,297.4388,296.878,296.2825,295.6522,294.987,294.2864,293.5502,292.7781,291.9697,291.1243,290.2414,289.3204,288.3603,287.3606,286.3214,285.2427,284.1244,282.9653,281.7624,280.5079,279.1836,277.7453,276.0699,273.8858,270.6417,267.4874,264.4172,261.4307,258.5205,255.6808
256.0,268.3161,269.0032,269.7259,270.4857,271.2809,272.0976,272.923,273.7776,274.8094,276.0182,277.3787,278.8303,280.3217,281.8136,283.2772,284.693,286.0486,287.3369,288.5551,289.7024,290.7797,291.7893,292.7341,293.6171,294.4415,295.2102,295.926,296.5913,297.2082,297.7791,298.3063,298.7916,299.2367,299.6429,300.0113,300.3429,300.6383,300.8982,301.1229,301.3127,301.468,301.5889,301.6754,301.7277,301.7459,301.7299,301.6798,301.5957,301.4775,301.3251,301.1387,300.9181,300.6632,300.3742,300.051,299.6935,299.3018,298.8759,298.4156,297.9209,297.3917,296.828,296.2296,295.5963,294.928,294.2243,293.485,292.7096,291.8978,291.049,290.1627,289.2381,288.2743,287.2708,286.2276,285.1446,284.0213,282.8561,281.6452,280.3788,279.0352,277.5647,275.8363,273.5805,270.3014,267.1178,264.0293,261.0372,258.1322,255.3052
257.0,268.6167,269.2746,269.968,270.6979,271.4631,272.2501,273.0466,273.896,274.9256,276.1285,277.481,278.9239,280.4066,281.8903,283.3467,284.7563,286.1066,287.3907,288.6054,289.7498,290.8247,291.8323,292.7753,293.6567,294.4795,295.2466,295.9607,296.6243,297.2395,297.8086,298.3338,298.8172,299.2602,299.6643,300.0305,300.3599,300.653,300.9105,301.1329,301.3204,301.4732,301.5916,301.6757,301.7255,301.7412,301.7227,301.6701,301.5834,301.4626,301.3077,301.1186,300.8954,300.6379,300.3462,300.0203,299.6602,299.2657,298.837,298.3739,297.8764,297.3444,296.7778,296.1764,295.5401,294.8687,294.1619,293.4194,292.6408,291.8256,290.9735,290.0836,289.1554,288.188,287.1806,286.1333,285.0458,283.9174,282.7459,281.5262,280.2469,278.8828,277.3793,275.5988,273.2694,269.9705,266.7663,263.6615,260.6601,257.754,254.9334
258.0,268.9098,269.5389,270.2033,270.904,271.6402,272.3993,273.1693,274.0149,275.0415,276.2387,277.5834,279.0176,280.4917,281.9673,283.4165,284.8199,286.1651,287.4448,288.656,289.7975,290.8701,291.8756,292.8167,293.6963,294.5175,295.283,295.9955,296.6574,297.2708,297.838,298.3613,298.8427,299.2837,299.6856,300.0497,300.3768,300.6676,300.9228,301.1428,301.3279,301.4783,301.5943,301.6759,301.7232,301.7363,301.7153,301.6601,301.5709,301.4475,301.29,301.0983,300.8725,300.6124,300.318,299.9894,299.6265,299.2294,298.7979,298.332,297.8316,297.2967,296.7272,296.1228,295.4835,294.8091,294.0991,293.3534,292.5716,291.7531,290.8975,290.0042,289.0724,288.1013,287.09,286.0385,284.9465,283.8127,282.6343,281.4053,280.1121,278.7262,277.187,275.3446,272.8808,269.604,266.4054,263.2982,260.2927,257.3847,254.5669
259.0,269.1952,269.7961,270.4321,271.1045,271.8132,272.546,273.2914,274.1341,275.1574,276.3487,277.6857,279.1115,280.5771,282.0447,283.4868,284.884,286.2239,287.4994,288.707,289.8455,290.9156,291.919,292.8582,293.7361,294.5556,295.3195,296.0303,296.6905,297.3021,297.8674,298.3888,298.8682,299.3071,299.7069,300.0688,300.3936,300.6822,300.935,301.1526,301.3353,301.4833,301.5968,301.6759,301.7207,301.7313,301.7077,301.65,301.5582,301.4323,301.2722,301.0779,300.8494,300.5866,300.2896,299.9583,299.5927,299.1928,298.7585,298.2898,297.7866,297.2488,296.6763,296.069,295.4267,294.7491,294.0361,293.2872,292.502,291.6802,290.8213,289.9244,288.9891,288.0142,286.999,285.9433,284.8465,283.7071,282.5215,281.2825,279.9742,278.5638,276.9816,275.0485,272.3217,269.137,265.9918,262.913,259.9208,257.0187,254.2049
260.0,269.4728,270.0461,270.6547,271.3,271.9824,272.6905,273.4129,274.2533,275.273,276.4586,277.7881,279.2055,280.6626,282.1224,283.5574,284.9484,286.2831,287.5542,288.7582,289.8938,290.9614,291.9626,292.8999,293.776,294.5938,295.356,296.0651,296.7235,297.3333,297.8968,298.4163,298.8936,299.3305,299.7281,300.0878,300.4104,300.6966,300.9471,301.1624,301.3426,301.4882,301.5992,301.6758,301.7181,301.7262,301.7001,301.6398,301.5454,301.4169,301.2542,301.0572,300.8261,300.5607,300.261,299.927,299.5586,299.156,298.7189,298.2474,297.7413,297.2006,296.6252,296.0149,295.3696,294.6889,293.9727,293.2206,292.4322,291.6071,290.7447,289.8444,288.9054,287.9268,286.9076,285.8476,284.7459,283.6005,282.4073,281.1574,279.8322,278.3936,276.7578,274.7038,271.6532,268.5797,265.5149,262.4902,259.5314,256.6483,253.8451
261.0,269.7424,270.2888,270.8706,271.4894,272.1454,272.8276,273.5333,274.3724,275.3885,276.5683,277.8903,279.2995,280.7484,282.2003,283.6283,285.0132,286.3427,287.6094,288.8098,289.9424,291.0074,292.0064,292.9418,293.8161,294.6321,295.3926,296.1,296.7566,297.3646,297.9262,298.4437,298.919,299.3538,299.7493,300.1067,300.4271,300.711,300.9592,301.172,301.3499,301.493,301.6015,301.6756,301.7154,301.7209,301.6923,301.6294,301.5324,301.4013,301.236,301.0364,300.8026,300.5345,300.2321,299.8954,299.5244,299.1189,298.6791,298.2047,297.6958,297.1522,296.5739,295.9606,295.3122,294.6285,293.9092,293.1538,292.3622,291.5337,290.6679,289.7641,288.8214,287.839,286.8158,285.7514,284.6446,283.493,282.2916,281.0297,279.6859,278.2153,276.5217,274.363,271.2081,268.1107,265.0605,262.064,259.1335,256.2729,253.4852
262.0,270.0039,270.5238,271.0791,271.6711,272.2998,272.9542,273.6517,274.4912,275.5038,276.6778,277.9925,279.3936,280.8343,282.2785,283.6995,285.0783,286.4026,287.6649,288.8617,289.9912,291.0536,292.0504,292.9837,293.8562,294.6704,295.4292,296.1348,296.7897,297.3958,297.9556,298.4711,298.9444,299.377,299.7704,300.1256,300.4437,300.7253,300.9711,301.1816,301.357,301.4976,301.6037,301.6753,301.7126,301.7156,301.6843,301.6189,301.5194,301.3856,301.2177,301.0155,300.779,300.5083,300.2032,299.8637,299.4899,299.0817,298.6391,298.1619,297.6501,297.1036,296.5223,295.9061,295.2547,294.5678,293.8453,293.0868,292.2919,291.4601,290.5909,289.6835,288.7372,287.751,286.7237,285.6547,284.5426,283.3845,282.1742,280.8993,279.5349,278.0302,276.2791,274.0345,270.829,267.7004,264.6411,261.6521,258.738,255.8959,253.1248
263.0,270.2571,270.751,271.2803,271.846,272.4488,273.0781,273.7688,274.6095,275.6188,276.7872,278.0946,279.4877,280.9203,282.3569,283.7709,285.1437,286.4628,287.7207,288.9138,290.0402,291.1,292.0945,293.0258,293.8964,294.7088,295.4658,296.1697,296.8228,297.4271,297.9849,298.4984,298.9697,299.4002,299.7914,300.1444,300.4602,300.7395,300.983,301.191,301.364,301.5022,301.6058,301.6749,301.7096,301.7101,301.6763,301.6083,301.5062,301.3698,301.1992,300.9944,300.7553,300.4818,300.174,299.8319,299.4553,299.0443,298.5989,298.1189,297.6042,297.0548,296.4706,295.8513,295.1969,294.507,293.7813,293.0196,292.2214,291.3863,290.5136,289.6027,288.6528,287.6626,286.6312,285.5575,284.4399,283.2748,282.0549,280.766,279.3796,277.8395,276.0336,273.7184,270.4803,267.3255,264.2512,261.2591,258.3514,255.5215,252.7649
264.0,270.5017,270.9704,271.4744,272.0153,272.594,273.2008,273.8868,274.7274,275.7335,276.8963,278.1966,279.5818,281.0065,282.4355,283.8427,285.2094,286.5232,287.7768,288.9661,290.0894,291.1466,292.1388,293.068,293.9366,294.7473,295.5025,296.2046,296.8558,297.4583,298.0141,298.5257,298.9949,299.4233,299.8124,300.1632,300.4767,300.7537,300.9948,301.2004,301.371,301.5067,301.6078,301.6744,301.7066,301.7045,301.6682,301.5976,301.4928,301.3539,301.1807,300.9732,300.7314,300.4553,300.1448,299.7999,299.4206,299.0068,298.5585,298.0757,297.5582,297.0059,296.4187,295.7964,295.1389,294.4459,293.7171,292.9522,292.1508,291.3123,290.4361,289.5217,288.5681,287.574,286.5383,285.4598,284.3365,283.1639,281.9339,280.6299,279.2204,277.6447,275.7876,273.4134,270.1508,266.9744,263.8844,260.8844,257.9764,255.1529,252.407
265.0,270.7379,271.182,271.6621,272.1797,272.7362,273.3228,274.0053,274.8452,275.848,277.0052,278.2985,279.6759,281.0928,282.5143,283.9146,285.2753,286.584,287.8331,289.0187,290.1389,291.1933,292.1831,293.1103,293.977,294.7858,295.5391,296.2394,296.8888,297.4894,298.0434,298.553,299.0201,299.4464,299.8333,300.1819,300.4931,300.7678,301.0065,301.2097,301.3779,301.5111,301.6098,301.6738,301.7035,301.6989,301.6599,301.5868,301.4794,301.3378,301.162,300.9519,300.7074,300.4286,300.1154,299.7678,299.3857,298.9692,298.5181,298.0324,297.512,296.9568,296.3666,295.7414,295.0808,294.3847,293.6528,292.8847,292.0799,291.2381,290.3585,289.4405,288.4832,287.4852,286.4451,285.3616,284.2322,283.0518,281.8109,280.491,279.0572,277.4446,275.5314,273.0606,269.8035,266.6236,263.5271,260.5218,257.612,254.7911,252.0523
266.0,270.9654,271.3857,271.8421,272.3359,272.8682,273.4432,274.1241,274.9627,275.9621,277.1139,278.4003,279.77,281.1791,282.5932,283.9868,285.3414,286.6449,287.8897,289.0715,290.1885,291.2402,292.2277,293.1526,294.0174,294.8243,295.5758,296.2743,296.9219,297.5205,298.0726,298.5802,299.0452,299.4694,299.8541,300.2005,300.5094,300.7818,301.0181,301.219,301.3847,301.5155,301.6116,301.6732,301.7003,301.6931,301.6516,301.5759,301.4659,301.3217,301.1432,300.9304,300.6833,300.4018,300.0859,299.7355,299.3507,298.9314,298.4775,297.9889,297.4657,296.9076,296.3145,295.6862,295.0226,294.3234,293.5884,292.817,292.009,291.1638,290.2808,289.3592,288.3981,287.396,286.3515,285.2628,284.1271,282.9384,281.6859,280.3489,278.8891,277.2348,275.2472,272.5998,269.3933,266.2413,263.1586,260.1595,257.2528,254.4351,251.7015
267.0,271.184,271.5812,272.0145,272.4854,272.995,273.5621,274.2428,275.08,276.076,277.2224,278.5019,279.864,281.2654,282.6722,284.0591,285.4078,286.7061,287.9464,289.1245,290.2383,291.2872,292.2723,293.1951,294.0578,294.8628,295.6125,296.3091,296.9549,297.5516,298.1017,298.6073,299.0703,299.4924,299.8749,300.219,300.5257,300.7957,301.0297,301.2281,301.3914,301.5198,301.6134,301.6724,301.697,301.6873,301.6432,301.5649,301.4523,301.3055,301.1244,300.9089,300.6591,300.3749,300.0563,299.7032,299.3156,298.8935,298.4368,297.9454,297.4193,296.8582,296.2622,295.6309,294.9643,294.262,293.5238,292.7492,291.9379,291.0894,290.2029,289.2777,288.3128,287.3066,286.2575,285.1635,284.0211,282.8236,281.5586,280.2029,278.7129,277.0036,274.893,271.8749,268.818,265.7618,262.7378,259.7732,256.8859,254.0795,251.3537
268.0,271.3938,271.7687,272.1801,272.6299,273.1197,273.6799,274.3614,275.197,276.1895,277.3305,278.6033,279.958,281.3518,282.7514,284.1316,285.4744,286.7675,288.0034,289.1777,290.2882,291.3344,292.317,293.2376,294.0983,294.9014,295.6492,296.344,296.9878,297.5827,298.1308,298.6344,299.0953,299.5153,299.8956,300.2375,300.5419,300.8096,301.0412,301.2373,301.3981,301.524,301.6151,301.6716,301.6937,301.6814,301.6347,301.5538,301.4386,301.2892,301.1054,300.8874,300.6349,300.348,300.0266,299.6708,299.2805,298.8556,298.396,297.9018,297.3728,296.8088,296.2098,295.5756,294.9059,294.2006,293.4592,292.6814,291.8668,291.0149,290.125,289.1962,288.2274,287.217,286.1632,285.0636,283.9142,282.7073,281.4288,280.0524,278.5283,276.7591,274.5427,271.4186,268.3425,265.3049,262.3111,259.3757,256.5115,253.7216,251.0073
269.0,271.5949,271.9485,272.3397,272.7704,273.243,273.7973,274.4796,275.3137,276.3027,277.4384,278.7045,280.0518,281.4382,282.8306,284.2042,285.5411,286.8291,288.0605,289.231,290.3383,291.3817,292.3618,293.2802,294.1389,294.94,295.6859,296.3788,297.0207,297.6137,298.1598,298.6614,299.1203,299.5381,299.9163,300.2559,300.558,300.8234,301.0527,301.2463,301.4047,301.5281,301.6168,301.6708,301.6903,301.6754,301.6262,301.5427,301.4249,301.2729,301.0865,300.8657,300.6106,300.321,299.9969,299.6384,299.2453,298.8176,298.3552,297.8582,297.3263,296.7594,296.1574,295.5202,294.8475,294.139,293.3945,292.6135,291.7957,290.9404,290.0469,289.1145,288.1418,287.1272,286.0685,284.9631,283.8062,282.5892,281.2961,279.8971,278.3366,276.508,274.2068,271.0351,267.9308,264.8861,261.9005,258.9813,256.1354,253.3621,250.6614
270.0,271.787,272.1203,272.4914,272.9021,273.3646,273.9152,274.5976,275.4301,276.4156,277.546,278.8055,280.1456,281.5246,282.9099,284.2769,285.6079,286.8908,288.1178,289.2845,290.3885,291.429,292.4067,293.3228,294.1794,294.9786,295.7226,296.4136,297.0536,297.6446,298.1888,298.6884,299.1452,299.5609,299.9368,300.2743,300.5741,300.8372,301.064,301.2553,301.4113,301.5322,301.6184,301.6699,301.6869,301.6694,301.6177,301.5316,301.4112,301.2565,301.0674,300.8441,300.5862,300.2939,299.9672,299.6059,299.21,298.7795,298.3144,297.8145,297.2797,296.7099,296.105,295.4648,294.789,294.0775,293.3298,292.5456,291.7245,290.8658,289.9688,289.0327,288.0561,287.0371,285.9733,284.8618,283.6972,282.4694,281.1605,279.7375,278.1394,276.2548,273.8852,270.6837,267.5561,264.4984,261.5104,258.5974,255.763,253.0034,250.3161
271.0,271.9704,272.2844,272.6372,273.0309,273.485,274.0334,274.7154,275.5462,276.5281,277.6533,278.9062,280.2392,281.6109,282.9891,284.3497,285.6749,286.9527,288.1752,289.3381,290.4388,291.4765,292.4516,293.3655,294.22,295.0172,295.7592,296.4483,297.0865,297.6755,298.2177,298.7153,299.17,299.5836,299.9574,300.2926,300.5901,300.8508,301.0754,301.2642,301.4178,301.5363,301.6199,301.6689,301.6834,301.6634,301.6091,301.5204,301.3974,301.2401,301.0484,300.8224,300.5619,300.2669,299.9374,299.5734,299.1747,298.7415,298.2735,297.7708,297.2331,296.6604,296.0526,295.4094,294.7306,294.0159,293.2651,292.4777,291.6533,290.7912,289.8907,288.9508,287.9702,286.9467,285.8778,284.7599,283.5869,282.3476,281.022,279.5739,277.9384,276.0022,273.5763,270.3527,267.2059,264.1344,261.1396,258.2265,255.3978,252.6479,249.9721
272.0,272.1452,272.4417,272.7783,273.1581,273.6047,274.1516,274.833,275.6619,276.6402,277.7602,279.0067,280.3326,281.6971,283.0684,284.4226,285.742,287.0146,288.2327,289.3918,290.4892,291.524,292.4966,293.4082,294.2606,295.0557,295.7959,296.483,297.1192,297.7064,298.2466,298.7421,299.1948,299.6062,299.9778,300.3108,300.6061,300.8645,301.0867,301.2731,301.4242,301.5403,301.6214,301.6679,301.6799,301.6573,301.6004,301.5092,301.3836,301.2236,301.0293,300.8006,300.5375,300.2398,299.9076,299.5408,299.1395,298.7034,298.2327,297.7271,297.1865,296.611,296.0001,295.3539,294.6721,293.9544,293.2004,292.4098,291.5821,290.7166,289.8126,288.869,287.8842,286.8562,285.7818,284.6573,283.4755,282.224,280.8808,279.4068,277.7342,275.7481,273.2624,270.0277,266.8687,263.7865,260.7842,257.8683,255.0414,252.2973,249.6305
273.0,272.3115,272.5914,272.9124,273.2836,273.7236,274.2698,274.9503,275.7772,276.752,277.8668,279.107,280.4259,281.7833,283.1477,284.4955,285.8091,287.0767,288.2904,289.4456,290.5397,291.5716,292.5416,293.4509,294.3011,295.0943,295.8325,296.5177,297.152,297.7372,298.2754,298.7689,299.2195,299.6288,299.9982,300.329,300.622,300.8781,301.0979,301.282,301.4306,301.5442,301.6229,301.6669,301.6763,301.6513,301.5918,301.4979,301.3697,301.2072,301.0103,300.7789,300.5131,300.2127,299.8778,299.5083,299.1042,298.6654,298.1918,297.6834,297.14,296.5615,295.9478,295.2986,294.6137,293.8929,293.1358,292.342,291.511,290.6421,289.7345,288.787,287.7981,286.7653,285.6854,284.5538,283.3628,282.0984,280.7368,279.2359,277.5238,275.4776,272.8765,269.6655,266.5168,263.4373,260.4347,257.5183,254.6926,251.9523,249.2921
274.0,272.4698,272.7353,273.0442,273.4079,273.8426,274.3878,275.0673,275.8922,276.8633,277.973,279.2069,280.5189,281.8693,283.227,284.5684,285.8763,287.1388,288.3481,289.4995,290.5903,291.6193,292.5867,293.4936,294.3417,295.1328,295.869,296.5523,297.1846,297.7679,298.3041,298.7956,299.2441,299.6513,300.0185,300.3471,300.6378,300.8916,301.1091,301.2908,301.437,301.5482,301.6244,301.6659,301.6728,301.6452,301.5831,301.4867,301.3559,301.1908,300.9912,300.7572,300.4887,300.1857,299.8481,299.4759,299.069,298.6274,298.151,297.6398,297.0935,296.5121,295.8954,295.2433,294.5554,293.8315,293.0713,292.2743,291.4399,290.5676,289.6564,288.7051,287.7119,286.6743,285.5885,284.4496,283.2488,281.9708,280.5895,279.0593,277.3003,275.1662,272.3479,269.2126,266.1117,263.0609,260.0744,257.1671,254.347,251.6116,248.9572
275.0,272.6199,272.872,273.1742,273.5315,273.9616,274.5057,275.184,276.0067,276.9742,278.0788,279.3065,280.6117,281.9552,283.3061,284.6413,285.9436,287.201,288.4059,289.5534,290.6409,291.667,292.6318,293.5364,294.3823,295.1713,295.9055,296.5869,297.2173,297.7985,298.3328,298.8222,299.2686,299.6737,300.0388,300.3651,300.6536,300.9051,301.1202,301.2995,301.4434,301.5521,301.6258,301.6648,301.6692,301.6391,301.5745,301.4755,301.3421,301.1743,300.9722,300.7355,300.4644,300.1587,299.8184,299.4434,299.0338,298.5895,298.1103,297.5962,297.0471,296.4628,295.8432,295.1881,294.4972,293.7702,293.0069,292.2066,291.3689,290.4932,289.5783,288.6231,287.6256,286.5829,285.4911,284.3445,283.1333,281.8409,280.4382,278.8748,277.0592,274.8147,271.756,268.6979,265.657,262.65,259.6938,256.8064,253.9993,251.2727,248.6252
276.0,272.763,273.0055,273.303,273.6544,274.0807,274.6233,275.3004,276.1208,277.0847,278.1842,279.4058,280.7043,282.0409,283.3852,284.7142,286.0108,287.2633,288.4637,289.6074,290.6915,291.7147,292.6769,293.5791,294.4228,295.2098,295.942,296.6214,297.2498,297.8291,298.3614,298.8488,299.2931,299.6961,300.059,300.3831,300.6693,300.9185,301.1313,301.3083,301.4497,301.556,301.6273,301.6638,301.6656,301.633,301.5658,301.4643,301.3283,301.158,300.9532,300.7139,300.4401,300.1317,299.7887,299.4111,298.9987,298.5516,298.0697,297.5528,297.0008,296.4136,295.7911,295.133,294.4391,293.7091,292.9425,292.1391,291.2981,290.4188,289.5003,288.5411,287.5391,286.4913,285.3932,284.2384,283.0163,281.7083,280.2825,278.6829,276.8086,274.4737,271.3446,268.2669,265.2331,262.2445,259.3092,256.4407,253.6489,250.9339,248.2953
277.0,272.899,273.1374,273.4309,273.7768,274.1997,274.7407,275.4164,276.2345,277.1946,278.2892,279.5048,280.7967,282.1265,283.4642,284.787,286.0781,287.3255,288.5216,289.6614,290.7422,291.7624,292.7219,293.6218,294.4633,295.2482,295.9784,296.6558,297.2823,297.8596,298.3899,298.8752,299.3175,299.7184,300.0792,300.401,300.685,300.9319,301.1424,301.317,301.456,301.5598,301.6287,301.6627,301.6621,301.6269,301.5572,301.4531,301.3146,301.1416,300.9342,300.6923,300.4159,300.1048,299.7591,299.3788,298.9637,298.5139,298.0291,297.5094,296.9546,296.3645,295.7391,295.078,294.3811,293.648,292.8784,292.0717,291.2274,290.3446,289.4224,288.4591,287.4526,286.3994,285.2947,284.1314,282.8976,281.573,280.1225,278.4853,276.5548,274.1486,270.9857,267.8861,264.8441,261.8582,258.9327,256.077,253.2984,250.5955,247.9671
278.0,273.0329,273.2682,273.558,273.8989,274.3185,274.8578,275.5319,276.3476,277.3042,278.3938,279.6034,280.8887,282.2118,283.5431,284.8598,286.1453,287.3878,288.5794,289.7155,290.7928,291.8101,292.767,293.6644,294.5037,295.2865,296.0147,296.6901,297.3147,297.89,298.4183,298.9016,299.3419,299.7406,300.0992,300.4189,300.7007,300.9453,301.1534,301.3256,301.4623,301.5637,301.6301,301.6617,301.6585,301.6208,301.5486,301.442,301.3009,301.1253,300.9153,300.6708,300.3917,300.078,299.7297,299.3466,298.9288,298.4762,297.9887,297.4662,296.9085,296.3156,295.6873,295.0232,294.3233,293.5872,292.8144,292.0045,291.1568,290.2705,289.3445,288.3771,287.3659,286.3072,285.1956,284.0233,282.7772,281.4349,279.9587,278.2837,276.3014,273.838,270.6529,267.5353,264.482,261.4922,258.5689,255.7202,252.9511,250.2587,247.6404
279.0,273.1657,273.3982,273.6845,274.0205,274.437,274.9746,275.647,276.4603,277.4132,278.4979,279.7016,280.9804,282.297,283.6218,284.9325,286.2124,287.45,288.6373,289.7695,290.8435,291.8577,292.812,293.707,294.5441,295.3248,296.0509,296.7244,297.347,297.9204,298.4467,298.928,299.3661,299.7628,300.1192,300.4367,300.7163,300.9586,301.1644,301.3343,301.4686,301.5676,301.6315,301.6606,301.655,301.6148,301.5401,301.4309,301.2872,301.1091,300.8965,300.6494,300.3677,300.0513,299.7003,299.3146,298.894,298.4387,297.9484,297.4231,296.8626,296.2669,295.6356,294.9686,294.2657,293.5265,292.7506,291.9374,291.0864,290.1966,289.2668,288.2952,287.2791,286.2147,285.0958,283.9141,282.655,281.2943,279.7917,278.0797,276.0501,273.5399,270.3378,267.2054,264.1408,261.1442,258.219,255.3725,252.6093,249.9249,247.3158
280.0,273.2977,273.5275,273.8103,274.1417,274.5552,275.0909,275.7617,276.5724,277.5216,278.6015,279.7994,281.0718,282.3819,283.7003,285.005,286.2795,287.5122,288.6951,289.8235,290.8941,291.9054,292.857,293.7496,294.5844,295.363,296.0871,296.7586,297.3792,297.9506,298.4749,298.9542,299.3903,299.7849,300.1392,300.4545,300.7318,300.9719,301.1754,301.3429,301.4748,301.5714,301.633,301.6596,301.6515,301.6088,301.5316,301.4199,301.2736,301.093,300.8778,300.6281,300.3437,300.0247,299.671,299.2826,298.8594,298.4013,297.9083,297.3802,296.8169,296.2183,295.5841,294.9142,294.2083,293.466,292.687,291.8706,291.0162,290.1228,289.1891,288.2132,287.1922,286.1218,284.9954,283.8037,282.531,281.1513,279.6218,277.8734,275.7971,273.2297,270.0231,266.8836,263.8118,260.8095,257.8811,255.0345,252.2742,249.5954,246.9937
281.0,273.429,273.6561,273.9353,274.2623,274.6729,275.2069,275.8758,276.684,277.6296,278.7046,279.8967,281.1629,282.4665,283.7787,285.0775,286.3465,287.5743,288.7529,289.8775,290.9447,291.953,292.9019,293.7921,294.6247,295.4011,296.1232,296.7927,297.4113,297.9808,298.5031,298.9804,299.4144,299.8069,300.1591,300.4722,300.7473,300.9851,301.1864,301.3516,301.4811,301.5753,301.6344,301.6587,301.6481,301.6029,301.5232,301.4089,301.2601,301.0769,300.8592,300.6068,300.3199,299.9983,299.6419,299.2509,298.8249,298.3641,297.8684,297.3375,296.7714,296.1699,295.5329,294.86,294.1511,293.4058,292.6236,291.804,290.9462,290.0492,289.1116,288.1313,287.1052,286.0286,284.8943,283.6922,282.4053,281.0058,279.4487,277.6615,275.5277,272.8519,269.6709,266.5446,263.4785,260.4779,257.5498,254.7038,251.9455,249.2707,246.6748
282.0,273.5597,273.784,274.0594,274.3823,274.7902,275.3223,275.9894,276.795,277.7369,278.8073,279.9936,281.2536,282.5508,283.8568,285.1497,286.4134,287.6364,288.8106,289.9314,290.9953,292.0006,292.9468,293.8345,294.6648,295.4392,296.1592,296.8267,297.4433,298.0108,298.5312,299.0064,299.4385,299.8288,300.1789,300.4899,300.7628,300.9983,301.1973,301.3602,301.4874,301.5792,301.6359,301.6577,301.6447,301.597,301.5148,301.398,301.2467,301.061,300.8406,300.5857,300.2962,299.972,299.613,299.2192,298.7906,298.3271,297.8286,297.295,296.7261,296.1218,295.4819,294.8061,294.0942,293.3459,292.5605,291.7377,290.8764,289.9758,289.0342,288.0494,287.018,285.935,284.7925,283.5795,282.2777,280.8574,279.2703,277.437,275.2197,272.3463,269.2346,266.154,263.1166,260.1332,257.215,254.3748,251.6208,248.9502,246.3593
283.0,273.6897,273.9109,274.1825,274.5016,274.9069,275.4372,276.1024,276.9054,277.8437,278.9093,280.0901,281.3439,282.6349,283.9347,285.2218,286.4802,287.6983,288.8683,289.9852,291.0457,292.048,292.9916,293.8769,294.7049,295.4771,296.1951,296.8606,297.4753,298.0408,298.5592,299.0324,299.4624,299.8507,300.1987,300.5075,300.7782,301.0115,301.2082,301.3688,301.4937,301.5831,301.6374,301.6568,301.6414,301.5912,301.5065,301.3872,301.2334,301.0451,300.8223,300.5648,300.2727,299.9458,299.5842,299.1878,298.7565,298.2903,297.7891,297.2527,296.681,296.0739,295.4311,294.7524,294.0376,293.2862,292.4977,291.6716,290.8069,289.9026,288.9569,287.9675,286.9307,285.841,284.69,283.4656,282.148,280.7054,279.0849,277.1973,274.8813,271.8155,268.761,265.7279,262.7272,259.7705,256.8707,254.0426,251.2969,248.6325,246.0471
284.0,273.819,274.0368,274.3047,274.6201,275.023,275.5515,276.2148,277.0152,277.9499,279.0109,280.1861,281.4339,282.7186,284.0124,285.2938,286.5468,287.7601,288.9258,290.039,291.0961,292.0954,293.0363,293.9191,294.7449,295.5149,296.2309,296.8944,297.5071,298.0706,298.587,299.0583,299.4863,299.8725,300.2184,300.5251,300.7936,301.0247,301.2191,301.3774,301.5,301.5871,301.639,301.656,301.6381,301.5855,301.4983,301.3766,301.2203,301.0294,300.804,300.544,300.2493,299.9198,299.5556,299.1566,298.7227,298.2538,297.7498,297.2107,296.6362,296.0263,295.3806,294.6991,293.9813,293.2268,292.4352,291.6058,290.7376,289.8296,288.8798,287.8856,286.8432,285.7465,284.5866,283.3502,282.016,280.5494,278.8931,276.9505,274.5552,271.4346,268.3632,265.3341,262.3473,259.4073,256.5233,253.7083,250.9728,248.3165,245.7376
285.0,273.9471,274.1616,274.4258,274.7378,275.1385,275.6651,276.3265,277.1244,278.0554,279.1118,280.2815,281.5233,282.802,284.0897,285.3654,286.6133,287.8218,288.9833,290.0926,291.1464,292.1427,293.0809,293.9613,294.7847,295.5527,296.2666,296.9281,297.5388,298.1004,298.6148,299.0841,299.5101,299.8943,300.238,300.5426,300.8089,301.0378,301.23,301.386,301.5063,301.591,301.6406,301.6552,301.6349,301.5799,301.4902,301.366,301.2072,301.0139,300.7859,300.5233,300.2261,299.8941,299.5272,299.1256,298.689,298.2174,297.7108,297.1689,296.5917,295.979,295.3305,294.646,293.9252,293.1677,292.373,291.5403,290.6687,289.7568,288.8028,287.8038,286.7556,285.6517,284.4823,283.2333,281.8815,280.3897,278.6967,276.7022,274.2451,271.0983,268.0093,264.973,261.9875,259.0544,256.1801,253.3754,250.6497,248.002,245.4304
286.0,274.074,274.2852,274.5457,274.8545,275.2531,275.7781,276.4376,277.2328,278.1604,279.2122,280.3765,281.6124,282.885,284.1668,285.4369,286.6795,287.8834,289.0406,290.1462,291.1966,292.1899,293.1254,294.0033,294.8245,295.5903,296.3021,296.9616,297.5704,298.13,298.6425,299.1098,299.5338,299.9159,300.2576,300.5601,300.8242,301.051,301.2409,301.3947,301.5126,301.595,301.6423,301.6544,301.6318,301.5743,301.4822,301.3556,301.1943,300.9984,300.768,300.5029,300.2031,299.8685,299.4991,299.0948,298.6556,298.1814,297.672,297.1275,296.5475,295.932,295.2806,294.5933,293.8696,293.109,292.3111,291.4751,290.6,289.6843,288.7259,287.722,286.6678,285.5563,284.3772,283.1149,281.7447,280.2269,278.4975,276.4555,273.9492,270.7852,267.6821,264.6366,261.6473,258.7152,255.8454,253.0473,250.3294,247.6896,245.1256
287.0,274.1996,274.4075,274.6645,274.9704,275.367,275.8903,276.5479,277.3406,278.2646,279.3119,280.4709,281.701,282.9676,284.2436,285.5081,286.7456,287.9447,289.0977,290.1996,291.2467,292.237,293.1697,294.0452,294.8641,295.6277,296.3375,296.995,297.6019,298.1596,298.6701,299.1354,299.5574,299.9375,300.2772,300.5775,300.8395,301.0641,301.2518,301.4033,301.5189,301.5991,301.644,301.6538,301.6287,301.5689,301.4744,301.3452,301.1815,300.9832,300.7502,300.4826,300.1803,299.8431,299.4711,299.0643,298.6225,298.1456,297.6336,297.0863,296.5036,295.8853,295.2312,294.5409,293.8143,293.0507,292.2496,291.4103,290.5316,289.612,288.6492,287.6401,286.5797,285.4604,284.271,282.9949,281.6057,280.0616,278.2969,276.2119,273.6656,270.4884,267.3737,264.3193,261.3243,258.3899,255.5209,252.7261,250.0135,247.3802,244.8231
288.0,274.3239,274.5285,274.7821,275.0851,275.48,276.0017,276.6575,277.4476,278.3681,279.411,280.5647,281.7891,283.0498,284.32,285.579,286.8114,288.0059,289.1547,290.2528,291.2966,292.2839,293.214,294.087,294.9036,295.6651,296.3728,297.0283,297.6332,298.189,298.6975,299.1609,299.5809,299.959,300.2966,300.5949,300.8548,301.0771,301.2627,301.4119,301.5253,301.6032,301.6457,301.6532,301.6258,301.5636,301.4666,301.3351,301.1689,300.9681,300.7327,300.4625,300.1577,299.818,299.4434,299.034,298.5896,298.1101,297.5954,297.0455,296.46,295.839,295.182,294.4889,293.7593,292.9927,292.1885,291.3458,290.4635,289.5399,288.5727,287.5583,286.4915,285.364,284.164,282.8735,281.4648,279.8944,278.096,275.9724,273.3924,270.2047,267.0802,264.0174,261.016,258.0777,255.2071,252.4129,249.7032,247.0747,244.5235
289.0,274.4467,274.6481,274.8984,275.1988,275.5922,276.1124,276.7663,277.5539,278.4709,279.5095,280.658,281.8767,283.1316,284.3961,285.6496,286.877,288.0669,289.2115,290.3059,291.3463,292.3307,293.258,294.1286,294.9429,295.7023,296.408,297.0615,297.6644,298.2182,298.7249,299.1863,299.6043,299.9804,300.316,300.6122,300.87,301.0902,301.2736,301.4206,301.5317,301.6073,301.6476,301.6527,301.6229,301.5583,301.459,301.325,301.1564,300.9532,300.7153,300.4427,300.1353,299.7931,299.416,299.004,298.557,298.0749,297.5576,297.005,296.4168,295.793,295.1333,294.4373,293.7048,292.9351,292.1277,291.2817,290.3957,289.4681,288.4963,287.4765,286.403,285.2671,284.056,282.7507,281.3221,279.7253,277.8927,275.7247,273.0735,269.8988,266.7794,263.7173,260.7145,257.7742,254.9021,252.1076,249.3992,246.7738,244.2272
290.0,274.5681,274.7662,275.0133,275.3114,275.7033,276.2221,276.8742,277.6593,278.573,279.6072,280.7506,281.9637,283.2129,284.4718,285.72,286.9423,288.1276,289.2681,290.3588,291.3959,292.3773,293.302,294.17,294.9821,295.7393,296.443,297.0945,297.6955,298.2474,298.7521,299.2116,299.6277,300.0018,300.3353,300.6295,300.8852,301.1033,301.2844,301.4293,301.5382,301.6115,301.6495,301.6523,301.6202,301.5532,301.4515,301.3152,301.1441,300.9385,300.6981,300.4231,300.1132,299.7685,299.3889,298.9743,298.5248,298.0401,297.5201,296.9648,296.374,295.7475,295.0849,294.3861,293.6507,292.878,292.0674,291.2179,290.3283,289.3966,288.4201,287.3947,286.3143,285.1696,283.947,282.6266,281.1776,279.5532,277.6825,275.4551,272.6817,269.5451,266.4502,263.4029,260.4083,257.4721,254.6018,251.808,249.1007,246.4776,243.9345
291.0,274.6878,274.8828,275.1268,275.4227,275.8134,276.331,276.9813,277.764,278.6744,279.7043,280.8427,282.0503,283.2938,284.5471,285.7899,287.0073,288.1881,289.3245,290.4115,291.4453,292.4237,293.3457,294.2113,295.0211,295.7762,296.4778,297.1274,297.7264,298.2764,298.7792,299.2368,299.6509,300.0231,300.3546,300.6467,300.9003,301.1163,301.2953,301.438,301.5447,301.6158,301.6515,301.652,301.6176,301.5483,301.4442,301.3055,301.132,300.924,300.6812,300.4037,300.0913,299.7441,299.362,298.945,298.4928,298.0056,297.483,296.9251,296.3316,295.7023,295.037,294.3354,293.597,292.8212,292.0074,291.1546,290.2612,289.3254,288.344,287.3129,286.2253,285.0716,283.8372,282.5008,281.0302,279.3751,277.4561,275.1354,272.1313,269.0839,266.0509,263.0452,260.0776,257.1582,254.2978,251.5095,248.8057,246.1855,243.6456
292.0,274.8059,274.9977,275.2388,275.5328,275.9225,276.4389,277.0876,277.8678,278.7749,279.8007,280.9341,282.1363,283.3742,284.6219,285.8596,287.072,288.2483,289.3807,290.464,291.4945,292.4699,293.3893,294.2524,295.06,295.8129,296.5125,297.1601,297.7572,298.3053,298.8062,299.2619,299.6741,300.0443,300.3738,300.6639,300.9154,301.1293,301.3062,301.4467,301.5512,301.6201,301.6535,301.6518,301.6151,301.5435,301.4371,301.2959,301.1202,300.9097,300.6645,300.3845,300.0697,299.7201,299.3355,298.9159,298.4612,297.9714,297.4463,296.8857,296.2896,295.6576,294.9895,294.2851,293.5437,292.765,291.9479,291.0916,290.1945,289.2544,288.2681,287.231,286.1362,284.973,283.7262,282.3732,280.8795,279.191,277.2203,274.8196,271.7363,268.6882,265.6714,262.6871,259.7402,256.8378,253.9901,251.2103,248.5123,245.8964,243.3601
293.0,274.9223,275.111,275.3493,275.6416,276.0305,276.5457,277.1929,277.9708,278.8747,279.8963,281.0248,282.2217,283.4541,284.6964,285.9288,287.1364,288.3083,289.4366,290.5163,291.5435,292.516,293.4327,294.2934,295.0987,295.8494,296.547,297.1926,297.7878,298.334,298.8331,299.2868,299.6971,300.0654,300.3929,300.681,300.9305,301.1423,301.3171,301.4555,301.5578,301.6245,301.6557,301.6517,301.6127,301.5388,301.4301,301.2866,301.1085,300.8956,300.648,300.3657,300.0484,299.6963,299.3093,298.8872,298.43,297.9376,297.4099,296.8468,296.248,295.6133,294.9425,294.2352,293.491,292.7091,291.8889,291.0291,290.1282,289.1837,288.1924,287.1492,286.0467,284.8738,283.614,282.2436,280.7255,279.0023,276.9821,274.5199,271.4083,268.3456,265.3261,262.3475,259.4107,256.5197,253.6826,250.9115,248.2203,245.6097,243.0777
294.0,275.0368,275.2226,275.4582,275.749,276.1372,276.6516,277.2972,278.0729,278.9736,279.9912,281.1149,282.3065,283.5334,284.7704,285.9977,287.2005,288.3679,289.4922,290.5683,291.5923,292.5618,293.4758,294.3341,295.1371,295.8858,296.5813,297.225,297.8183,298.3626,298.8598,299.3117,299.72,300.0864,300.412,300.6981,300.9456,301.1553,301.328,301.4643,301.5644,301.6289,301.6579,301.6517,301.6104,301.5342,301.4232,301.2775,301.097,300.8818,300.6318,300.347,300.0274,299.6729,299.2834,298.8588,298.3992,297.9043,297.374,296.8083,296.2069,295.5695,294.896,294.1859,293.4387,292.6538,291.8303,290.967,290.0622,289.1133,288.1168,287.0673,285.9569,284.7738,283.5007,282.112,280.5688,278.8108,276.7452,274.2352,271.108,268.0334,265.0076,262.028,259.0945,256.2095,253.3795,250.6153,247.9303,245.3254,242.7983
295.0,275.1495,275.3323,275.5654,275.855,276.2428,276.7564,277.4006,278.174,279.0717,280.0854,281.2043,282.3906,283.6123,284.8439,286.0662,287.2642,288.4272,289.5476,290.62,291.6408,292.6074,293.5188,294.3746,295.1754,295.9219,296.6154,297.2572,297.8486,298.3911,298.8864,299.3364,299.7429,300.1073,300.431,300.7151,300.9606,301.1683,301.339,301.4731,301.5711,301.6334,301.6603,301.6518,301.6083,301.5299,301.4166,301.2685,301.0857,300.8682,300.6159,300.3287,300.0067,299.6498,299.2578,298.8308,298.3687,297.8713,297.3385,296.7702,296.1662,295.5262,294.8499,294.137,293.3869,292.599,291.7722,290.9054,289.9966,289.0432,288.0413,286.9853,285.8668,284.6732,283.3861,281.9786,280.4099,278.6181,276.5117,273.9636,270.8254,267.7416,264.7092,261.7263,258.7924,255.9096,253.0834,250.3238,247.6437,245.0439,242.5217
296.0,275.2603,275.4402,275.6709,275.9596,276.3472,276.86,277.5029,278.2742,279.1689,280.1787,281.2929,282.4742,283.6905,284.917,286.1342,287.3275,288.4862,289.6026,290.6715,291.6891,292.6528,293.5615,294.4149,295.2134,295.9579,296.6494,297.2892,297.8787,298.4193,298.9128,299.361,299.7656,300.1282,300.4499,300.7321,300.9756,301.1813,301.3499,301.482,301.5779,301.638,301.6627,301.6521,301.6064,301.5257,301.4101,301.2598,301.0747,300.8548,300.6002,300.3107,299.9863,299.627,299.2327,298.8032,298.3386,297.8387,297.3035,296.7326,296.126,295.4833,294.8044,294.0886,293.3356,292.5446,291.7146,290.8442,289.9314,288.9733,287.966,286.9033,285.7764,284.5719,283.2703,281.8436,280.2495,278.4255,276.2825,273.7031,270.5567,267.4654,264.4269,261.4397,258.5036,255.6206,252.7957,250.0383,247.3614,244.7657,242.248
297.0,275.369,275.5461,275.7747,276.0627,276.4502,276.9626,277.6042,278.3735,279.2652,280.2712,281.3809,282.5571,283.7682,284.9895,286.2018,287.3905,288.5449,289.6574,290.7227,291.7371,292.6979,293.604,294.455,295.2513,295.9936,296.6831,297.321,297.9087,298.4474,298.9391,299.3854,299.7882,300.1489,300.4688,300.749,300.9906,301.1943,301.3609,301.4908,301.5847,301.6427,301.6652,301.6525,301.6045,301.5216,301.4039,301.2513,301.0639,300.8417,300.5848,300.293,299.9663,299.6046,299.2078,298.776,298.309,297.8066,297.2689,296.6955,296.0863,295.441,294.7593,294.0408,293.2849,292.4908,291.6575,290.7834,289.8665,288.9038,287.8909,286.8213,285.6856,284.4698,283.1535,281.7074,280.0882,278.2338,276.058,273.4524,270.2994,267.2019,264.158,261.1663,258.2271,255.3423,252.5169,249.7599,247.0844,244.4916,241.9775
298.0,275.4756,275.6501,275.8766,276.1642,276.5519,277.0639,277.7044,278.4717,279.3606,280.3629,281.468,282.6393,283.8453,285.0615,286.2689,287.453,288.6032,289.7118,290.7736,291.7848,292.7427,293.6462,294.4948,295.2889,296.0292,296.7167,297.3527,297.9384,298.4754,298.9652,299.4098,299.8107,300.1696,300.4876,300.7659,301.0055,301.2073,301.3718,301.4998,301.5916,301.6475,301.6679,301.653,301.6029,301.5178,301.3978,301.243,301.0534,300.8289,300.5697,300.2756,299.9466,299.5825,299.1834,298.7492,298.2798,297.775,297.2347,296.6588,296.0471,295.3992,294.7148,293.9935,293.2347,292.4375,291.6009,290.7232,289.8021,288.8346,287.8158,286.7392,285.5945,284.3672,283.0358,281.5701,279.9262,278.0414,275.8295,273.1725,270.0289,266.9355,263.8924,260.9,257.9593,255.0731,252.2464,249.4887,246.8133,244.2219,241.7106
299.0,275.5801,275.752,275.9767,276.2641,276.6522,277.164,277.8035,278.569,279.4551,280.4537,281.5545,282.7208,283.9218,285.133,286.3356,287.5151,288.6611,289.7659,290.8242,291.8322,292.7873,293.6882,294.5344,295.3262,296.0644,296.75,297.3841,297.968,298.5032,298.9912,299.434,299.8331,300.1901,300.5063,300.7827,301.0204,301.2202,301.3828,301.5088,301.5985,301.6524,301.6707,301.6536,301.6014,301.5141,301.392,301.2349,301.0431,300.8164,300.5549,300.2585,299.9272,299.5608,299.1594,298.7228,298.251,297.7438,297.2011,296.6227,296.0084,295.3579,294.6709,293.9468,293.1851,292.3848,291.5448,290.6634,289.7381,288.7656,287.741,286.657,285.5031,284.2639,282.9172,281.4317,279.7624,277.8449,275.5862,272.8408,269.725,266.6497,263.6178,260.6317,257.6942,254.809,251.9823,249.2239,246.5479,243.9571,241.4475
300.0,275.6823,275.8518,276.0748,276.3624,276.7511,277.2628,277.9015,278.6652,279.5486,280.5437,281.6401,282.8017,283.9977,285.2039,286.4017,287.5768,288.7186,289.8196,290.8745,291.8793,292.8316,293.7298,294.5737,295.3634,296.0995,296.7831,297.4153,297.9974,298.5308,299.017,299.458,299.8554,300.2106,300.5249,300.7995,301.0353,301.2332,301.3938,301.5178,301.6055,301.6573,301.6735,301.6544,301.6,301.5106,301.3863,301.2271,301.033,300.8042,300.5404,300.2418,299.9082,299.5395,299.1358,298.6968,298.2227,297.7131,297.168,296.5871,295.9703,295.3172,294.6275,293.9007,293.136,292.3327,291.4892,290.604,289.6745,288.697,287.6663,286.5748,285.4114,284.1601,282.7976,281.2917,279.5951,277.6386,275.3128,272.42,269.3587,266.3224,263.3174,260.3492,257.423,254.5444,251.721,248.9635,246.2874,243.697,241.1884
301.0,275.7823,275.9493,276.171,276.459,276.8485,277.3604,277.9983,278.7603,279.6411,280.6328,281.7249,282.8818,284.0729,285.2743,286.4674,287.638,288.7757,289.8729,290.9244,291.9261,292.8756,293.7712,294.6127,295.4002,296.1343,296.8159,297.4463,298.0266,298.5582,299.0427,299.4819,299.8775,300.2309,300.5435,300.8162,301.0502,301.2461,301.4048,301.5268,301.6125,301.6624,301.6765,301.6553,301.5989,301.5074,301.3809,301.2195,301.0233,300.7922,300.5263,300.2254,299.8895,299.5186,299.1126,298.6713,298.1948,297.6829,297.1353,296.552,295.9327,295.2771,294.5847,293.8551,293.0876,292.2811,291.4342,290.5452,289.6113,288.6286,287.5917,286.4925,285.3194,284.0555,282.6768,281.1493,279.4228,277.4208,275.0178,271.9865,268.969,265.9704,262.996,260.0514,257.1424,254.2755,251.4592,248.7054,246.0305,243.4409,240.9334
302.0,275.8799,276.0447,276.2651,276.554,276.9445,277.4566,278.0939,278.8543,279.7327,280.7209,281.8089,282.9611,284.1474,285.344,286.5325,287.6987,288.8324,289.9259,290.9739,291.9726,292.9192,293.8123,294.6515,295.4368,296.1688,296.8486,297.4771,298.0556,298.5854,299.0682,299.5057,299.8995,300.2512,300.5619,300.8329,301.065,301.2591,301.4159,301.5359,301.6197,301.6675,301.6796,301.6564,301.5979,301.5043,301.3757,301.2122,301.0138,300.7806,300.5124,300.2093,299.8713,299.4981,299.0898,298.6463,298.1674,297.6531,297.1032,296.5175,295.8957,295.2375,294.5426,293.8102,293.0397,292.23,291.3798,290.4869,289.5485,288.5606,287.5172,286.4101,285.227,283.9502,282.5546,281.0043,279.2462,277.1991,274.7364,271.6708,268.6439,265.6501,262.6875,259.7569,256.8612,254.0054,251.1974,248.4487,245.7764,243.1885,240.6822
303.0,275.9751,276.1378,276.3572,276.6472,277.0389,277.5515,278.1882,278.9473,279.8232,280.8082,281.8921,283.0397,284.2213,285.4131,286.597,287.759,288.8886,289.9784,291.0231,292.0187,292.9625,293.8531,294.69,295.4731,296.2031,296.8809,297.5076,298.0843,298.6124,299.0935,299.5293,299.9214,300.2713,300.5803,300.8495,301.0798,301.272,301.4269,301.5451,301.6269,301.6727,301.6829,301.6576,301.597,301.5014,301.3707,301.2051,301.0046,300.7692,300.4989,300.1937,299.8534,299.478,299.0675,298.6217,298.1405,297.6239,297.0717,296.4835,295.8593,295.1986,294.501,293.7658,292.9924,292.1796,291.3259,290.429,289.4861,288.4928,287.4429,286.3277,285.1342,283.8441,282.431,280.8572,279.0672,276.9784,274.4704,271.3905,268.3546,265.3582,262.3985,259.4742,256.5866,253.739,250.9379,248.1943,245.525,242.9392,240.4346
304.0,276.0678,276.2285,276.4472,276.7386,277.1318,277.6449,278.2814,279.039,279.9127,280.8945,281.9744,283.1176,284.2945,285.4817,286.661,287.8187,288.9444,290.0305,291.0719,292.0644,293.0055,293.8936,294.7281,295.5091,296.2371,296.913,297.5379,298.1129,298.6392,299.1186,299.5527,299.9431,300.2914,300.5986,300.866,301.0945,301.2849,301.438,301.5542,301.6341,301.6781,301.6862,301.659,301.5964,301.4987,301.366,301.1983,300.9957,300.7582,300.4858,300.1784,299.8359,299.4583,299.0456,298.5976,298.1142,297.5953,297.0407,296.4502,295.8235,295.1602,294.46,293.7221,292.9458,292.1298,291.2725,290.3717,289.4242,288.4254,287.3688,286.2452,285.0411,283.7372,282.306,280.7084,278.8874,276.761,274.2179,271.1297,268.0875,265.0875,262.1273,259.2053,256.3218,253.4793,250.6832,247.9435,245.2768,242.6933,240.1905
305.0,276.158,276.3168,276.535,276.8282,277.2231,277.737,278.3732,279.1297,280.0011,280.9798,282.0558,283.1946,284.3669,285.5495,286.7244,287.8779,288.9997,290.0822,291.1203,292.1098,293.0481,293.9337,294.7659,295.5448,296.2709,296.9449,297.5679,298.1412,298.6658,299.1435,299.576,299.9648,300.3113,300.6168,300.8825,301.1092,301.2978,301.4491,301.5635,301.6415,301.6835,301.6897,301.6605,301.5959,301.4962,301.3615,301.1917,300.9871,300.7475,300.473,300.1634,299.8188,299.4391,299.0242,298.5739,298.0883,297.5671,297.0102,296.4173,295.7882,295.1225,294.4197,293.679,292.8998,292.0806,291.2197,290.3149,289.3626,288.3582,287.2948,286.1625,284.9475,283.6296,282.1799,280.5585,278.7078,276.5482,273.977,270.8834,267.8365,264.8332,261.8714,258.9496,256.0678,253.2279,250.4347,247.6976,245.0325,242.4508,239.9498
306.0,276.2455,276.4027,276.6206,276.9159,277.3127,277.8276,278.4638,279.2191,280.0885,281.0642,282.1363,283.2708,284.4386,285.6167,286.7873,287.9366,289.0545,290.1334,291.1682,292.1548,293.0904,293.9735,294.8035,295.5802,296.3043,296.9765,297.5977,298.1693,298.6922,299.1683,299.5991,299.9862,300.3311,300.6349,300.8989,301.1239,301.3108,301.4602,301.5728,301.6489,301.689,301.6934,301.6622,301.5957,301.494,301.3572,301.1855,300.9788,300.7371,300.4605,300.1489,299.8022,299.4203,299.0032,298.5508,298.063,297.5395,296.9803,296.3851,295.7536,295.0854,294.38,293.6366,292.8544,292.0319,291.1675,290.2586,289.3015,288.2913,287.2208,286.0798,284.8536,283.5212,282.0531,280.4083,278.5296,276.3403,273.7462,270.6489,267.5986,264.5926,261.6289,258.7063,255.8246,252.9856,250.1937,247.4576,244.7929,242.2122,239.7127
307.0,276.3304,276.486,276.7041,277.0018,277.4007,277.9168,278.553,279.3073,280.1747,281.1476,282.2159,283.3463,284.5096,285.6833,286.8495,287.9947,289.1088,290.1842,291.2157,292.1994,293.1323,294.013,294.8406,295.6153,296.3374,297.0078,297.6273,298.1971,298.7184,299.1928,299.622,300.0075,300.3508,300.653,300.9152,301.1385,301.3236,301.4713,301.5821,301.6564,301.6946,301.6971,301.664,301.5956,301.4919,301.3532,301.1795,300.9708,300.7271,300.4484,300.1347,299.7859,299.4019,298.9827,298.5282,298.0381,297.5125,296.951,296.3535,295.7196,295.049,294.3409,293.5948,292.8096,291.984,291.1159,290.2028,289.2409,288.2248,287.1471,285.997,284.7593,283.4124,281.9258,280.2582,278.3533,276.1377,273.5243,270.4247,267.3718,264.3636,261.3981,258.4742,255.5918,252.7525,249.9605,247.2242,244.5587,241.978,239.4792
308.0,276.4125,276.5668,276.7853,277.0857,277.487,278.0044,278.6408,279.3943,280.2599,281.2299,282.2946,283.4208,284.5798,285.7491,286.9111,288.0523,289.1625,290.2345,291.2628,292.2435,293.1738,294.052,294.8775,295.6501,296.3703,297.0388,297.6565,298.2247,298.7444,299.2172,299.6448,300.0287,300.3703,300.6709,300.9315,301.1531,301.3365,301.4824,301.5914,301.664,301.7004,301.701,301.666,301.5957,301.4901,301.3495,301.1737,300.9631,300.7174,300.4367,300.121,299.7701,299.3841,298.9627,298.5061,298.0139,297.486,296.9224,296.3225,295.6863,295.0131,294.3025,293.5537,292.7655,291.9366,291.0649,290.1475,289.1806,288.1585,287.0734,285.9141,284.6648,283.3031,281.7982,280.1084,278.178,275.9351,273.2895,270.1964,267.147,264.1402,261.1751,258.2509,255.368,252.5281,249.7352,246.9977,244.3304,241.7486,239.2498
309.0,276.4919,276.645,276.8642,277.1677,277.5716,278.0905,278.7273,279.4801,280.3439,281.3112,282.3724,283.4945,284.6493,285.8142,286.972,288.1092,289.2158,290.2843,291.3094,292.2873,293.2149,294.0907,294.9139,295.6845,296.4028,297.0695,297.6855,298.252,298.7701,299.2413,299.6673,300.0497,300.3897,300.6887,300.9477,301.1676,301.3494,301.4936,301.6008,301.6716,301.7062,301.705,301.6682,301.596,301.4885,301.346,301.1683,300.9557,300.708,300.4253,300.1076,299.7547,299.3666,298.9432,298.4845,297.9902,297.4602,296.8943,296.2922,295.6536,294.978,294.2648,293.5132,292.7221,291.8899,291.0144,290.0928,289.1208,288.0926,286.9999,285.8312,284.5701,283.1936,281.6703,279.9584,278.0014,275.7243,273.0205,269.9472,266.9112,263.9131,260.9532,258.032,255.1504,252.3107,249.5171,246.7779,244.1081,241.5243,239.0246
310.0,276.5684,276.7205,276.9409,277.2478,277.6545,278.1751,278.8124,279.5646,280.4267,281.3915,282.4492,283.5674,284.7179,285.8786,287.0323,288.1656,289.2684,290.3335,291.3556,292.3306,293.2556,294.129,294.95,295.7186,296.435,297.0999,297.7142,298.2791,298.7956,299.2653,299.6897,300.0705,300.409,300.7064,300.9638,301.1821,301.3622,301.5047,301.6103,301.6793,301.7122,301.7092,301.6705,301.5965,301.4872,301.3427,301.1632,300.9486,300.699,300.4144,300.0947,299.7398,299.3497,298.9243,298.4634,297.967,297.4349,296.8668,296.2625,295.6215,294.9435,294.2278,293.4734,292.6793,291.8438,290.9646,290.0386,289.0614,288.0269,286.9266,285.7483,284.4752,283.0838,281.542,279.8069,277.8199,275.4972,272.7039,269.6643,266.6531,263.6727,260.725,257.8118,254.9351,252.0977,249.3046,246.5642,243.8916,241.3052,238.8039
311.0,276.642,276.7934,277.0152,277.3258,277.7356,278.258,278.896,279.6478,280.5084,281.4707,282.525,283.6393,284.7857,285.9423,287.0919,288.2213,289.3206,290.3823,291.4013,292.3734,293.2958,294.1669,294.9858,295.7523,296.4668,297.13,297.7426,298.3059,298.8208,299.289,299.7119,300.0912,300.4282,300.724,300.9798,301.1966,301.375,301.5159,301.6198,301.6871,301.7182,301.7134,301.673,301.5972,301.486,301.3397,301.1583,300.9419,300.6904,300.4038,300.0822,299.7253,299.3332,298.9058,298.4429,297.9444,297.4102,296.8399,296.2334,295.5902,294.9097,294.1914,293.4344,292.6372,291.7984,290.9153,289.9849,289.0025,287.9616,286.8534,285.6654,284.3802,282.9735,281.4124,279.6519,277.6278,275.2391,272.3004,269.3192,266.3517,263.4035,260.4791,257.582,254.716,251.8851,249.0951,246.3549,243.6803,241.0911,238.5877
312.0,276.7127,276.8635,277.0872,277.4018,277.8149,278.3394,278.9783,279.7297,280.5889,281.5488,282.5999,283.7103,284.8527,286.0052,287.1508,288.2764,289.3721,290.4305,291.4464,292.4158,293.3357,294.2044,295.0211,295.7857,296.4983,297.1597,297.7707,298.3324,298.8458,299.3124,299.7339,300.1117,300.4472,300.7415,300.9958,301.211,301.3878,301.5271,301.6293,301.6949,301.7243,301.7179,301.6757,301.5981,301.4851,301.337,301.1538,300.9354,300.6821,300.3936,300.0701,299.7113,299.3172,298.8878,298.4229,297.9224,297.3861,296.8137,296.205,295.5594,294.8766,294.1558,293.396,292.5958,291.7536,290.8667,289.9318,288.944,287.8966,286.7805,285.5826,284.2849,282.8625,281.2811,279.4934,277.43,274.9839,271.9873,269.0151,266.0648,263.136,260.2298,257.3484,254.4945,251.6722,248.8873,246.1491,243.4733,240.8817,238.3761
313.0,276.7803,276.9309,277.1568,277.4757,277.8924,278.4192,279.059,279.8102,280.6682,281.6258,282.6737,283.7805,284.9189,286.0674,287.2091,288.3309,289.423,290.4782,291.4911,292.4577,293.375,294.2414,295.056,295.8186,296.5295,297.1892,297.7985,298.3586,298.8705,299.3357,299.7557,300.132,300.466,300.7589,301.0117,301.2253,301.4006,301.5383,301.6389,301.7029,301.7306,301.7224,301.6785,301.5992,301.4845,301.3345,301.1495,300.9294,300.6741,300.3838,300.0584,299.6977,299.3017,298.8704,298.4035,297.901,297.3626,296.7881,296.1772,295.5294,294.8442,294.1208,293.3583,292.5551,291.7094,290.8187,289.8792,288.8859,287.832,286.7077,285.4996,284.1893,282.7507,281.1483,279.3326,277.2321,274.7434,271.7317,268.7543,265.8066,262.8855,259.9897,257.1192,254.2753,251.4612,248.6819,245.9464,243.2703,240.6766,238.1689
314.0,276.8449,276.9954,277.2241,277.5476,277.968,278.4973,279.1383,279.8895,280.7463,281.7017,282.7465,283.8497,284.9842,286.1287,287.2666,288.3847,289.4734,290.5253,291.5352,292.4991,293.4139,294.2781,295.0906,295.8512,296.5602,297.2182,297.826,298.3846,298.895,299.3587,299.7773,300.1522,300.4847,300.7761,301.0274,301.2396,301.4133,301.5495,301.6485,301.7108,301.7369,301.7271,301.6815,301.6004,301.484,301.3323,301.1455,300.9236,300.6666,300.3744,300.0471,299.6846,299.2867,298.8535,298.3846,297.8801,297.3397,296.7632,296.1501,295.5001,294.8125,294.0866,293.3213,292.5151,291.666,290.7713,289.8271,288.8284,287.7677,286.6351,285.4167,284.0933,282.6382,281.0144,279.1712,277.0373,274.5167,271.4992,268.5185,265.5708,262.6528,259.7625,256.8989,254.0622,251.2545,248.4801,245.7474,243.0713,240.4757,237.966
315.0,276.9064,277.0571,277.289,277.6173,278.0418,278.5737,279.2161,279.9673,280.8231,281.7764,282.8183,283.9179,285.0486,286.1893,287.3233,288.4378,289.5231,290.5718,291.5788,292.54,293.4524,294.3142,295.1247,295.8834,296.5907,297.247,297.8532,298.4102,298.9192,299.3815,299.7986,300.1721,300.5033,300.7932,301.0431,301.2538,301.4261,301.5606,301.6581,301.7189,301.7434,301.7319,301.6847,301.6019,301.4838,301.3304,301.1419,300.9182,300.6594,300.3655,300.0363,299.672,299.2722,298.8371,298.3664,297.8599,297.3175,296.7389,296.1237,295.4714,294.7815,294.0531,293.285,292.4757,291.6232,290.7245,289.7756,288.7712,287.7037,286.5626,285.3337,283.997,282.525,280.8799,279.0103,276.847,274.3019,271.282,268.2998,265.352,262.4356,259.5484,256.689,253.8572,251.0541,248.2835,245.5529,242.8766,240.279,237.7673
316.0,276.9647,277.1159,277.3515,277.685,278.1137,278.6485,279.2923,280.0438,280.8986,281.8501,282.889,283.9852,285.1122,286.2491,287.3794,288.4903,289.5722,290.6178,291.6218,292.5803,293.4903,294.35,295.1583,295.9152,296.6207,297.2754,297.88,298.4356,298.9431,299.404,299.8198,300.1919,300.5217,300.8102,301.0587,301.2679,301.4387,301.5718,301.6678,301.727,301.7499,301.7369,301.688,301.6036,301.4838,301.3288,301.1385,300.9131,300.6526,300.3569,300.026,299.6598,299.2583,298.8212,298.3486,297.8403,297.2959,296.7152,296.0979,295.4435,294.7512,294.0202,293.2494,292.4371,291.581,290.6783,289.7247,288.7145,287.64,286.4903,285.2506,283.9005,282.4116,280.7454,278.8511,276.6618,274.0974,271.0769,268.0944,265.1469,262.2316,259.3465,256.4898,253.6611,250.8612,248.0932,245.3637,242.6867,240.0867,237.5729
317.0,277.0198,277.1718,277.4115,277.7505,278.1837,278.7215,279.367,280.1189,280.9729,281.9225,282.9587,284.0515,285.1748,286.308,287.4346,288.542,289.6206,290.6631,291.6643,292.6202,293.5278,294.3852,295.1916,295.9466,296.6503,297.3034,297.9065,298.4606,298.9667,299.4262,299.8407,300.2115,300.5399,300.8271,301.0742,301.282,301.4514,301.583,301.6775,301.7352,301.7566,301.7419,301.6915,301.6055,301.4841,301.3274,301.1354,300.9083,300.6461,300.3487,300.0161,299.6481,299.2448,298.806,298.3315,297.8212,297.2749,296.6923,296.0729,295.4162,294.7216,293.9882,293.2146,292.3991,291.5396,290.6327,289.6743,288.6583,287.5767,286.4182,285.1676,283.8038,282.2981,280.6115,278.6941,276.4821,273.902,270.8822,267.9003,264.9536,262.0394,259.1558,256.301,253.4743,250.6764,247.9098,245.1807,242.5022,239.8991,237.3827
318.0,277.0717,277.2247,277.4692,277.8139,278.2517,278.7929,279.4402,280.1926,281.0459,281.9938,283.0273,284.1168,285.2366,286.3661,287.4891,288.5931,289.6684,290.7078,291.7062,292.6595,293.5647,294.42,295.2244,295.9775,296.6796,297.331,297.9326,298.4853,298.99,299.4482,299.8613,300.2308,300.5579,300.8438,301.0895,301.296,301.464,301.5942,301.6872,301.7434,301.7633,301.7472,301.6952,301.6076,301.4846,301.3263,301.1327,300.9039,300.64,300.3409,300.0066,299.6369,299.2318,298.7912,298.3149,297.8028,297.2546,296.67,296.0485,295.3897,294.6928,293.9568,293.1804,292.3619,291.4988,290.5878,289.6245,288.6025,287.5137,286.3463,285.0847,283.7073,282.1848,280.4786,278.5397,276.3077,273.7149,270.6967,267.7162,264.7707,261.8578,258.9754,256.122,253.2968,250.4999,247.7339,245.0043,242.3236,239.7165,237.197
319.0,277.1203,277.2747,277.5245,277.8751,278.3179,278.8625,279.5117,280.2648,281.1177,282.0639,283.0948,284.1811,285.2974,286.4234,287.5429,288.6434,289.7155,290.7519,291.7476,292.6983,293.6011,294.4543,295.2567,296.008,296.7084,297.3583,297.9584,298.5097,299.0131,299.4699,299.8818,300.25,300.5758,300.8604,301.1048,301.3099,301.4765,301.6053,301.6969,301.7517,301.7702,301.7525,301.699,301.6099,301.4853,301.3254,301.1302,300.8999,300.6343,300.3336,299.9975,299.6262,299.2194,298.777,298.299,297.785,297.2349,296.6483,296.0249,295.3639,294.6647,293.9262,293.147,292.3254,291.4587,290.5435,289.5752,288.5472,287.451,286.2747,285.0019,283.6109,282.0721,280.3471,278.3884,276.1386,273.5353,270.5196,267.5411,264.5973,261.6859,258.8048,255.9526,253.1282,250.3319,247.5657,244.8348,242.1512,239.5393,237.016
320.0,277.1655,277.3217,277.5773,277.9341,278.3821,278.9303,279.5817,280.3356,281.188,282.1328,283.1612,284.2444,285.3573,286.4798,287.5958,288.693,289.7619,290.7954,291.7883,292.7365,293.637,294.488,295.2885,296.0381,296.7368,297.3852,297.9838,298.5337,299.0358,299.4914,299.9019,300.2689,300.5934,300.8768,301.1199,301.3237,301.489,301.6165,301.7067,301.7601,301.7771,301.758,301.703,301.6124,301.4863,301.3248,301.1281,300.8962,300.629,300.3266,299.989,299.6159,299.2074,298.7634,298.2836,297.7678,297.2159,296.6274,296.0019,295.3388,294.6373,293.8963,293.1143,292.2896,291.4193,290.4998,289.5264,288.4924,287.3888,286.2033,284.9194,283.5148,281.96,280.217,278.2392,275.9706,273.3461,270.3397,267.3677,264.4286,261.5206,258.6419,255.7914,252.968,250.172,247.4052,244.6726,241.9855,239.3679,236.8399
321.0,277.2074,277.3658,277.6276,277.9909,278.4443,278.9963,279.6501,280.4049,281.2571,282.2004,283.2264,284.3067,285.4163,286.5353,287.6479,288.7418,289.8076,290.8382,291.8284,292.7741,293.6724,294.5213,295.3199,296.0677,296.7648,297.4116,298.0089,298.5574,299.0582,299.5125,299.9219,300.2876,300.6109,300.893,301.1349,301.3374,301.5015,301.6276,301.7165,301.7685,301.7841,301.7635,301.7071,301.6151,301.4875,301.3245,301.1263,300.8928,300.6241,300.3201,299.9808,299.6062,299.196,298.7503,298.2688,297.7513,297.1975,296.6071,295.9796,295.3144,294.6106,293.8671,293.0824,292.2545,291.3805,290.4568,289.4783,288.4381,287.3269,286.1323,284.8372,283.4192,281.8487,280.0879,278.0903,275.7985,273.1365,270.1474,267.1883,264.2586,261.3574,258.4836,255.6362,252.8148,250.0195,247.2522,244.5175,241.8264,239.2025,236.6689
322.0,277.2458,277.4068,277.6755,278.0456,278.5045,279.0606,279.7169,280.4728,281.3248,282.2669,283.2906,284.3679,285.4742,286.5899,287.6992,288.7898,289.8526,290.8803,291.8679,292.8111,293.7072,294.5541,295.3507,296.0968,296.7923,297.4377,298.0335,298.5807,299.0802,299.5334,299.9415,300.3061,300.6282,300.9091,301.1498,301.3511,301.5138,301.6387,301.7263,301.777,301.7912,301.7693,301.7114,301.6179,301.4889,301.3245,301.1247,300.8898,300.6195,300.314,299.9732,299.5969,299.1852,298.7378,298.2546,297.7353,297.1798,296.5875,295.9581,295.2908,294.5847,293.8387,293.0512,292.2201,291.3424,290.4144,289.4307,288.3843,287.2655,286.0616,284.7554,283.3241,281.7379,279.959,277.9398,275.6181,272.9027,269.9378,266.9976,264.0825,261.1922,258.3264,255.4846,252.6667,249.8731,247.1058,244.3693,241.6741,239.0433,236.5034
323.0,277.2808,277.4449,277.7209,278.098,278.5627,279.123,279.782,280.5391,281.3912,282.3321,283.3536,284.428,285.5312,286.6436,287.7496,288.8371,289.8969,290.9218,291.9067,292.8476,293.7414,294.5863,295.3811,296.1255,296.8194,297.4633,298.0578,298.6037,299.102,299.5539,299.9609,300.3243,300.6453,300.925,301.1645,301.3646,301.5262,301.6498,301.7361,301.7855,301.7984,301.7751,301.7159,301.621,301.4906,301.3247,301.1235,300.8871,300.6153,300.3083,299.966,299.5882,299.1748,298.7258,298.241,297.72,297.1627,296.5686,295.9372,295.2678,294.5595,293.811,293.0207,292.1864,291.3051,290.3726,289.3837,288.331,287.2046,285.9914,284.674,283.2293,281.6273,279.8292,277.785,275.4245,272.6352,269.7032,266.7893,263.8948,261.0204,258.1666,255.3335,252.5215,249.7314,246.9651,244.2274,241.5282,238.8904,236.3434
324.0,277.3123,277.4799,277.7638,278.1482,278.619,279.1837,279.8455,280.604,281.4562,282.396,283.4154,284.4871,285.5873,286.6964,287.7992,288.8836,289.9404,290.9625,291.9449,292.8834,293.7751,294.6179,295.411,296.1537,296.8461,297.4885,298.0817,298.6263,299.1234,299.5741,299.98,300.3423,300.6622,300.9408,301.1791,301.3781,301.5384,301.6608,301.7459,301.794,301.8056,301.781,301.7205,301.6243,301.4925,301.3252,301.1226,300.8847,300.6115,300.303,299.9592,299.5799,299.165,298.7144,298.228,297.7054,297.1463,296.5504,295.9171,295.2456,294.5351,293.7841,292.991,292.1535,291.2684,290.3315,289.3373,288.2782,287.1441,285.9216,284.5929,283.1347,281.5162,279.697,277.6226,275.2107,272.3181,269.4311,266.5535,263.6878,260.836,257.9995,255.1793,252.3764,249.5921,246.8287,244.0908,241.3883,238.7435,236.1891
325.0,277.3403,277.5121,277.8042,278.1961,278.6732,279.2425,279.9073,280.6674,281.5198,282.4587,283.4761,284.5452,285.6423,286.7483,287.8479,288.9293,289.9832,291.0026,291.9824,292.9186,293.8081,294.6491,295.4403,296.1813,296.8722,297.5133,298.1051,298.6485,299.1444,299.5941,299.9988,300.36,300.6788,300.9563,301.1936,301.3914,301.5506,301.6718,301.7557,301.8026,301.8129,301.7871,301.7253,301.6277,301.4946,301.326,301.122,300.8827,300.6081,300.2982,299.9529,299.5721,299.1557,298.7036,298.2156,297.6913,297.1306,296.5329,295.8977,295.2242,294.5114,293.7579,292.962,292.1212,291.2324,290.291,289.2915,288.2259,287.0841,285.8522,284.5121,283.0401,281.4045,279.5632,277.4588,275.0088,272.0985,269.2118,266.344,263.4924,260.6558,257.8335,255.0256,252.2325,249.4553,246.6959,243.959,241.2539,238.6026,236.0405
326.0,277.3648,277.5412,277.8421,278.2418,278.7254,279.2994,279.9674,280.7292,281.582,282.5201,283.5356,284.6021,285.6963,286.7992,287.8958,288.9742,290.0252,291.042,292.0193,292.9532,293.8406,294.6796,295.4691,296.2085,296.8979,297.5376,298.1281,298.6704,299.1651,299.6137,300.0174,300.3775,300.6953,300.9717,301.2079,301.4046,301.5627,301.6828,301.7655,301.8112,301.8203,301.7933,301.7302,301.6313,301.4969,301.327,301.1217,300.881,300.6051,300.2938,299.947,299.5648,299.147,298.6933,298.2038,297.6779,297.1155,296.5161,295.879,295.2034,294.4884,293.7325,292.9337,292.0897,291.1971,290.2512,289.2463,288.1743,287.0245,285.7832,284.4316,282.9455,281.2924,279.429,277.2975,274.8203,271.9072,269.021,266.1576,263.3137,260.4866,257.6747,254.8768,252.0924,249.322,246.5672,243.8318,241.1249,238.4674,235.8974
327.0,277.3856,277.5674,277.8775,278.2853,278.7755,279.3546,280.0258,280.7895,281.6428,282.5802,283.5939,284.6579,285.7493,286.8492,287.9428,289.0182,290.0665,291.0806,292.0555,292.9871,293.8725,294.7096,295.4973,296.2352,296.9231,297.5615,298.1508,298.6918,299.1854,299.6329,300.0356,300.3947,300.7115,300.9869,301.222,301.4177,301.5747,301.6937,301.7753,301.8198,301.8278,301.7995,301.7352,301.6352,301.4995,301.3283,301.1217,300.8797,300.6024,300.2897,299.9416,299.558,299.1387,298.6836,298.1925,297.6652,297.1011,296.4999,295.861,295.1834,294.4662,293.7078,292.9062,292.0589,291.1624,290.2121,289.2017,288.1231,286.9655,285.7145,284.3514,282.851,281.1803,279.2957,277.1403,274.6436,271.7318,268.8479,265.9884,263.1499,260.3297,257.5254,254.7353,251.9582,249.1939,246.4433,243.7097,241.0012,238.3379,235.7599
328.0,277.4029,277.5907,277.9103,278.3264,278.8236,279.4078,280.0826,280.8482,281.7021,282.639,283.651,284.7126,285.8012,286.8983,287.9889,289.0615,290.1069,291.1185,292.091,293.0204,293.9037,294.739,295.525,296.2613,296.9479,297.5849,298.1729,298.7128,299.2054,299.6519,300.0535,300.4117,300.7274,301.0019,301.236,301.4307,301.5866,301.7046,301.785,301.8285,301.8353,301.8059,301.7404,301.6392,301.5022,301.3298,301.122,300.8787,300.6001,300.2861,299.9367,299.5517,299.131,298.6745,298.1819,297.653,297.0874,296.4845,295.8437,295.1642,294.4447,293.6838,292.8794,292.0289,291.1285,290.1736,289.1577,288.0726,286.907,285.6463,284.2714,282.7567,281.0688,279.1641,276.9883,274.4771,271.5685,268.6881,265.8326,262.999,260.1844,257.3862,254.6023,251.8312,249.072,246.3251,243.5931,240.8831,238.2141,235.628
329.0,277.4166,277.611,277.9407,278.3654,278.8696,279.4592,280.1377,280.9054,281.7601,282.6965,283.7069,284.7662,285.8522,286.9463,288.0341,289.1038,290.1466,291.1557,292.1258,293.053,293.9343,294.7678,295.5522,296.287,296.9721,297.6078,298.1947,298.7335,299.225,299.6705,300.0712,300.4283,300.7431,301.0167,301.2498,301.4435,301.5985,301.7154,301.7948,301.8372,301.8429,301.8124,301.7458,301.6433,301.5052,301.3316,301.1225,300.8781,300.5982,300.2829,299.9322,299.5459,299.1239,298.666,298.1719,297.6415,297.0743,296.4697,295.8272,295.1456,294.424,293.6606,292.8534,291.9996,291.0953,290.1358,289.1144,288.0226,286.8489,285.5785,284.1918,282.6629,280.9583,279.0351,276.8416,274.3195,271.4153,268.5393,265.6883,262.8595,260.0498,257.2569,254.4782,251.7121,248.9571,246.2133,243.4825,240.771,238.0963,235.5017
330.0,277.4266,277.6285,277.9685,278.402,278.9136,279.5087,280.191,280.9611,281.8166,282.7526,283.7615,284.8187,285.902,286.9934,288.0783,289.1453,290.1855,291.1921,292.1599,293.085,293.9643,294.796,295.5787,296.312,296.9958,297.6302,298.216,298.7537,299.2442,299.6887,300.0885,300.4447,300.7586,301.0312,301.2634,301.4562,301.6102,301.7261,301.8045,301.8459,301.8506,301.8189,301.7512,301.6477,301.5084,301.3337,301.1234,300.8777,300.5967,300.2802,299.9282,299.5406,299.1172,298.658,298.1625,297.6307,297.0619,296.4557,295.8113,295.1278,294.404,293.6382,292.8281,291.971,291.0628,290.0986,289.0717,287.9731,286.7914,285.5112,284.1127,282.5699,280.8492,278.909,276.7002,274.1701,271.2712,268.4002,265.5541,262.73,259.9252,257.137,254.363,251.6011,248.8498,246.1085,243.3784,240.6651,237.9846,235.381
331.0,277.433,277.6431,277.9937,278.4364,278.9555,279.5563,280.2426,281.0151,281.8717,282.8075,283.815,284.87,285.9508,287.0395,288.1217,289.186,290.2236,291.2277,292.1933,293.1162,293.9937,294.8236,295.6047,296.3365,297.019,297.6522,298.2368,298.7734,299.263,299.7065,300.1054,300.4608,300.7738,301.0455,301.2769,301.4687,301.6218,301.7368,301.8142,301.8546,301.8583,301.8256,301.7568,301.6522,301.5119,301.3359,301.1246,300.8777,300.5955,300.2778,299.9246,299.5357,299.1111,298.6505,298.1537,297.6204,297.0501,296.4423,295.7962,295.1108,294.3848,293.6165,292.8036,291.9431,291.031,290.0622,289.0296,287.9243,286.7344,285.4444,284.0342,282.4778,280.7419,278.7861,276.5643,274.028,271.1351,268.2697,265.4289,262.6099,259.8099,257.0263,254.2566,251.4985,248.7503,246.011,243.2813,240.5658,237.8794,235.2662
332.0,277.4358,277.6549,278.0165,278.4684,278.9953,279.602,280.2925,281.0675,281.9253,282.8609,283.8671,284.9202,285.9985,287.0846,288.1641,289.2258,290.2608,291.2626,292.2259,293.1468,294.0224,294.8505,295.6301,296.3605,297.0416,297.6737,298.2572,298.7928,299.2814,299.724,300.1221,300.4766,300.7888,301.0597,301.2902,301.4811,301.6333,301.7474,301.8239,301.8633,301.866,301.8323,301.7625,301.6569,301.5155,301.3385,301.126,300.8781,300.5947,300.2758,299.9214,299.5314,299.1055,298.6437,298.1455,297.6108,297.039,296.4296,295.7817,295.0944,294.3663,293.5955,292.7798,291.9159,290.9999,290.0264,288.9881,287.876,286.678,285.3782,283.9565,282.3869,280.6366,278.6666,276.4335,273.8929,271.0066,268.1473,265.3122,262.4985,259.7034,256.9244,254.1588,251.4042,248.6587,245.921,243.1914,240.4735,237.7809,235.1573
333.0,277.4348,277.6638,278.0367,278.4982,279.033,279.6458,280.3406,281.1184,281.9774,282.9131,283.9181,284.9692,286.0452,287.1287,288.2056,289.2646,290.2972,291.2966,292.2578,293.1767,294.0504,294.8768,295.6549,296.3839,297.0637,297.6946,298.277,298.8117,299.2993,299.7412,300.1383,300.4921,300.8035,301.0735,301.3032,301.4934,301.6447,301.7579,301.8335,301.872,301.8738,301.8391,301.7684,301.6617,301.5193,301.3413,301.1277,300.8787,300.5942,300.2743,299.9187,299.5275,299.1005,298.6373,298.1379,297.6018,297.0286,296.4176,295.768,295.0788,294.3485,293.5753,292.7567,291.8895,290.9695,289.9912,288.9473,287.8284,286.6222,285.3128,283.8798,282.2973,280.5335,278.5507,276.3079,273.7642,270.8851,268.0324,265.2034,262.3952,259.6053,256.8308,254.0692,251.3181,248.5751,245.8388,243.1089,240.3883,237.6893,235.0547
334.0,277.4302,277.67,278.0545,278.5257,279.0686,279.6877,280.387,281.1677,282.0281,282.9639,283.9678,285.017,286.0907,287.1717,288.2461,289.3026,290.3328,291.3299,292.2889,293.2058,294.0777,294.9025,295.6791,296.4067,297.0853,297.715,298.2964,298.8301,299.3169,299.7579,300.1543,300.5072,300.8179,301.0872,301.3161,301.5054,301.656,301.7683,301.8431,301.8807,301.8816,301.846,301.7743,301.6667,301.5233,301.3443,301.1297,300.8797,300.5942,300.2731,299.9165,299.5241,299.0959,298.6316,298.1309,297.5935,297.0188,296.4063,295.755,295.0639,294.3315,293.5558,292.7343,291.8638,290.9399,289.9568,288.9072,287.7815,286.5671,285.2481,283.804,282.2094,280.4328,278.4383,276.1872,273.6417,270.7703,267.9246,265.102,262.2998,259.5151,256.7454,253.9879,251.24,248.4995,245.7644,243.034,240.3106,237.6049,234.9584
335.0,277.4219,277.6734,278.0697,278.551,279.1022,279.7277,280.4316,281.2153,282.0773,283.0133,284.0162,285.0636,286.1352,287.2138,288.2856,289.3397,290.3675,291.3624,292.3193,293.2343,294.1044,294.9276,295.7026,296.4289,297.1063,297.735,298.3153,298.8481,299.334,299.7742,300.1699,300.5221,300.832,301.1005,301.3287,301.5173,301.6671,301.7786,301.8526,301.8894,301.8894,301.853,301.7804,301.6718,301.5275,301.3475,301.132,300.881,300.5944,300.2724,299.9147,299.5212,299.0919,298.6264,298.1245,297.5858,297.0097,296.3957,295.7427,295.0497,294.3152,293.537,292.7127,291.8388,290.9109,289.9231,288.8678,287.7352,286.5128,285.1843,283.7295,282.1231,280.3347,278.3295,276.0712,273.5242,270.6612,267.8232,265.0076,262.2116,259.4325,256.6677,253.9144,251.1699,248.4317,245.6978,242.9669,240.2405,237.528,234.8689
336.0,277.41,277.6741,278.0824,278.5739,279.1337,279.7658,280.4745,281.2613,282.125,283.0613,284.0633,285.1091,286.1785,287.2547,288.3242,289.3759,290.4014,291.394,292.3489,293.262,294.1303,294.9519,295.7255,296.4506,297.1268,297.7543,298.3337,298.8656,299.3507,299.7902,300.1851,300.5366,300.8458,301.1137,301.3411,301.529,301.6781,301.7889,301.8621,301.898,301.8972,301.86,301.7865,301.6771,301.5319,301.351,301.1345,300.8826,300.5951,300.272,299.9133,299.5188,299.0884,298.6217,298.1187,297.5787,297.0013,296.3857,295.7311,295.0363,294.2996,293.519,292.6919,291.8146,290.8826,289.89,288.829,287.6897,286.4592,285.1215,283.6562,282.0386,280.2389,278.2234,275.9565,273.3992,270.5496,267.7227,264.9164,262.1283,259.356,256.5968,253.8482,251.1074,248.3717,245.6389,242.9075,240.178,237.4586,234.7863
337.0,277.3944,277.672,278.0927,278.5946,279.163,279.802,280.5156,281.3057,282.1712,283.1079,284.1092,285.1534,286.2207,287.2947,288.3617,289.4111,290.4343,291.4248,292.3777,293.2889,294.1556,294.9756,295.7478,296.4716,297.1466,297.7732,298.3516,298.8826,299.367,299.8057,300.1999,300.5508,300.8593,301.1265,301.3533,301.5406,301.6889,301.799,301.8714,301.9067,301.9051,301.867,301.7928,301.6825,301.5365,301.3547,301.1374,300.8845,300.596,300.272,299.9123,299.5168,299.0853,298.6176,298.1134,297.5722,296.9934,296.3764,295.7202,295.0236,294.2848,293.5018,292.6718,291.7911,290.8551,289.8577,288.791,287.6449,286.4065,285.0597,283.5843,281.9558,280.1451,278.1192,275.8413,273.2678,270.4344,267.6212,264.8264,262.0481,259.2839,256.5315,253.7884,251.0518,248.3191,245.5877,242.8558,240.1233,237.3969,234.7109
338.0,277.3752,277.6672,278.1004,278.613,279.1903,279.8362,280.5549,281.3485,282.2159,283.1532,284.1537,285.1964,286.2618,287.3336,288.3983,289.4454,290.4664,291.4548,292.4057,293.3151,294.1801,294.9986,295.7695,296.492,297.1659,297.7914,298.369,298.8992,299.3828,299.8208,300.2144,300.5646,300.8725,301.1391,301.3653,301.5519,301.6996,301.809,301.8808,301.9153,301.913,301.8742,301.7991,301.6881,301.5412,301.3586,301.1404,300.8867,300.5973,300.2724,299.9118,299.5153,299.0828,298.6141,298.1087,297.5663,296.9863,296.3678,295.71,295.0115,294.2707,293.4852,292.6524,291.7683,290.8283,289.8261,288.7537,287.6009,286.3547,284.999,283.5137,281.8746,280.0531,278.0159,275.7247,273.1304,270.3152,267.5177,264.7364,261.9696,259.2151,256.4708,253.7341,251.0025,248.2733,245.5437,242.8116,240.0763,237.343,234.6431
339.0,277.3525,277.6597,278.1057,278.6291,279.2155,279.8685,280.5925,281.3896,282.2591,283.197,284.197,285.2383,286.3018,287.3714,288.4339,289.4788,290.4976,291.484,292.4329,293.3406,294.2039,295.021,295.7905,296.5118,297.1846,297.8092,298.3858,298.9152,299.3981,299.8355,300.2284,300.5781,300.8854,301.1514,301.377,301.563,301.7101,301.8189,301.89,301.9238,301.9208,301.8813,301.8056,301.6938,301.5461,301.3627,301.1437,300.8892,300.599,300.2732,299.9117,299.5143,299.0808,298.6111,298.1046,297.561,296.9797,296.3599,295.7005,295.0002,294.2573,293.4694,292.6337,291.7463,290.8023,289.7953,288.7172,287.5577,286.3038,284.9393,283.4444,281.795,279.9624,277.9129,275.6061,272.9871,270.1917,267.4117,264.6457,261.8919,259.1486,256.4136,253.6845,250.9589,248.2339,245.5067,242.7748,240.037,237.297,234.5829
340.0,277.3262,277.6495,278.1086,278.643,279.2386,279.8989,280.6283,281.4291,282.3007,283.2395,284.2389,285.2789,286.3406,287.4082,288.4685,289.5112,290.5279,291.5123,292.4594,293.3652,294.227,295.0426,295.8108,296.5309,297.2027,297.8263,298.4021,298.9308,299.413,299.8497,300.2421,300.5912,300.898,301.1635,301.3885,301.5739,301.7204,301.8287,301.8991,301.9324,301.9287,301.8885,301.8121,301.6996,301.5512,301.3671,301.1473,300.8919,300.601,300.2744,299.912,299.5137,299.0793,298.6086,298.1011,297.5564,296.9738,296.3526,295.6917,294.9896,294.2446,293.4543,292.6158,291.725,290.7769,289.7652,288.6815,287.5154,286.2539,284.8808,283.3764,281.7165,279.8726,277.8098,275.4848,272.8372,270.0635,267.3027,264.5534,261.8143,259.0836,256.3592,253.6389,250.9202,248.2003,245.4762,242.7451,240.0052,237.2587,234.5305
341.0,277.2965,277.6366,278.109,278.6546,279.2596,279.9273,280.6623,281.467,282.3409,283.2805,284.2796,285.3183,286.3783,287.4438,288.5021,289.5426,290.5573,291.5397,292.485,293.3891,294.2493,295.0635,295.8304,296.5494,297.2202,297.8429,298.4179,298.9458,299.4273,299.8635,300.2553,300.6039,300.9102,301.1752,301.3997,301.5846,301.7306,301.8383,301.9082,301.9408,301.9366,301.8957,301.8186,301.7055,301.5564,301.3716,301.1511,300.895,300.6033,300.2759,299.9127,299.5136,299.0783,298.6066,298.0981,297.5523,296.9686,296.346,295.6835,294.9797,294.2327,293.44,292.5986,291.7044,290.7524,289.7359,288.6466,287.474,286.205,284.8234,283.3095,281.6392,279.7833,277.7058,275.3602,272.6797,269.9295,267.1896,264.4589,261.736,259.0193,256.3069,253.5966,250.8859,248.172,245.4518,242.7222,239.9807,237.2283,234.4862
342.0,277.2633,277.6211,278.107,278.6639,279.2785,279.9538,280.6945,281.5032,282.3795,283.3202,284.3189,285.3565,286.4148,287.4784,288.5346,289.5731,290.5858,291.5663,292.5097,293.4122,294.2709,295.0837,295.8494,296.5673,297.2371,297.8589,298.4331,298.9603,299.4413,299.8769,300.2682,300.6163,300.9221,301.1866,301.4107,301.5951,301.7406,301.8478,301.9172,301.9492,301.9444,301.903,301.8253,301.7115,301.5618,301.3763,301.1552,300.8984,300.6059,300.2778,299.9138,299.5139,299.0778,298.6052,298.0957,297.5489,296.9639,296.34,295.6761,294.9705,294.2214,293.4264,292.5821,291.6846,290.7286,289.7073,288.6125,287.4334,286.157,284.767,283.2437,281.5627,279.6942,277.6004,275.2311,272.5123,269.7881,267.0713,264.361,261.6561,258.955,256.256,253.5569,250.8554,248.1485,245.4331,242.7058,239.9634,237.2055,234.4499
343.0,277.2268,277.6029,278.1025,278.671,279.2954,279.9784,280.725,281.5377,282.4166,283.3584,284.3569,285.3934,286.4501,287.5119,288.5661,289.6026,290.6133,291.592,292.5337,293.4345,294.2917,295.1032,295.8677,296.5845,297.2533,297.8743,298.4478,298.9743,299.4547,299.8897,300.2806,300.6282,300.9336,301.1977,301.4214,301.6054,301.7504,301.8571,301.926,301.9576,301.9522,301.9103,301.832,301.7176,301.5673,301.3812,301.1594,300.902,300.6089,300.28,299.9153,299.5146,299.0777,298.6043,298.0939,297.546,296.9599,296.3347,295.6693,294.962,294.2109,293.4135,292.5664,291.6655,290.7055,289.6796,288.5792,287.3938,286.11,284.7117,283.1788,281.487,279.6056,277.4961,275.109,272.3822,269.669,266.9661,264.2709,261.581,258.8942,256.2082,253.5207,250.8289,248.1297,245.4199,242.6956,239.953,237.1904,234.4217
344.0,277.187,277.582,278.0957,278.6759,279.3102,280.0011,280.7536,281.5706,282.4522,283.3951,284.3935,285.4291,286.4843,287.5443,288.5966,289.6312,290.64,291.6168,292.5568,293.4561,294.3118,295.122,295.8853,296.601,297.2689,297.8891,298.4618,298.9878,299.4676,299.9022,300.2926,300.6398,300.9448,301.2085,301.4318,301.6154,301.76,301.8663,301.9347,301.9658,301.96,301.9175,301.8387,301.7238,301.573,301.3863,301.1639,300.9059,300.6121,300.2826,299.9172,299.5158,299.0782,298.6039,298.0926,297.5437,296.9565,296.3301,295.6631,294.9541,294.2011,293.4013,292.5514,291.6472,290.6832,289.6526,288.5468,287.355,286.0639,284.6573,283.115,281.4123,279.5184,277.3951,274.9968,272.2751,269.5696,266.8766,264.1927,261.5149,258.8403,256.1661,253.4895,250.8072,248.1161,245.4123,242.6916,239.9495,237.1828,234.4018
345.0,277.1439,277.5586,278.0864,278.6785,279.3229,280.0218,280.7805,281.6019,282.4862,283.4305,284.4289,285.4635,286.5173,287.5756,288.626,289.6587,290.6657,291.6407,292.579,293.4768,294.3311,295.14,295.9022,296.6169,297.2839,297.9033,298.4754,299.0007,299.48,299.9141,300.3041,300.651,300.9557,301.219,301.4419,301.6252,301.7694,301.8753,301.9433,301.974,301.9677,301.9248,301.8455,301.7301,301.5788,301.3916,301.1687,300.91,300.6157,300.2856,299.9195,299.5175,299.079,298.604,298.0918,297.542,296.9537,296.326,295.6577,294.947,294.1919,293.3898,292.5372,291.6296,290.6617,289.6265,288.5152,287.3171,286.0188,284.6039,283.0522,281.3388,279.4332,277.2985,274.8935,272.18,269.4832,266.7995,264.1256,261.4584,258.7946,256.131,253.4645,250.7914,248.1082,245.4106,242.6939,239.9528,237.1828,234.3899
346.0,277.0977,277.5326,278.0748,278.6789,279.3335,280.0407,280.8056,281.6315,282.5187,283.4644,284.4628,285.4967,286.5491,287.6057,288.6544,289.6852,290.6904,291.6637,292.6004,293.4966,294.3496,295.1573,295.9183,296.6321,297.2982,297.9169,298.4883,299.013,299.4919,299.9256,300.3152,300.6618,300.9661,301.2292,301.4518,301.6347,301.7786,301.8841,301.9518,301.9821,301.9754,301.9321,301.8524,301.7365,301.5847,301.397,301.1736,300.9144,300.6195,300.2888,299.9222,299.5195,299.0804,298.6046,298.0916,297.5408,296.9515,296.3226,295.6528,294.9405,294.1835,293.379,292.5236,291.6128,290.641,289.6012,288.4845,287.2802,285.9747,284.5516,282.9906,281.267,279.3507,277.2067,274.7982,272.0942,269.4067,266.7325,264.0684,261.4111,258.7573,256.1036,253.4465,250.7822,248.1067,245.4153,242.7028,239.9631,237.1902,234.3864
347.0,277.0483,277.5039,278.0608,278.6771,279.3421,280.0576,280.8289,281.6594,282.5496,283.4969,284.4955,285.5286,286.5798,287.6348,288.6817,289.7108,290.7142,291.6858,292.6209,293.5157,294.3673,295.1738,295.9338,296.6466,297.3119,297.9298,298.5006,299.0248,299.5032,299.9366,300.3259,300.6721,300.9762,301.239,301.4613,301.6439,301.7876,301.8928,301.9601,301.9901,301.9831,301.9394,301.8592,301.743,301.5907,301.4026,301.1787,300.9191,300.6237,300.2925,299.9253,299.522,299.0822,298.6057,298.0919,297.5402,296.9499,296.3198,295.6487,294.9347,294.1758,293.369,292.5108,291.5968,290.6211,289.5767,288.4547,287.2441,285.9316,284.5004,282.9304,281.197,279.2712,277.1198,274.7102,272.0163,269.3387,266.6744,264.02,261.3725,258.7283,256.0839,253.4358,250.7799,248.1118,245.4266,242.7184,239.9805,237.2053,234.3912
348.0,276.996,277.4728,278.0444,278.6732,279.3486,280.0726,280.8504,281.6857,282.579,283.5279,284.5268,285.5592,286.6092,287.6627,288.708,289.7353,290.737,291.707,292.6406,293.5339,294.3843,295.1895,295.9485,296.6604,297.3249,297.9421,298.5123,299.0361,299.514,299.9471,300.3361,300.682,300.9859,301.2484,301.4705,301.6529,301.7963,301.9013,301.9683,301.998,301.9906,301.9466,301.8661,301.7495,301.5969,301.4083,301.184,300.924,300.6281,300.2964,299.9287,299.5248,299.0844,298.6072,298.0927,297.5402,296.9489,296.3176,295.6452,294.9296,294.1687,293.3597,292.4988,291.5814,290.6019,289.553,288.4257,287.209,285.8894,284.4504,282.8717,281.1292,279.1949,277.0379,274.6287,271.9456,269.2784,266.6242,263.9798,261.3419,258.7072,256.072,253.4326,250.7849,248.124,245.4449,242.7412,240.0052,237.2282,234.4043
349.0,276.9406,277.4391,278.0258,278.667,279.353,280.0856,280.8702,281.7103,282.6069,283.5575,284.5567,285.5886,286.6375,287.6895,288.7331,289.7588,290.7589,291.7273,292.6594,293.5513,294.4004,295.2045,295.9625,296.6735,297.3372,297.9538,298.5235,299.0467,299.5243,299.957,300.3458,300.6915,300.9952,301.2575,301.4794,301.6616,301.8048,301.9095,301.9764,302.0058,301.9981,301.9538,301.873,301.7561,301.6031,301.4142,301.1896,300.9291,300.6328,300.3007,299.9325,299.5281,299.0871,298.6093,298.0941,297.5407,296.9484,296.3161,295.6423,294.9251,294.1624,293.351,292.4874,291.5669,290.5835,289.5301,288.3976,287.1749,285.8484,284.4016,282.8146,281.0638,279.1221,276.9608,274.5535,271.8816,269.2252,266.5815,263.9472,261.3191,258.6938,256.0677,253.4369,250.7971,248.1435,245.4704,242.7711,240.0374,237.2588,234.426
350.0,276.8824,277.4029,278.0048,278.6587,279.3555,280.0968,280.8881,281.7333,282.6332,283.5857,284.5853,285.6167,286.6645,287.7152,288.7573,289.7813,290.7798,291.7467,292.6773,293.5679,294.4157,295.2187,295.9757,296.6859,297.3489,297.9648,298.534,299.0568,299.5341,299.9665,300.355,300.7006,301.0041,301.2663,301.488,301.67,301.813,301.9176,301.9842,302.0134,302.0056,301.961,301.88,301.7627,301.6094,301.4203,301.1952,300.9344,300.6378,300.3052,299.9366,299.5317,299.0903,298.6118,298.0959,297.5418,296.9486,296.3151,295.64,294.9213,294.1567,293.3431,292.4768,291.5531,290.5659,289.5081,288.3704,287.1417,285.8085,284.3542,282.7593,281.0008,279.0527,276.8884,274.4841,271.8238,269.1786,266.5456,263.9217,261.3036,258.6878,256.0709,253.4487,250.8168,248.1703,245.5032,242.8086,240.0772,237.2976,234.4564
351.0,276.8213,277.3643,277.9815,278.6482,279.3559,280.1061,280.9043,281.7546,282.6579,283.6124,284.6125,285.6436,286.6904,287.7397,288.7803,289.8028,290.7997,291.7651,292.6943,293.5836,294.4302,295.2322,295.9882,296.6975,297.3599,297.9752,298.5439,299.0663,299.5432,299.9754,300.3638,300.7092,301.0125,301.2746,301.4963,301.6782,301.821,301.9255,301.992,302.021,302.0129,301.9681,301.8869,301.7694,301.6159,301.4264,301.2011,300.94,300.643,300.3101,299.9411,299.5358,299.0938,298.6148,298.0982,297.5434,296.9493,296.3148,295.6384,294.9182,294.1517,293.3359,292.467,291.54,290.5492,289.4869,288.3441,287.1095,285.7697,284.3083,282.706,280.9404,278.9869,276.8207,274.4203,271.772,269.1383,266.5164,263.903,261.2951,258.689,256.0813,253.4677,250.8438,248.2045,245.5435,242.8535,240.1248,237.3444,234.4956
352.0,276.7575,277.3232,277.9559,278.6355,279.3543,280.1135,280.9187,281.7742,282.6811,283.6376,284.6384,285.6691,286.715,287.7631,288.8022,289.8232,290.8186,291.7826,292.7104,293.5984,294.4439,295.2448,295.9999,296.7085,297.3702,297.9849,298.5531,299.0752,299.5519,299.9839,300.3721,300.7174,301.0206,301.2826,301.5042,301.686,301.8288,301.9331,301.9995,302.0284,302.0202,301.9752,301.8938,301.7761,301.6224,301.4327,301.2071,300.9457,300.6485,300.3152,299.9459,299.5402,299.0978,298.6183,298.1011,297.5455,296.9505,296.315,295.6374,294.9156,294.1474,293.3294,292.4578,291.5278,290.5332,289.4665,288.3187,287.0784,285.7323,284.264,282.6546,280.8827,278.9247,276.7575,274.3618,271.7258,269.104,266.4934,263.8909,261.2933,258.6972,256.0988,253.4939,250.8781,248.246,245.5913,242.9062,240.1803,237.3995,234.5437
353.0,276.6911,277.2797,277.9281,278.6208,279.3507,280.119,280.9314,281.7922,282.7028,283.6614,284.6629,285.6934,286.7384,287.7853,288.8231,289.8426,290.8366,291.7991,292.7256,293.6124,294.4567,295.2567,296.0109,296.7187,297.3797,297.994,298.5617,299.0835,299.5599,299.9918,300.3798,300.7251,301.0282,301.2902,301.5117,301.6935,301.8363,301.9405,302.0068,302.0356,302.0273,301.9822,301.9007,301.7829,301.6289,301.4391,301.2133,300.9517,300.6542,300.3207,299.951,299.545,299.1021,298.6222,298.1044,297.5481,296.9523,296.3158,295.637,294.9138,294.1437,293.3235,292.4494,291.5162,290.518,289.4471,288.2943,287.0484,285.6961,284.2212,282.6054,280.8277,278.866,276.6987,274.3084,271.6851,269.0755,266.4765,263.8852,261.2982,258.7121,256.1232,253.5273,250.9197,248.295,245.6466,242.9665,240.2438,237.4631,234.6009
354.0,276.6221,277.2339,277.8981,278.6039,279.3451,280.1226,280.9423,281.8085,282.7229,283.6838,284.6861,285.7164,286.7607,287.8064,288.8428,289.861,290.8535,291.8147,292.7399,293.6255,294.4687,295.2677,296.0211,296.7282,297.3886,298.0024,298.5697,299.0912,299.5674,299.9991,300.3871,300.7323,301.0354,301.2974,301.5189,301.7007,301.8435,301.9477,302.014,302.0427,302.0344,301.9892,301.9075,301.7896,301.6356,301.4456,301.2197,300.9579,300.6602,300.3264,299.9565,299.5501,299.1069,298.6265,298.1082,297.5513,296.9547,296.3172,295.6372,294.9125,294.1407,293.3184,292.4417,291.5055,290.5036,289.4285,288.2708,287.0195,285.6612,284.1801,282.5583,280.7756,278.8109,276.6443,274.26,271.6497,269.0525,266.4655,263.8855,261.3093,258.7336,256.1544,253.5676,250.9684,248.3513,245.7095,243.0346,240.3153,237.5351,234.6675
355.0,276.5506,277.1857,277.8658,278.5849,279.3375,280.1243,280.9514,281.8232,282.7415,283.7047,284.7079,285.738,286.7817,287.8263,288.8615,289.8783,290.8695,291.8293,292.7533,293.6377,294.4799,295.2779,296.0306,296.7369,297.3968,298.0101,298.5771,299.0983,299.5743,300.0059,300.3939,300.739,301.0422,301.3042,301.5258,301.7076,301.8504,301.9546,302.0209,302.0497,302.0413,301.9961,301.9144,301.7964,301.6423,301.4522,301.2261,300.9642,300.6663,300.3324,299.9622,299.5556,299.1121,298.6312,298.1125,297.5549,296.9576,296.3192,295.638,294.9119,294.1383,293.3139,292.4347,291.4955,290.49,289.4108,288.2484,286.9918,285.6278,284.1408,282.5134,280.7263,278.7594,276.5941,274.2164,271.6194,269.0349,266.4601,263.8917,261.3267,258.7615,256.1922,253.6148,251.0242,248.4148,245.7799,243.1105,240.3949,237.6158,234.7435
356.0,276.4768,277.1352,277.8314,278.5639,279.3279,280.1242,280.9588,281.8363,282.7585,283.7241,284.7283,285.7585,286.8014,287.8451,288.8791,289.8946,290.8845,291.843,292.7657,293.649,294.4902,295.2874,296.0392,296.7449,297.4042,298.0171,298.5837,299.1047,299.5806,300.0121,300.4001,300.7453,301.0485,301.3106,301.5323,301.7142,301.857,301.9613,302.0277,302.0564,302.0481,302.0029,301.9212,301.8032,301.649,301.4588,301.2328,300.9707,300.6727,300.3387,299.9683,299.5614,299.1176,298.6364,298.1172,297.5591,296.961,296.3217,295.6394,294.9119,294.1366,293.3102,292.4284,291.4862,290.4773,289.394,288.227,286.9653,285.5958,284.1033,282.4708,280.6798,278.7113,276.5481,274.1774,271.594,269.0226,266.4602,263.9038,261.3501,258.7957,256.2366,253.6687,251.087,248.4857,245.8577,243.1942,240.4828,237.7051,234.8289
357.0,276.4006,277.0824,277.7948,278.5408,279.3164,280.1223,280.9644,281.8477,282.774,283.7421,284.7473,285.7776,286.82,287.8627,288.8955,289.9098,290.8984,291.8557,292.7773,293.6595,294.4997,295.296,296.0471,296.7522,297.4109,298.0234,298.5898,299.1105,299.5863,300.0178,300.4058,300.7511,301.0544,301.3166,301.5383,301.7204,301.8633,301.9678,302.0342,302.063,302.0547,302.0096,301.9279,301.8099,301.6558,301.4656,301.2395,300.9774,300.6793,300.3452,299.9747,299.5676,299.1235,298.642,298.1223,297.5637,296.9649,296.3247,295.6413,294.9125,294.1356,293.3071,292.4229,291.4777,290.4654,289.3781,288.2066,286.94,285.5653,284.0677,282.4306,280.6362,278.6668,276.5062,274.1431,271.5735,269.0153,266.4656,263.9214,261.3794,258.836,256.2874,253.7293,251.1567,248.5636,245.9431,243.2857,240.5788,237.8031,234.9239
358.0,276.3221,277.0275,277.756,278.5156,279.3029,280.1185,280.9683,281.8574,282.7879,283.7587,284.765,285.7954,286.8373,287.8792,288.9109,289.9239,290.9113,291.8675,292.7879,293.6691,294.5083,295.3038,296.0541,296.7586,297.4169,298.029,298.5951,299.1157,299.5914,300.0229,300.411,300.7563,301.0598,301.3221,301.5441,301.7263,301.8694,301.9739,302.0405,302.0695,302.0613,302.0162,301.9346,301.8167,301.6626,301.4724,301.2463,300.9843,300.6862,300.3519,299.9813,299.5741,299.1298,298.648,298.128,297.5688,296.9694,296.3283,295.6439,294.9137,294.1351,293.3047,292.418,291.47,290.4543,289.3632,288.1874,286.916,285.5363,284.0339,282.3926,280.5955,278.6257,276.4683,274.1132,271.5577,269.013,266.4763,263.9446,261.4144,258.8823,256.3445,253.7964,251.2332,248.6487,246.0358,243.3849,240.683,237.9099,235.0285
359.0,276.2415,276.9703,277.7152,278.4884,279.2875,280.1128,280.9705,281.8656,282.8004,283.7738,284.7813,285.8119,286.8534,287.8945,288.9252,289.9371,290.9233,291.8783,292.7976,293.6777,294.5161,295.3107,296.0604,296.7643,297.4222,298.0339,298.5998,299.1202,299.5959,300.0274,300.4156,300.7611,301.0647,301.3273,301.5494,301.7318,301.8751,301.9798,302.0465,302.0757,302.0676,302.0227,301.9412,301.8234,301.6694,301.4793,301.2533,300.9912,300.6932,300.3589,299.9882,299.5809,299.1365,298.6544,298.134,297.5744,296.9743,296.3325,295.647,294.9155,294.1354,293.3029,292.4139,291.4631,290.4441,289.3492,288.1692,286.8933,285.5089,284.002,282.357,280.5577,278.588,276.4343,274.0877,271.5465,269.0156,266.4922,263.9731,261.4551,258.9346,256.4077,253.87,251.3164,248.7409,246.1359,243.4919,240.7954,238.0255,235.143
360.0,276.1589,276.911,277.6723,278.4592,279.2702,280.1054,280.9709,281.8721,282.8112,283.7874,284.7963,285.8272,286.8683,287.9086,288.9383,289.9491,290.9342,291.8881,292.8063,293.6855,294.523,295.3169,296.0659,296.7693,297.4267,298.0381,298.6038,299.1241,299.5998,300.0314,300.4197,300.7654,301.0692,301.3319,301.5543,301.7369,301.8804,301.9854,302.0524,302.0817,302.0738,302.0291,301.9478,301.8301,301.6762,301.4863,301.2603,300.9984,300.7003,300.3661,299.9954,299.588,299.1434,298.6612,298.1405,297.5804,296.9798,296.3371,295.6506,294.918,294.1362,293.3018,292.4105,291.457,290.4348,289.3362,288.1521,286.8719,285.4832,283.9722,282.3239,280.5227,278.5537,276.4042,274.0664,271.5398,269.0229,266.513,264.0069,261.5013,258.9926,256.477,253.9499,251.4063,248.84,246.2434,243.6066,240.916,238.15,235.2675
361.0,276.0744,276.8496,277.6273,278.4281,279.251,280.0961,280.9696,281.877,282.8206,283.7996,284.8098,285.8411,286.882,287.9216,288.9503,289.9601,290.9441,291.8969,292.8141,293.6924,294.529,295.3221,296.0705,296.7734,297.4305,298.0416,298.6071,299.1274,299.603,300.0348,300.4232,300.7691,301.0732,301.3362,301.5588,301.7417,301.8855,301.9908,302.058,302.0875,302.0799,302.0354,301.9543,301.8368,301.6831,301.4933,301.2675,301.0056,300.7077,300.3735,300.0029,299.5954,299.1508,298.6683,298.1473,297.5869,296.9857,296.3423,295.6549,294.9209,294.1377,293.3014,292.4079,291.4516,290.4263,289.3242,288.1362,286.8519,285.459,283.9443,282.2931,280.4906,278.5228,276.378,274.0494,271.5375,269.0349,266.5387,264.0458,261.5529,259.0563,256.5523,254.0361,251.5028,248.946,246.3581,243.729,241.0448,238.2833,235.4021
362.0,275.988,276.7861,277.5803,278.395,279.2299,280.085,280.9667,281.8802,282.8284,283.8104,284.8221,285.8538,286.8944,287.9333,288.9612,289.97,290.953,291.9047,292.821,293.6983,294.5341,295.3266,296.0744,296.7768,297.4335,298.0444,298.6097,299.1299,299.6057,300.0375,300.4262,300.7723,301.0767,301.34,301.5629,301.7461,301.8902,301.9958,302.0633,302.0931,302.0858,302.0415,301.9606,301.8434,301.6899,301.5003,301.2747,301.013,300.7152,300.3811,300.0106,299.6031,299.1584,298.6758,298.1546,297.5938,296.9921,296.348,295.6596,294.9245,294.1398,293.3017,292.4059,291.4471,290.4187,289.3132,288.1215,286.8332,285.4365,283.9183,282.2647,280.4614,278.4952,276.3555,274.0365,271.5396,269.0515,266.5693,264.0898,261.6098,259.1257,256.6334,254.1285,251.6057,249.0588,246.48,243.8591,241.1818,238.4256,235.5468
363.0,275.8998,276.7207,277.5313,278.3599,279.2069,280.0722,280.962,281.8819,282.8347,283.8197,284.8329,285.8651,286.9056,287.944,288.971,289.9788,290.9608,291.9116,292.8269,293.7034,294.5384,295.3302,296.0774,296.7794,297.4358,298.0464,298.6116,299.1319,299.6077,300.0397,300.4286,300.775,301.0797,301.3433,301.5666,301.7502,301.8946,302.0005,302.0683,302.0985,302.0915,302.0475,301.9669,301.8499,301.6967,301.5074,301.282,301.0205,300.7229,300.389,300.0185,299.6111,299.1664,298.6837,298.1623,297.6011,296.9989,296.3542,295.6649,294.9287,294.1425,293.3026,292.4047,291.4433,290.412,289.3032,288.108,286.816,285.4157,283.8945,282.2387,280.4351,278.471,276.3367,274.0276,271.5459,269.0726,266.6046,264.1388,261.672,259.2005,256.7203,254.227,251.7151,249.1784,246.6091,243.9968,241.327,238.5768,235.7016
364.0,275.81,276.6532,277.4803,278.3229,279.1821,280.0576,280.9556,281.882,282.8395,283.8276,284.8424,285.8752,286.9156,287.9534,288.9797,289.9866,290.9676,291.9175,292.8319,293.7075,294.5418,295.3329,296.0797,296.7812,297.4373,298.0477,298.6129,299.1331,299.609,300.0413,300.4304,300.7771,301.0822,301.3462,301.5698,301.7538,301.8986,302.0049,302.0731,302.1037,302.097,302.0534,301.9731,301.8564,301.7035,301.5145,301.2894,301.0281,300.7307,300.397,300.0266,299.6193,299.1746,298.6919,298.1703,297.6089,297.0063,296.3609,295.6708,294.9334,294.1458,293.3042,292.4042,291.4403,290.4062,289.2943,288.0956,286.8002,285.3966,283.8726,282.2152,280.4115,278.4499,276.3216,274.0227,271.5565,269.0981,266.6445,264.1927,261.7393,259.2807,256.813,254.3314,251.8308,249.3047,246.7453,244.142,241.4803,238.7369,235.8664
365.0,275.7186,276.5839,277.4274,278.2841,279.1555,280.0412,280.9476,281.8804,282.8427,283.8341,284.8506,285.884,286.9243,287.9617,288.9872,289.9933,290.9734,291.9224,292.8359,293.7107,294.5443,295.3348,296.081,296.7822,297.438,298.0483,298.6134,299.1337,299.6097,300.0422,300.4316,300.7787,301.0841,301.3486,301.5726,301.757,301.9023,302.009,302.0776,302.1086,302.1023,302.0591,301.9792,301.8629,301.7103,301.5216,301.2968,301.0358,300.7387,300.4052,300.035,299.6279,299.1832,298.7004,298.1787,297.617,297.014,296.368,295.6771,294.9387,294.1497,293.3065,292.4044,291.4382,290.4013,289.2864,288.0845,286.7858,285.3792,283.8528,282.1941,280.3908,278.4322,276.3101,274.0217,271.5711,269.1279,266.689,264.2513,261.8117,259.3663,256.9112,254.4418,251.9528,249.4377,246.8885,244.2948,241.6417,238.9059,236.0413
